Employee_ID,Ano,Regiao,UF,Cargo,Area_Tech,Senioridade,Ordem_Senioridade,Genero,Anos_Experiencia,Salario_Mensal_BRL,Formato_Trabalho
TECH_00001,2022,Sul,SC,Analista de Dados / BI,Data & AI,Pleno,2,Masculino,2.8,11197,Remoto
TECH_00002,2023,Sudeste,SP,Engenheira(o) de Software,Software Engineering,Lead / Staff Specialist,4,Masculino,7.7,26621,Remoto
TECH_00003,2022,Nordeste,CE,Engenheira(o) de Software,Software Engineering,Junior,1,Masculino,3.0,5144,Hibrido
TECH_00004,2023,Sudeste,SP,DevOps & Cloud Specialist,Cloud & Infrastructure,Diretoria / C-Level,5,Masculino,14.0,44339,Remoto
TECH_00005,2021,Sudeste,MG,Tech Lead / Engineering Manager,Leadership & Management,Pleno,2,Masculino,3.0,8791,Remoto
TECH_00006,2021,Nordeste,BA,Cientista de Dados,Data & AI,Pleno,2,Masculino,4.2,9186,Remoto
TECH_00007,2021,Sul,SC,Engenheira(o) de Dados,Data & AI,Junior,1,Masculino,4.7,3933,Remoto
TECH_00008,2022,Nordeste,CE,Cientista de Dados,Data & AI,Senior,3,Masculino,7.5,15177,Hibrido
TECH_00009,2022,Nordeste,CE,Engenheira(o) de Software,Software Engineering,Pleno,2,Feminino,6.5,7681,Remoto
TECH_00010,2023,Norte,AM,Cientista de Dados,Data & AI,Pleno,2,Masculino,2.5,10815,Remoto
TECH_00011,2021,Sudeste,RJ,Analista de Dados / BI,Data & AI,Junior,1,Masculino,0.5,5348,Remoto
TECH_00012,2021,Nordeste,CE,Engenheira(o) de Dados,Data & AI,Junior,1,Masculino,0.9,4782,Presencial
TECH_00013,2024,Sul,SC,Especialista em Ciberseguranca,Security,Junior,1,Masculino,4.7,6205,Remoto
TECH_00014,2023,Centro-Oeste,DF,Cientista de Dados,Data & AI,Senior,3,Masculino,4.9,15315,Hibrido
TECH_00015,2023,Nordeste,CE,Tech Lead / Engineering Manager,Leadership & Management,Diretoria / C-Level,5,Feminino,12.8,30677,Remoto
TECH_00016,2022,Sudeste,MG,Product Manager (PM),Product & Agile,Junior,1,Masculino,4.2,5322,Hibrido
TECH_00017,2024,Sudeste,MG,Tech Lead / Engineering Manager,Leadership & Management,Pleno,2,Masculino,5.5,9293,Remoto
TECH_00018,2021,Centro-Oeste,GO,Tech Lead / Engineering Manager,Leadership & Management,Senior,3,Masculino,6.8,17016,Remoto
TECH_00019,2024,Sudeste,RJ,Especialista em Ciberseguranca,Security,Junior,1,Masculino,1.6,5587,Presencial
TECH_00020,2021,Norte,PA,Product Manager (PM),Product & Agile,Junior,1,Feminino,3.2,4401,Hibrido
TECH_00021,2021,Sudeste,SP,Tech Lead / Engineering Manager,Leadership & Management,Junior,1,Feminino,2.5,4150,Presencial
TECH_00022,2023,Centro-Oeste,DF,Especialista em Ciberseguranca,Security,Pleno,2,Masculino,4.1,10327,Hibrido
TECH_00023,2022,Sul,SC,Especialista em Ciberseguranca,Security,Lead / Staff Specialist,4,Masculino,13.1,21234,Hibrido
TECH_00024,2021,Sul,SC,Cientista de Dados,Data & AI,Senior,3,Masculino,7.8,18760,Remoto
TECH_00025,2021,Nordeste,PE,Engenheira(o) de Dados,Data & AI,Pleno,2,Masculino,4.4,8328,Remoto
TECH_00026,2024,Sudeste,MG,Engenheira(o) de Software,Software Engineering,Pleno,2,Feminino,5.1,8455,Remoto
TECH_00027,2024,Sudeste,SP,Engenheira(o) de Dados,Data & AI,Senior,3,Masculino,7.2,17956,Remoto
TECH_00028,2024,Sudeste,RJ,Especialista em Ciberseguranca,Security,Lead / Staff Specialist,4,Masculino,11.2,26679,Hibrido
TECH_00029,2021,Sudeste,SP,Engenheira(o) de Software,Software Engineering,Lead / Staff Specialist,4,Masculino,9.5,23944,Remoto
TECH_00030,2024,Sudeste,MG,Engenheira(o) de Software,Software Engineering,Senior,3,Masculino,7.3,16080,Hibrido
TECH_00031,2024,Sudeste,RJ,Tech Lead / Engineering Manager,Leadership & Management,Pleno,2,Masculino,2.8,10789,Hibrido
TECH_00032,2024,Sudeste,MG,Engenheira(o) de Software,Software Engineering,Junior,1,Masculino,3.4,5311,Remoto
TECH_00033,2024,Nordeste,PE,Engenheira(o) de Software,Software Engineering,Senior,3,Masculino,7.4,18625,Presencial
TECH_00034,2021,Nordeste,PE,Engenheira(o) de Dados,Data & AI,Junior,1,Masculino,4.5,4323,Remoto
TECH_00035,2021,Sul,PR,Product Manager (PM),Product & Agile,Senior,3,Masculino,7.9,15452,Remoto
TECH_00036,2024,Nordeste,BA,Engenheira(o) de Dados,Data & AI,Lead / Staff Specialist,4,Feminino,9.5,24701,Presencial
TECH_00037,2022,Nordeste,BA,Engenheira(o) de Dados,Data & AI,Junior,1,Masculino,1.2,5884,Remoto
TECH_00038,2022,Sudeste,MG,Product Manager (PM),Product & Agile,Junior,1,Masculino,1.2,5185,Remoto
TECH_00039,2021,Sudeste,SP,Especialista em Ciberseguranca,Security,Pleno,2,Masculino,5.2,7956,Presencial
TECH_00040,2024,Sudeste,MG,Tech Lead / Engineering Manager,Leadership & Management,Senior,3,Masculino,4.8,17647,Remoto
TECH_00041,2021,Sudeste,RJ,Cientista de Dados,Data & AI,Pleno,2,Masculino,3.2,9162,Presencial
TECH_00042,2024,Nordeste,PE,Analista de Dados / BI,Data & AI,Diretoria / C-Level,5,Masculino,12.5,42076,Remoto
TECH_00043,2021,Sul,SC,Analista de Dados / BI,Data & AI,Pleno,2,Feminino,4.6,8710,Remoto
TECH_00044,2023,Sudeste,SP,Especialista em Ciberseguranca,Security,Lead / Staff Specialist,4,Masculino,11.7,25564,Hibrido
TECH_00045,2021,Sudeste,SP,Engenheira(o) de Dados,Data & AI,Pleno,2,Masculino,2.1,9369,Remoto
TECH_00046,2023,Sudeste,RJ,Product Manager (PM),Product & Agile,Senior,3,Masculino,4.8,21313,Remoto
TECH_00047,2022,Sudeste,SP,Analista de Dados / BI,Data & AI,Senior,3,Feminino,7.5,14871,Remoto
TECH_00048,2023,Sudeste,MG,Engenheira(o) de Dados,Data & AI,Diretoria / C-Level,5,Masculino,14.1,43972,Remoto
TECH_00049,2023,Sul,RS,Product Manager (PM),Product & Agile,Pleno,2,Masculino,4.7,9705,Presencial
TECH_00050,2024,Norte,PA,Tech Lead / Engineering Manager,Leadership & Management,Diretoria / C-Level,5,Masculino,13.9,39264,Hibrido
TECH_00051,2022,Sul,RS,Engenheira(o) de Software,Software Engineering,Junior,1,Masculino,1.5,5882,Remoto
TECH_00052,2021,Sudeste,RJ,Especialista em Ciberseguranca,Security,Pleno,2,Masculino,5.1,8784,Hibrido
TECH_00053,2021,Sudeste,SP,DevOps & Cloud Specialist,Cloud & Infrastructure,Pleno,2,Masculino,3.6,8604,Remoto
TECH_00054,2024,Norte,AM,Engenheira(o) de Software,Software Engineering,Senior,3,Masculino,9.2,18300,Presencial
TECH_00055,2024,Sul,SC,Engenheira(o) de Software,Software Engineering,Senior,3,Masculino,5.1,21207,Hibrido
TECH_00056,2022,Sudeste,SP,Engenheira(o) de Dados,Data & AI,Junior,1,Masculino,1.0,5437,Presencial
TECH_00057,2023,Sudeste,MG,DevOps & Cloud Specialist,Cloud & Infrastructure,Pleno,2,Masculino,2.9,8933,Hibrido
TECH_00058,2024,Centro-Oeste,DF,Product Manager (PM),Product & Agile,Senior,3,Masculino,5.8,19446,Hibrido
TECH_00059,2022,Sudeste,MG,Product Manager (PM),Product & Agile,Junior,1,Feminino,0.5,4747,Hibrido
TECH_00060,2024,Sudeste,RJ,DevOps & Cloud Specialist,Cloud & Infrastructure,Senior,3,Masculino,5.4,20092,Remoto
TECH_00061,2021,Sudeste,RJ,Engenheira(o) de Software,Software Engineering,Junior,1,Masculino,0.7,4816,Presencial
TECH_00062,2022,Sudeste,SP,Engenheira(o) de Dados,Data & AI,Junior,1,Feminino,2.3,4181,Hibrido
TECH_00063,2024,Sudeste,RJ,Product Manager (PM),Product & Agile,Junior,1,Masculino,0.9,5925,Remoto
TECH_00064,2024,Nordeste,CE,Tech Lead / Engineering Manager,Leadership & Management,Senior,3,Masculino,9.6,21375,Remoto
TECH_00065,2023,Nordeste,CE,Cientista de Dados,Data & AI,Senior,3,Masculino,8.3,15702,Remoto
TECH_00066,2024,Nordeste,PE,Engenheira(o) de Software,Software Engineering,Pleno,2,Masculino,4.7,10657,Hibrido
TECH_00067,2023,Nordeste,CE,Product Manager (PM),Product & Agile,Lead / Staff Specialist,4,Masculino,11.3,26846,Remoto
TECH_00068,2024,Sudeste,SP,Product Manager (PM),Product & Agile,Junior,1,Masculino,2.0,6105,Hibrido
TECH_00069,2023,Norte,PA,Engenheira(o) de Software,Software Engineering,Pleno,2,Feminino,4.8,9524,Remoto
TECH_00070,2021,Nordeste,PE,Cientista de Dados,Data & AI,Pleno,2,Masculino,4.2,8373,Remoto
TECH_00071,2024,Sul,RS,DevOps & Cloud Specialist,Cloud & Infrastructure,Pleno,2,Masculino,3.7,11148,Hibrido
TECH_00072,2023,Sudeste,MG,Analista de Dados / BI,Data & AI,Senior,3,Masculino,6.2,16609,Hibrido
TECH_00073,2023,Nordeste,CE,Product Manager (PM),Product & Agile,Pleno,2,Masculino,4.1,9644,Remoto
TECH_00074,2022,Sudeste,SP,Product Manager (PM),Product & Agile,Junior,1,Masculino,0.7,5010,Hibrido
TECH_00075,2022,Sudeste,MG,Product Manager (PM),Product & Agile,Junior,1,Feminino,2.1,4599,Hibrido
TECH_00076,2023,Sul,SC,Especialista em Ciberseguranca,Security,Pleno,2,Masculino,3.6,9759,Remoto
TECH_00077,2023,Norte,AM,Product Manager (PM),Product & Agile,Pleno,2,Feminino,5.8,8359,Hibrido
TECH_00078,2023,Sudeste,MG,Analista de Dados / BI,Data & AI,Pleno,2,Masculino,4.9,11710,Remoto
TECH_00079,2023,Sudeste,MG,Especialista em Ciberseguranca,Security,Junior,1,Masculino,1.4,4987,Hibrido
TECH_00080,2023,Sudeste,RJ,Product Manager (PM),Product & Agile,Pleno,2,Masculino,5.2,8236,Remoto
TECH_00081,2023,Sul,RS,Engenheira(o) de Dados,Data & AI,Junior,1,Feminino,4.1,4494,Remoto
TECH_00082,2024,Sudeste,RJ,Engenheira(o) de Dados,Data & AI,Senior,3,Masculino,7.2,19385,Hibrido
TECH_00083,2022,Sudeste,SP,Cientista de Dados,Data & AI,Pleno,2,Masculino,4.7,8757,Presencial
TECH_00084,2021,Sudeste,RJ,Cientista de Dados,Data & AI,Junior,1,Masculino,1.3,5196,Remoto
TECH_00085,2023,Nordeste,PE,Analista de Dados / BI,Data & AI,Pleno,2,Masculino,2.4,11014,Hibrido
TECH_00086,2021,Sudeste,MG,Especialista em Ciberseguranca,Security,Senior,3,Feminino,6.6,12942,Remoto
TECH_00087,2022,Sudeste,SP,Cientista de Dados,Data & AI,Senior,3,Masculino,6.8,17908,Presencial
TECH_00088,2024,Nordeste,CE,Engenheira(o) de Dados,Data & AI,Lead / Staff Specialist,4,Masculino,11.1,23780,Hibrido
TECH_00089,2024,Sul,RS,Product Manager (PM),Product & Agile,Pleno,2,Masculino,5.3,13422,Remoto
TECH_00090,2022,Centro-Oeste,DF,Cientista de Dados,Data & AI,Senior,3,Masculino,5.9,18701,Hibrido
TECH_00091,2023,Sudeste,MG,DevOps & Cloud Specialist,Cloud & Infrastructure,Senior,3,Masculino,9.3,18480,Hibrido
TECH_00092,2022,Sul,RS,DevOps & Cloud Specialist,Cloud & Infrastructure,Pleno,2,Feminino,3.2,7694,Hibrido
TECH_00093,2021,Sudeste,RJ,Product Manager (PM),Product & Agile,Junior,1,Masculino,2.5,5259,Hibrido
TECH_00094,2023,Nordeste,BA,Engenheira(o) de Dados,Data & AI,Lead / Staff Specialist,4,Masculino,8.6,26670,Hibrido
TECH_00095,2021,Centro-Oeste,DF,Especialista em Ciberseguranca,Security,Junior,1,Masculino,2.2,5391,Remoto
TECH_00096,2022,Sudeste,SP,DevOps & Cloud Specialist,Cloud & Infrastructure,Lead / Staff Specialist,4,Feminino,9.9,21896,Remoto
TECH_00097,2024,Centro-Oeste,GO,Especialista em Ciberseguranca,Security,Pleno,2,Masculino,1.2,9699,Hibrido
TECH_00098,2022,Sul,PR,Engenheira(o) de Software,Software Engineering,Senior,3,Masculino,9.3,17771,Remoto
TECH_00099,2023,Sudeste,RJ,Analista de Dados / BI,Data & AI,Senior,3,Masculino,7.9,16851,Hibrido
TECH_00100,2021,Sudeste,MG,Product Manager (PM),Product & Agile,Junior,1,Feminino,0.5,3914,Hibrido
TECH_00101,2023,Norte,PA,Especialista em Ciberseguranca,Security,Senior,3,Masculino,6.5,21658,Hibrido
TECH_00102,2022,Sudeste,SP,Product Manager (PM),Product & Agile,Pleno,2,Feminino,4.2,8601,Remoto
TECH_00103,2024,Sudeste,RJ,Engenheira(o) de Software,Software Engineering,Junior,1,Masculino,1.3,5764,Remoto
TECH_00104,2023,Sudeste,SP,Analista de Dados / BI,Data & AI,Junior,1,Masculino,3.9,5891,Hibrido
TECH_00105,2022,Sudeste,SP,Tech Lead / Engineering Manager,Leadership & Management,Senior,3,Masculino,7.2,18078,Remoto
TECH_00106,2022,Sul,PR,Analista de Dados / BI,Data & AI,Senior,3,Masculino,7.1,17471,Remoto
TECH_00107,2023,Sudeste,RJ,Tech Lead / Engineering Manager,Leadership & Management,Junior,1,Masculino,2.2,4973,Hibrido
TECH_00108,2023,Norte,AM,Cientista de Dados,Data & AI,Pleno,2,Masculino,3.9,9715,Remoto
TECH_00109,2024,Sul,RS,Product Manager (PM),Product & Agile,Pleno,2,Masculino,3.8,10426,Presencial
TECH_00110,2022,Nordeste,BA,Engenheira(o) de Software,Software Engineering,Junior,1,Masculino,1.8,5857,Remoto
TECH_00111,2024,Sul,PR,Tech Lead / Engineering Manager,Leadership & Management,Senior,3,Masculino,6.1,19581,Hibrido
TECH_00112,2023,Nordeste,CE,Engenheira(o) de Dados,Data & AI,Junior,1,Masculino,1.9,5493,Hibrido
TECH_00113,2023,Sul,SC,DevOps & Cloud Specialist,Cloud & Infrastructure,Pleno,2,Masculino,3.1,8552,Hibrido
TECH_00114,2022,Sul,PR,Tech Lead / Engineering Manager,Leadership & Management,Pleno,2,Masculino,4.5,10391,Hibrido
TECH_00115,2023,Sul,SC,Engenheira(o) de Dados,Data & AI,Pleno,2,Masculino,3.9,10863,Remoto
TECH_00116,2023,Sul,RS,Product Manager (PM),Product & Agile,Junior,1,Masculino,1.3,6069,Remoto
TECH_00117,2023,Nordeste,PE,Especialista em Ciberseguranca,Security,Senior,3,Masculino,7.9,18428,Hibrido
TECH_00118,2024,Nordeste,BA,Engenheira(o) de Dados,Data & AI,Junior,1,Masculino,0.8,4778,Hibrido
TECH_00119,2024,Sul,SC,Cientista de Dados,Data & AI,Senior,3,Masculino,7.6,16683,Hibrido
TECH_00120,2023,Sul,SC,Cientista de Dados,Data & AI,Senior,3,Masculino,10.4,16306,Remoto
TECH_00121,2022,Norte,PA,Analista de Dados / BI,Data & AI,Senior,3,Masculino,6.3,19437,Remoto
TECH_00122,2023,Sudeste,MG,Tech Lead / Engineering Manager,Leadership & Management,Pleno,2,Masculino,3.2,10129,Hibrido
TECH_00123,2024,Sul,PR,Analista de Dados / BI,Data & AI,Pleno,2,Masculino,3.6,11896,Remoto
TECH_00124,2023,Sul,PR,Analista de Dados / BI,Data & AI,Pleno,2,Masculino,3.9,11462,Presencial
TECH_00125,2023,Norte,PA,Cientista de Dados,Data & AI,Pleno,2,Masculino,3.4,10462,Hibrido
TECH_00126,2024,Sudeste,RJ,Analista de Dados / BI,Data & AI,Senior,3,Masculino,5.9,18712,Remoto
TECH_00127,2023,Sudeste,RJ,Product Manager (PM),Product & Agile,Junior,1,Masculino,0.5,4273,Hibrido
TECH_00128,2024,Sul,SC,Product Manager (PM),Product & Agile,Lead / Staff Specialist,4,Masculino,11.0,29965,Remoto
TECH_00129,2024,Sudeste,MG,Product Manager (PM),Product & Agile,Senior,3,Feminino,7.7,16128,Hibrido
TECH_00130,2022,Sul,RS,Especialista em Ciberseguranca,Security,Pleno,2,Masculino,2.8,11207,Hibrido
TECH_00131,2024,Sudeste,MG,Engenheira(o) de Dados,Data & AI,Junior,1,Masculino,3.5,6461,Presencial
TECH_00132,2024,Sudeste,MG,DevOps & Cloud Specialist,Cloud & Infrastructure,Diretoria / C-Level,5,Masculino,13.8,41492,Remoto
TECH_00133,2022,Sudeste,RJ,Product Manager (PM),Product & Agile,Lead / Staff Specialist,4,Feminino,12.0,15458,Presencial
TECH_00134,2022,Sudeste,MG,Tech Lead / Engineering Manager,Leadership & Management,Junior,1,Masculino,1.0,5642,Remoto
TECH_00135,2022,Norte,AM,Product Manager (PM),Product & Agile,Lead / Staff Specialist,4,Masculino,9.9,23701,Hibrido
TECH_00136,2024,Sul,SC,DevOps & Cloud Specialist,Cloud & Infrastructure,Pleno,2,Masculino,2.7,9633,Remoto
TECH_00137,2022,Centro-Oeste,DF,Especialista em Ciberseguranca,Security,Diretoria / C-Level,5,Masculino,12.8,44239,Remoto
TECH_00138,2022,Sudeste,RJ,Analista de Dados / BI,Data & AI,Diretoria / C-Level,5,Masculino,14.2,36094,Hibrido
TECH_00139,2024,Sudeste,SP,Cientista de Dados,Data & AI,Pleno,2,Masculino,6.2,11493,Hibrido
TECH_00140,2021,Nordeste,CE,Especialista em Ciberseguranca,Security,Pleno,2,Masculino,3.7,8924,Presencial
TECH_00141,2022,Sul,PR,Engenheira(o) de Dados,Data & AI,Pleno,2,Masculino,4.4,8272,Remoto
TECH_00142,2023,Sudeste,RJ,Tech Lead / Engineering Manager,Leadership & Management,Junior,1,Feminino,0.8,4688,Hibrido
TECH_00143,2022,Centro-Oeste,GO,Especialista em Ciberseguranca,Security,Pleno,2,Feminino,5.5,7987,Remoto
TECH_00144,2021,Sul,RS,DevOps & Cloud Specialist,Cloud & Infrastructure,Senior,3,Masculino,6.2,17624,Remoto
TECH_00145,2024,Sudeste,RJ,Engenheira(o) de Dados,Data & AI,Junior,1,Masculino,2.1,6360,Hibrido
TECH_00146,2022,Sudeste,MG,DevOps & Cloud Specialist,Cloud & Infrastructure,Junior,1,Masculino,0.5,4748,Remoto
TECH_00147,2024,Sudeste,SP,Engenheira(o) de Dados,Data & AI,Senior,3,Masculino,4.2,18497,Hibrido
TECH_00148,2024,Nordeste,BA,Product Manager (PM),Product & Agile,Senior,3,Masculino,7.7,15321,Hibrido
TECH_00149,2024,Sul,RS,DevOps & Cloud Specialist,Cloud & Infrastructure,Junior,1,Feminino,0.5,5997,Hibrido
TECH_00150,2022,Sudeste,RJ,Tech Lead / Engineering Manager,Leadership & Management,Junior,1,Feminino,0.8,4802,Hibrido
TECH_00151,2022,Sudeste,SP,Analista de Dados / BI,Data & AI,Senior,3,Masculino,6.9,18116,Hibrido
TECH_00152,2022,Sul,PR,Tech Lead / Engineering Manager,Leadership & Management,Lead / Staff Specialist,4,Masculino,10.6,27539,Hibrido
TECH_00153,2022,Sudeste,SP,DevOps & Cloud Specialist,Cloud & Infrastructure,Diretoria / C-Level,5,Masculino,13.9,41144,Hibrido
TECH_00154,2023,Sudeste,RJ,Product Manager (PM),Product & Agile,Lead / Staff Specialist,4,Masculino,9.4,28220,Remoto
TECH_00155,2024,Sudeste,SP,Engenheira(o) de Software,Software Engineering,Junior,1,Masculino,0.7,6163,Remoto
TECH_00156,2022,Nordeste,PE,Cientista de Dados,Data & AI,Diretoria / C-Level,5,Masculino,12.3,39404,Remoto
TECH_00157,2022,Nordeste,CE,Tech Lead / Engineering Manager,Leadership & Management,Junior,1,Masculino,1.8,5456,Remoto
TECH_00158,2022,Sudeste,MG,Cientista de Dados,Data & AI,Lead / Staff Specialist,4,Masculino,11.8,24101,Remoto
TECH_00159,2024,Nordeste,PE,Engenheira(o) de Dados,Data & AI,Senior,3,Masculino,6.7,18843,Remoto
TECH_00160,2024,Norte,PA,Engenheira(o) de Software,Software Engineering,Senior,3,Masculino,7.4,16934,Remoto
TECH_00161,2023,Norte,AM,Engenheira(o) de Dados,Data & AI,Senior,3,Masculino,5.3,21018,Remoto
TECH_00162,2021,Sudeste,MG,Engenheira(o) de Dados,Data & AI,Pleno,2,Feminino,4.1,8665,Hibrido
TECH_00163,2023,Sul,PR,Tech Lead / Engineering Manager,Leadership & Management,Senior,3,Masculino,7.7,16794,Remoto
TECH_00164,2021,Norte,PA,DevOps & Cloud Specialist,Cloud & Infrastructure,Junior,1,Masculino,2.0,5798,Remoto
TECH_00165,2022,Sul,RS,Tech Lead / Engineering Manager,Leadership & Management,Lead / Staff Specialist,4,Masculino,10.4,25478,Remoto
TECH_00166,2021,Sudeste,SP,Especialista em Ciberseguranca,Security,Junior,1,Masculino,0.5,4906,Hibrido
TECH_00167,2024,Nordeste,PE,Product Manager (PM),Product & Agile,Lead / Staff Specialist,4,Masculino,9.1,27675,Hibrido
TECH_00168,2022,Centro-Oeste,DF,Product Manager (PM),Product & Agile,Junior,1,Feminino,3.3,4847,Hibrido
TECH_00169,2022,Sudeste,RJ,DevOps & Cloud Specialist,Cloud & Infrastructure,Lead / Staff Specialist,4,Masculino,9.9,24463,Remoto
TECH_00170,2023,Sudeste,RJ,Cientista de Dados,Data & AI,Junior,1,Masculino,1.0,5671,Remoto
TECH_00171,2023,Nordeste,CE,Engenheira(o) de Dados,Data & AI,Senior,3,Masculino,8.4,16462,Presencial
TECH_00172,2021,Sudeste,SP,Engenheira(o) de Software,Software Engineering,Lead / Staff Specialist,4,Masculino,12.4,22179,Remoto
TECH_00173,2023,Sudeste,MG,Especialista em Ciberseguranca,Security,Junior,1,Masculino,1.0,5086,Remoto
TECH_00174,2024,Sudeste,MG,Analista de Dados / BI,Data & AI,Junior,1,Masculino,0.5,5288,Remoto
TECH_00175,2022,Sudeste,RJ,Cientista de Dados,Data & AI,Junior,1,Masculino,0.5,4011,Hibrido
TECH_00176,2023,Sudeste,RJ,DevOps & Cloud Specialist,Cloud & Infrastructure,Pleno,2,Masculino,3.8,10623,Hibrido
TECH_00177,2023,Sul,PR,Cientista de Dados,Data & AI,Pleno,2,Masculino,3.9,10736,Hibrido
TECH_00178,2022,Sul,SC,Analista de Dados / BI,Data & AI,Lead / Staff Specialist,4,Masculino,9.7,26465,Presencial
TECH_00179,2021,Sul,RS,Product Manager (PM),Product & Agile,Senior,3,Feminino,5.9,14510,Remoto
TECH_00180,2023,Sudeste,RJ,DevOps & Cloud Specialist,Cloud & Infrastructure,Pleno,2,Masculino,4.8,11197,Hibrido
TECH_00181,2022,Nordeste,BA,Product Manager (PM),Product & Agile,Junior,1,Masculino,1.5,5056,Hibrido
TECH_00182,2024,Sudeste,SP,Tech Lead / Engineering Manager,Leadership & Management,Junior,1,Feminino,1.0,4542,Remoto
TECH_00183,2024,Nordeste,PE,Engenheira(o) de Software,Software Engineering,Senior,3,Masculino,7.6,18489,Remoto
TECH_00184,2024,Sul,RS,Analista de Dados / BI,Data & AI,Senior,3,Masculino,7.2,20988,Remoto
TECH_00185,2021,Sudeste,RJ,Analista de Dados / BI,Data & AI,Senior,3,Masculino,8.3,15594,Presencial
TECH_00186,2021,Sudeste,SP,Especialista em Ciberseguranca,Security,Lead / Staff Specialist,4,Feminino,11.3,17581,Remoto
TECH_00187,2023,Sudeste,MG,Especialista em Ciberseguranca,Security,Pleno,2,Masculino,4.3,9081,Hibrido
TECH_00188,2024,Sudeste,SP,Product Manager (PM),Product & Agile,Junior,1,Masculino,1.4,5613,Hibrido
TECH_00189,2023,Sudeste,RJ,DevOps & Cloud Specialist,Cloud & Infrastructure,Junior,1,Masculino,0.5,4712,Remoto
TECH_00190,2021,Sudeste,RJ,Product Manager (PM),Product & Agile,Lead / Staff Specialist,4,Masculino,10.7,20404,Remoto
TECH_00191,2021,Sul,RS,DevOps & Cloud Specialist,Cloud & Infrastructure,Junior,1,Feminino,1.8,3230,Remoto
TECH_00192,2022,Sudeste,MG,Engenheira(o) de Software,Software Engineering,Pleno,2,Masculino,2.0,7738,Hibrido
TECH_00193,2023,Sul,SC,Especialista em Ciberseguranca,Security,Lead / Staff Specialist,4,Masculino,10.8,29054,Hibrido
TECH_00194,2021,Nordeste,CE,Engenheira(o) de Software,Software Engineering,Lead / Staff Specialist,4,Masculino,9.4,21442,Hibrido
TECH_00195,2022,Centro-Oeste,GO,Analista de Dados / BI,Data & AI,Junior,1,Masculino,2.6,5317,Remoto
TECH_00196,2023,Sul,SC,Engenheira(o) de Software,Software Engineering,Senior,3,Masculino,5.5,17510,Hibrido
TECH_00197,2022,Sul,PR,DevOps & Cloud Specialist,Cloud & Infrastructure,Pleno,2,Masculino,4.9,8523,Remoto
TECH_00198,2021,Nordeste,CE,Engenheira(o) de Software,Software Engineering,Diretoria / C-Level,5,Masculino,12.1,44435,Remoto
TECH_00199,2021,Sul,PR,Cientista de Dados,Data & AI,Senior,3,Masculino,8.3,18325,Hibrido
TECH_00200,2023,Sul,PR,Product Manager (PM),Product & Agile,Pleno,2,Masculino,2.6,10635,Remoto
TECH_00201,2022,Sul,PR,Cientista de Dados,Data & AI,Junior,1,Masculino,2.6,5445,Presencial
TECH_00202,2023,Sudeste,SP,Engenheira(o) de Dados,Data & AI,Pleno,2,Masculino,5.0,9470,Remoto
TECH_00203,2024,Sudeste,MG,Product Manager (PM),Product & Agile,Pleno,2,Feminino,4.8,9565,Hibrido
TECH_00204,2021,Sudeste,MG,Engenheira(o) de Dados,Data & AI,Lead / Staff Specialist,4,Masculino,8.1,22973,Hibrido
TECH_00205,2023,Sudeste,RJ,Especialista em Ciberseguranca,Security,Lead / Staff Specialist,4,Feminino,11.2,17539,Remoto
TECH_00206,2021,Nordeste,BA,Analista de Dados / BI,Data & AI,Senior,3,Masculino,9.1,16873,Remoto
TECH_00207,2023,Norte,PA,Engenheira(o) de Software,Software Engineering,Pleno,2,Masculino,3.0,10114,Remoto
TECH_00208,2024,Sudeste,MG,Cientista de Dados,Data & AI,Pleno,2,Masculino,5.4,10818,Hibrido
TECH_00209,2023,Sudeste,MG,DevOps & Cloud Specialist,Cloud & Infrastructure,Pleno,2,Masculino,5.2,11148,Hibrido
TECH_00210,2023,Nordeste,BA,Analista de Dados / BI,Data & AI,Junior,1,Feminino,0.9,4157,Hibrido
TECH_00211,2024,Sudeste,RJ,Cientista de Dados,Data & AI,Junior,1,Masculino,2.8,6978,Remoto
TECH_00212,2021,Sudeste,MG,Especialista em Ciberseguranca,Security,Junior,1,Feminino,2.0,4328,Remoto
TECH_00213,2022,Sudeste,RJ,Engenheira(o) de Software,Software Engineering,Pleno,2,Masculino,4.4,11006,Hibrido
TECH_00214,2022,Sul,PR,Engenheira(o) de Dados,Data & AI,Junior,1,Masculino,0.5,5499,Presencial
TECH_00215,2021,Sudeste,SP,DevOps & Cloud Specialist,Cloud & Infrastructure,Senior,3,Masculino,9.0,14561,Remoto
TECH_00216,2024,Sudeste,MG,Engenheira(o) de Dados,Data & AI,Lead / Staff Specialist,4,Masculino,10.8,24483,Presencial
TECH_00217,2022,Sudeste,MG,Engenheira(o) de Software,Software Engineering,Pleno,2,Feminino,1.5,7856,Remoto
TECH_00218,2021,Centro-Oeste,DF,Product Manager (PM),Product & Agile,Pleno,2,Masculino,6.4,8483,Remoto
TECH_00219,2024,Norte,AM,Engenheira(o) de Software,Software Engineering,Lead / Staff Specialist,4,Masculino,13.4,25668,Hibrido
TECH_00220,2023,Sudeste,SP,Engenheira(o) de Dados,Data & AI,Pleno,2,Feminino,3.0,9386,Remoto
TECH_00221,2023,Sul,PR,DevOps & Cloud Specialist,Cloud & Infrastructure,Pleno,2,Masculino,4.2,11737,Remoto
TECH_00222,2023,Centro-Oeste,GO,Engenheira(o) de Dados,Data & AI,Junior,1,Feminino,1.2,4418,Hibrido
TECH_00223,2021,Centro-Oeste,GO,Tech Lead / Engineering Manager,Leadership & Management,Pleno,2,Masculino,3.9,8435,Hibrido
TECH_00224,2024,Nordeste,BA,Especialista em Ciberseguranca,Security,Lead / Staff Specialist,4,Masculino,11.2,24932,Remoto
TECH_00225,2023,Sul,RS,Product Manager (PM),Product & Agile,Lead / Staff Specialist,4,Masculino,12.2,25545,Presencial
TECH_00226,2021,Norte,PA,Engenheira(o) de Dados,Data & AI,Senior,3,Masculino,7.3,14734,Hibrido
TECH_00227,2022,Sudeste,MG,Especialista em Ciberseguranca,Security,Lead / Staff Specialist,4,Masculino,10.1,20846,Remoto
TECH_00228,2024,Nordeste,PE,Engenheira(o) de Dados,Data & AI,Pleno,2,Masculino,5.5,11087,Hibrido
TECH_00229,2024,Sul,RS,Analista de Dados / BI,Data & AI,Lead / Staff Specialist,4,Masculino,8.9,28511,Hibrido
TECH_00230,2023,Sudeste,SP,Especialista em Ciberseguranca,Security,Senior,3,Masculino,7.7,20757,Remoto
TECH_00231,2023,Sudeste,MG,Analista de Dados / BI,Data & AI,Senior,3,Masculino,5.5,21104,Hibrido
TECH_00232,2024,Centro-Oeste,GO,Especialista em Ciberseguranca,Security,Junior,1,Masculino,2.8,7222,Presencial
TECH_00233,2022,Sudeste,SP,Engenheira(o) de Software,Software Engineering,Lead / Staff Specialist,4,Masculino,7.3,27674,Remoto
TECH_00234,2023,Sudeste,SP,Engenheira(o) de Software,Software Engineering,Lead / Staff Specialist,4,Masculino,11.3,27679,Hibrido
TECH_00235,2022,Sudeste,RJ,Especialista em Ciberseguranca,Security,Senior,3,Feminino,8.7,13041,Remoto
TECH_00236,2021,Sudeste,MG,Engenheira(o) de Software,Software Engineering,Pleno,2,Feminino,2.8,7533,Remoto
TECH_00237,2024,Sul,RS,Product Manager (PM),Product & Agile,Pleno,2,Feminino,4.2,8879,Remoto
TECH_00238,2023,Sudeste,MG,Especialista em Ciberseguranca,Security,Senior,3,Masculino,9.3,20827,Hibrido
TECH_00239,2022,Sul,SC,Product Manager (PM),Product & Agile,Senior,3,Masculino,9.1,18792,Hibrido
TECH_00240,2021,Sudeste,MG,Engenheira(o) de Dados,Data & AI,Pleno,2,Masculino,4.5,9637,Hibrido
TECH_00241,2021,Sul,SC,Especialista em Ciberseguranca,Security,Pleno,2,Masculino,4.6,6906,Presencial
TECH_00242,2021,Sul,PR,Product Manager (PM),Product & Agile,Junior,1,Masculino,0.5,5703,Remoto
TECH_00243,2023,Sudeste,MG,Tech Lead / Engineering Manager,Leadership & Management,Senior,3,Masculino,8.3,18724,Remoto
TECH_00244,2022,Sul,RS,Especialista em Ciberseguranca,Security,Junior,1,Feminino,1.3,3963,Remoto
TECH_00245,2023,Sudeste,SP,DevOps & Cloud Specialist,Cloud & Infrastructure,Pleno,2,Feminino,2.7,8879,Remoto
TECH_00246,2022,Centro-Oeste,GO,Engenheira(o) de Software,Software Engineering,Senior,3,Masculino,6.5,14453,Presencial
TECH_00247,2022,Sudeste,MG,Product Manager (PM),Product & Agile,Junior,1,Feminino,0.7,4711,Remoto
TECH_00248,2024,Sudeste,SP,Analista de Dados / BI,Data & AI,Lead / Staff Specialist,4,Masculino,11.6,27641,Hibrido
TECH_00249,2024,Sudeste,RJ,Analista de Dados / BI,Data & AI,Junior,1,Masculino,1.0,5435,Hibrido
TECH_00250,2022,Sudeste,SP,Product Manager (PM),Product & Agile,Pleno,2,Feminino,3.5,8675,Hibrido
TECH_00251,2024,Nordeste,PE,Engenheira(o) de Dados,Data & AI,Junior,1,Masculino,0.5,6502,Hibrido
TECH_00252,2022,Sudeste,SP,Tech Lead / Engineering Manager,Leadership & Management,Junior,1,Masculino,2.7,5729,Hibrido
TECH_00253,2024,Nordeste,PE,DevOps & Cloud Specialist,Cloud & Infrastructure,Senior,3,Masculino,7.9,19027,Remoto
TECH_00254,2022,Sudeste,SP,Engenheira(o) de Dados,Data & AI,Pleno,2,Masculino,4.9,8980,Hibrido
TECH_00255,2022,Sudeste,MG,Especialista em Ciberseguranca,Security,Diretoria / C-Level,5,Masculino,13.8,41874,Hibrido
TECH_00256,2024,Sul,SC,Engenheira(o) de Dados,Data & AI,Pleno,2,Feminino,5.4,10072,Hibrido
TECH_00257,2022,Sul,SC,Analista de Dados / BI,Data & AI,Pleno,2,Masculino,3.0,10497,Remoto
TECH_00258,2022,Sudeste,SP,Engenheira(o) de Dados,Data & AI,Senior,3,Masculino,6.8,18205,Hibrido
TECH_00259,2023,Sudeste,SP,Engenheira(o) de Software,Software Engineering,Lead / Staff Specialist,4,Masculino,10.1,32209,Remoto
TECH_00260,2024,Centro-Oeste,GO,Cientista de Dados,Data & AI,Junior,1,Masculino,1.0,5577,Hibrido
TECH_00261,2022,Sudeste,RJ,Cientista de Dados,Data & AI,Junior,1,Feminino,1.5,4609,Remoto
TECH_00262,2023,Sudeste,MG,Tech Lead / Engineering Manager,Leadership & Management,Lead / Staff Specialist,4,Masculino,11.3,27278,Presencial
TECH_00263,2023,Sudeste,RJ,Engenheira(o) de Dados,Data & AI,Pleno,2,Masculino,5.0,9865,Presencial
TECH_00264,2022,Sudeste,MG,Engenheira(o) de Software,Software Engineering,Senior,3,Masculino,6.0,20453,Hibrido
TECH_00265,2022,Sudeste,SP,Tech Lead / Engineering Manager,Leadership & Management,Senior,3,Masculino,9.0,19339,Remoto
TECH_00266,2024,Nordeste,CE,Cientista de Dados,Data & AI,Pleno,2,Masculino,5.3,12432,Remoto
TECH_00267,2022,Norte,PA,Cientista de Dados,Data & AI,Senior,3,Masculino,8.0,17558,Remoto
TECH_00268,2022,Sudeste,RJ,Cientista de Dados,Data & AI,Pleno,2,Masculino,7.9,12002,Remoto
TECH_00269,2024,Sudeste,SP,DevOps & Cloud Specialist,Cloud & Infrastructure,Pleno,2,Masculino,2.0,8916,Hibrido
TECH_00270,2022,Nordeste,PE,Tech Lead / Engineering Manager,Leadership & Management,Pleno,2,Masculino,5.0,8944,Remoto
TECH_00271,2022,Sul,RS,Engenheira(o) de Software,Software Engineering,Pleno,2,Masculino,3.5,9596,Remoto
TECH_00272,2023,Sudeste,SP,Analista de Dados / BI,Data & AI,Lead / Staff Specialist,4,Masculino,9.6,27102,Remoto
TECH_00273,2021,Nordeste,BA,Especialista em Ciberseguranca,Security,Pleno,2,Feminino,1.4,8026,Remoto
TECH_00274,2023,Nordeste,BA,Especialista em Ciberseguranca,Security,Junior,1,Masculino,3.0,5135,Remoto
TECH_00275,2023,Sul,SC,Engenheira(o) de Software,Software Engineering,Senior,3,Masculino,7.8,18438,Remoto
TECH_00276,2024,Nordeste,PE,Cientista de Dados,Data & AI,Pleno,2,Masculino,2.8,12271,Remoto
TECH_00277,2023,Sudeste,MG,Product Manager (PM),Product & Agile,Junior,1,Masculino,0.6,4967,Remoto
TECH_00278,2022,Sul,RS,Engenheira(o) de Dados,Data & AI,Pleno,2,Masculino,1.5,9668,Remoto
TECH_00279,2024,Sudeste,MG,Cientista de Dados,Data & AI,Junior,1,Masculino,2.1,5352,Remoto
TECH_00280,2023,Sudeste,RJ,Analista de Dados / BI,Data & AI,Senior,3,Feminino,7.4,13660,Hibrido
TECH_00281,2021,Sudeste,RJ,Tech Lead / Engineering Manager,Leadership & Management,Junior,1,Feminino,1.5,4898,Remoto
TECH_00282,2024,Norte,PA,Especialista em Ciberseguranca,Security,Pleno,2,Masculino,6.6,9484,Hibrido
TECH_00283,2022,Sudeste,RJ,Product Manager (PM),Product & Agile,Senior,3,Masculino,7.7,15398,Remoto
TECH_00284,2022,Sudeste,MG,Especialista em Ciberseguranca,Security,Junior,1,Masculino,1.3,5297,Remoto
TECH_00285,2022,Sudeste,SP,DevOps & Cloud Specialist,Cloud & Infrastructure,Junior,1,Masculino,3.1,4800,Remoto
TECH_00286,2023,Sudeste,RJ,Engenheira(o) de Software,Software Engineering,Lead / Staff Specialist,4,Masculino,10.8,27980,Hibrido
TECH_00287,2021,Sudeste,RJ,Engenheira(o) de Dados,Data & AI,Pleno,2,Masculino,4.4,8202,Hibrido
TECH_00288,2022,Sudeste,RJ,Analista de Dados / BI,Data & AI,Junior,1,Masculino,2.9,5939,Hibrido
TECH_00289,2022,Nordeste,BA,Tech Lead / Engineering Manager,Leadership & Management,Pleno,2,Masculino,3.6,10533,Hibrido
TECH_00290,2021,Sul,PR,Analista de Dados / BI,Data & AI,Junior,1,Masculino,0.8,4135,Remoto
TECH_00291,2021,Sudeste,SP,Tech Lead / Engineering Manager,Leadership & Management,Lead / Staff Specialist,4,Feminino,9.2,18822,Remoto
TECH_00292,2024,Sudeste,RJ,Tech Lead / Engineering Manager,Leadership & Management,Senior,3,Masculino,5.4,18599,Remoto
TECH_00293,2024,Nordeste,BA,DevOps & Cloud Specialist,Cloud & Infrastructure,Junior,1,Masculino,0.6,6339,Presencial
TECH_00294,2024,Sul,RS,Engenheira(o) de Dados,Data & AI,Junior,1,Feminino,0.5,5100,Hibrido
TECH_00295,2024,Sudeste,RJ,Product Manager (PM),Product & Agile,Diretoria / C-Level,5,Masculino,11.4,44113,Presencial
TECH_00296,2023,Nordeste,BA,Tech Lead / Engineering Manager,Leadership & Management,Junior,1,Masculino,1.0,5914,Hibrido
TECH_00297,2024,Sul,SC,Engenheira(o) de Dados,Data & AI,Senior,3,Masculino,6.8,19216,Remoto
TECH_00298,2023,Sudeste,SP,Especialista em Ciberseguranca,Security,Pleno,2,Masculino,4.7,9544,Remoto
TECH_00299,2022,Sudeste,RJ,Engenheira(o) de Software,Software Engineering,Pleno,2,Feminino,3.9,8787,Remoto
TECH_00300,2024,Sul,PR,Product Manager (PM),Product & Agile,Junior,1,Masculino,1.2,5473,Remoto
TECH_00301,2021,Norte,PA,DevOps & Cloud Specialist,Cloud & Infrastructure,Pleno,2,Masculino,2.6,9358,Hibrido
TECH_00302,2023,Nordeste,PE,Tech Lead / Engineering Manager,Leadership & Management,Diretoria / C-Level,5,Masculino,15.5,36887,Remoto
TECH_00303,2024,Sudeste,MG,Product Manager (PM),Product & Agile,Pleno,2,Masculino,5.4,10761,Remoto
TECH_00304,2024,Sudeste,MG,Analista de Dados / BI,Data & AI,Senior,3,Masculino,8.1,20903,Hibrido
TECH_00305,2021,Sudeste,RJ,Engenheira(o) de Software,Software Engineering,Pleno,2,Masculino,4.6,9968,Presencial
TECH_00306,2024,Sudeste,MG,Product Manager (PM),Product & Agile,Senior,3,Masculino,7.6,17725,Hibrido
TECH_00307,2021,Nordeste,CE,Analista de Dados / BI,Data & AI,Pleno,2,Feminino,4.7,7289,Hibrido
TECH_00308,2024,Sul,RS,Cientista de Dados,Data & AI,Junior,1,Masculino,0.8,5092,Remoto
TECH_00309,2021,Sudeste,RJ,Tech Lead / Engineering Manager,Leadership & Management,Junior,1,Feminino,2.5,4635,Remoto
TECH_00310,2024,Sudeste,SP,Product Manager (PM),Product & Agile,Senior,3,Masculino,7.1,20045,Remoto
TECH_00311,2024,Sudeste,SP,Engenheira(o) de Software,Software Engineering,Senior,3,Masculino,7.0,21049,Hibrido
TECH_00312,2021,Sudeste,MG,Cientista de Dados,Data & AI,Junior,1,Masculino,0.5,5403,Remoto
TECH_00313,2022,Sudeste,SP,Analista de Dados / BI,Data & AI,Senior,3,Masculino,8.9,17229,Remoto
TECH_00314,2022,Nordeste,PE,Tech Lead / Engineering Manager,Leadership & Management,Diretoria / C-Level,5,Masculino,13.5,45600,Remoto
TECH_00315,2022,Nordeste,CE,Tech Lead / Engineering Manager,Leadership & Management,Lead / Staff Specialist,4,Masculino,10.2,22326,Hibrido
TECH_00316,2024,Sudeste,RJ,Product Manager (PM),Product & Agile,Pleno,2,Masculino,3.7,11304,Remoto
TECH_00317,2024,Centro-Oeste,GO,Engenheira(o) de Dados,Data & AI,Pleno,2,Masculino,5.4,10920,Hibrido
TECH_00318,2022,Sudeste,MG,Product Manager (PM),Product & Agile,Junior,1,Feminino,0.5,4580,Remoto
TECH_00319,2023,Sudeste,RJ,DevOps & Cloud Specialist,Cloud & Infrastructure,Junior,1,Feminino,0.5,4944,Hibrido
TECH_00320,2024,Nordeste,PE,DevOps & Cloud Specialist,Cloud & Infrastructure,Senior,3,Masculino,7.0,21307,Remoto
TECH_00321,2024,Nordeste,CE,DevOps & Cloud Specialist,Cloud & Infrastructure,Pleno,2,Feminino,2.8,10107,Remoto
TECH_00322,2024,Sudeste,MG,Tech Lead / Engineering Manager,Leadership & Management,Pleno,2,Masculino,2.7,11268,Remoto
TECH_00323,2022,Sul,PR,DevOps & Cloud Specialist,Cloud & Infrastructure,Diretoria / C-Level,5,Masculino,13.6,33820,Hibrido
TECH_00324,2022,Norte,AM,DevOps & Cloud Specialist,Cloud & Infrastructure,Diretoria / C-Level,5,Masculino,13.3,44285,Remoto
TECH_00325,2022,Sudeste,SP,Engenheira(o) de Dados,Data & AI,Pleno,2,Masculino,5.6,11212,Remoto
TECH_00326,2024,Sudeste,MG,Cientista de Dados,Data & AI,Pleno,2,Masculino,3.8,9886,Hibrido
TECH_00327,2022,Sul,PR,Tech Lead / Engineering Manager,Leadership & Management,Diretoria / C-Level,5,Feminino,13.1,28272,Remoto
TECH_00328,2022,Sudeste,RJ,Engenheira(o) de Dados,Data & AI,Lead / Staff Specialist,4,Feminino,9.3,16952,Remoto
TECH_00329,2023,Sul,PR,Cientista de Dados,Data & AI,Senior,3,Masculino,6.0,20094,Hibrido
TECH_00330,2023,Sudeste,RJ,Especialista em Ciberseguranca,Security,Junior,1,Masculino,0.6,4854,Remoto
TECH_00331,2023,Sudeste,MG,Analista de Dados / BI,Data & AI,Senior,3,Masculino,8.8,17368,Remoto
TECH_00332,2022,Sul,RS,Cientista de Dados,Data & AI,Lead / Staff Specialist,4,Masculino,10.5,27892,Hibrido
TECH_00333,2022,Sul,RS,Tech Lead / Engineering Manager,Leadership & Management,Pleno,2,Masculino,6.1,10041,Remoto
TECH_00334,2024,Sudeste,RJ,Engenheira(o) de Dados,Data & AI,Senior,3,Masculino,6.4,19121,Remoto
TECH_00335,2024,Centro-Oeste,GO,Especialista em Ciberseguranca,Security,Junior,1,Feminino,0.8,5627,Remoto
TECH_00336,2023,Nordeste,CE,Product Manager (PM),Product & Agile,Pleno,2,Feminino,6.2,8937,Presencial
TECH_00337,2022,Sudeste,SP,Engenheira(o) de Dados,Data & AI,Pleno,2,Masculino,4.0,9552,Remoto
TECH_00338,2021,Sudeste,RJ,Product Manager (PM),Product & Agile,Pleno,2,Masculino,2.7,9256,Presencial
TECH_00339,2023,Nordeste,BA,Engenheira(o) de Software,Software Engineering,Junior,1,Feminino,1.1,4362,Presencial
TECH_00340,2023,Sudeste,RJ,Engenheira(o) de Software,Software Engineering,Junior,1,Masculino,3.2,5551,Presencial
TECH_00341,2022,Sul,PR,Engenheira(o) de Software,Software Engineering,Senior,3,Masculino,8.7,17696,Remoto
TECH_00342,2023,Sudeste,SP,DevOps & Cloud Specialist,Cloud & Infrastructure,Senior,3,Masculino,9.0,19102,Remoto
TECH_00343,2023,Nordeste,BA,Product Manager (PM),Product & Agile,Junior,1,Feminino,3.7,4822,Remoto
TECH_00344,2022,Sudeste,SP,Engenheira(o) de Software,Software Engineering,Pleno,2,Masculino,4.9,11524,Hibrido
TECH_00345,2024,Nordeste,CE,Especialista em Ciberseguranca,Security,Pleno,2,Masculino,3.0,11602,Hibrido
TECH_00346,2024,Sudeste,MG,Engenheira(o) de Dados,Data & AI,Junior,1,Feminino,0.9,5052,Remoto
TECH_00347,2021,Sul,SC,Engenheira(o) de Software,Software Engineering,Senior,3,Masculino,7.4,16206,Remoto
TECH_00348,2024,Sudeste,SP,DevOps & Cloud Specialist,Cloud & Infrastructure,Junior,1,Masculino,1.7,6907,Remoto
TECH_00349,2024,Sul,SC,Analista de Dados / BI,Data & AI,Junior,1,Masculino,1.8,6250,Hibrido
TECH_00350,2022,Sudeste,RJ,Analista de Dados / BI,Data & AI,Pleno,2,Masculino,4.9,9467,Presencial
TECH_00351,2023,Sudeste,MG,Product Manager (PM),Product & Agile,Senior,3,Masculino,7.3,17512,Remoto
TECH_00352,2022,Sul,PR,Engenheira(o) de Dados,Data & AI,Junior,1,Masculino,1.4,5273,Remoto
TECH_00353,2023,Norte,AM,Especialista em Ciberseguranca,Security,Senior,3,Masculino,6.6,18855,Hibrido
TECH_00354,2021,Sul,SC,Analista de Dados / BI,Data & AI,Junior,1,Masculino,0.5,4699,Remoto
TECH_00355,2024,Sudeste,SP,Tech Lead / Engineering Manager,Leadership & Management,Junior,1,Feminino,0.5,5628,Hibrido
TECH_00356,2024,Sudeste,SP,Analista de Dados / BI,Data & AI,Junior,1,Masculino,1.2,6242,Remoto
TECH_00357,2022,Nordeste,CE,Especialista em Ciberseguranca,Security,Junior,1,Masculino,1.8,4899,Remoto
TECH_00358,2023,Sudeste,SP,Analista de Dados / BI,Data & AI,Pleno,2,Masculino,3.2,11034,Remoto
TECH_00359,2024,Sudeste,MG,Especialista em Ciberseguranca,Security,Senior,3,Masculino,7.7,17673,Remoto
TECH_00360,2023,Sudeste,RJ,Tech Lead / Engineering Manager,Leadership & Management,Pleno,2,Feminino,4.2,7487,Hibrido
TECH_00361,2022,Sul,SC,Analista de Dados / BI,Data & AI,Junior,1,Feminino,0.5,4629,Remoto
TECH_00362,2023,Sudeste,RJ,Tech Lead / Engineering Manager,Leadership & Management,Pleno,2,Feminino,3.3,9101,Hibrido
TECH_00363,2024,Nordeste,BA,Especialista em Ciberseguranca,Security,Pleno,2,Masculino,6.2,11922,Remoto
TECH_00364,2023,Sudeste,RJ,Product Manager (PM),Product & Agile,Junior,1,Masculino,2.0,4403,Remoto
TECH_00365,2023,Nordeste,BA,Tech Lead / Engineering Manager,Leadership & Management,Junior,1,Feminino,1.6,5395,Remoto
TECH_00366,2021,Sul,PR,Especialista em Ciberseguranca,Security,Senior,3,Masculino,7.0,15482,Remoto
TECH_00367,2024,Sul,RS,Tech Lead / Engineering Manager,Leadership & Management,Senior,3,Feminino,6.4,17671,Hibrido
TECH_00368,2022,Norte,PA,Tech Lead / Engineering Manager,Leadership & Management,Junior,1,Masculino,2.4,5348,Presencial
TECH_00369,2024,Sudeste,MG,Especialista em Ciberseguranca,Security,Pleno,2,Masculino,4.4,9909,Presencial
TECH_00370,2024,Sudeste,MG,Especialista em Ciberseguranca,Security,Pleno,2,Masculino,3.6,12862,Remoto
TECH_00371,2023,Sudeste,SP,Especialista em Ciberseguranca,Security,Pleno,2,Masculino,3.1,10348,Presencial
TECH_00372,2022,Sudeste,RJ,Cientista de Dados,Data & AI,Senior,3,Masculino,6.3,19100,Remoto
TECH_00373,2021,Sul,PR,Tech Lead / Engineering Manager,Leadership & Management,Pleno,2,Masculino,3.8,10089,Remoto
TECH_00374,2021,Sul,SC,Cientista de Dados,Data & AI,Junior,1,Masculino,1.9,4042,Remoto
TECH_00375,2021,Centro-Oeste,DF,DevOps & Cloud Specialist,Cloud & Infrastructure,Senior,3,Feminino,7.2,15264,Remoto
TECH_00376,2023,Sudeste,RJ,Cientista de Dados,Data & AI,Pleno,2,Feminino,3.4,8461,Remoto
TECH_00377,2023,Nordeste,PE,Engenheira(o) de Dados,Data & AI,Junior,1,Feminino,1.4,5145,Remoto
TECH_00378,2024,Nordeste,BA,DevOps & Cloud Specialist,Cloud & Infrastructure,Lead / Staff Specialist,4,Masculino,11.7,24160,Remoto
TECH_00379,2024,Sul,RS,Cientista de Dados,Data & AI,Pleno,2,Masculino,5.2,9069,Remoto
TECH_00380,2024,Sudeste,RJ,Especialista em Ciberseguranca,Security,Senior,3,Masculino,8.3,19462,Remoto
TECH_00381,2021,Sudeste,SP,Engenheira(o) de Dados,Data & AI,Lead / Staff Specialist,4,Masculino,11.3,24587,Remoto
TECH_00382,2023,Sudeste,SP,Engenheira(o) de Software,Software Engineering,Junior,1,Masculino,2.3,4964,Remoto
TECH_00383,2024,Sul,SC,Analista de Dados / BI,Data & AI,Senior,3,Masculino,5.5,18902,Hibrido
TECH_00384,2022,Norte,AM,Engenheira(o) de Software,Software Engineering,Pleno,2,Masculino,6.3,10214,Remoto
TECH_00385,2023,Sudeste,MG,Tech Lead / Engineering Manager,Leadership & Management,Senior,3,Masculino,8.1,23455,Remoto
TECH_00386,2021,Sudeste,MG,DevOps & Cloud Specialist,Cloud & Infrastructure,Junior,1,Feminino,0.9,4825,Hibrido
TECH_00387,2023,Sul,RS,Especialista em Ciberseguranca,Security,Junior,1,Feminino,2.7,4878,Hibrido
TECH_00388,2024,Norte,PA,Cientista de Dados,Data & AI,Senior,3,Masculino,6.2,21016,Hibrido
TECH_00389,2021,Nordeste,BA,Cientista de Dados,Data & AI,Pleno,2,Masculino,1.9,7421,Remoto
TECH_00390,2024,Centro-Oeste,GO,Analista de Dados / BI,Data & AI,Junior,1,Masculino,0.5,6146,Remoto
TECH_00391,2022,Centro-Oeste,DF,Cientista de Dados,Data & AI,Senior,3,Masculino,9.2,14995,Remoto
TECH_00392,2024,Sudeste,RJ,Analista de Dados / BI,Data & AI,Pleno,2,Masculino,3.7,11327,Hibrido
TECH_00393,2024,Sudeste,MG,Product Manager (PM),Product & Agile,Senior,3,Masculino,7.6,19176,Hibrido
TECH_00394,2024,Sudeste,RJ,Tech Lead / Engineering Manager,Leadership & Management,Senior,3,Masculino,8.3,18172,Remoto
TECH_00395,2022,Sudeste,RJ,Product Manager (PM),Product & Agile,Pleno,2,Masculino,4.6,10020,Remoto
TECH_00396,2021,Sudeste,RJ,Engenheira(o) de Software,Software Engineering,Pleno,2,Masculino,3.2,9903,Remoto
TECH_00397,2023,Sudeste,RJ,Tech Lead / Engineering Manager,Leadership & Management,Diretoria / C-Level,5,Masculino,14.0,49588,Remoto
TECH_00398,2023,Sudeste,MG,Cientista de Dados,Data & AI,Pleno,2,Masculino,2.6,8648,Hibrido
TECH_00399,2024,Nordeste,CE,Especialista em Ciberseguranca,Security,Lead / Staff Specialist,4,Masculino,10.1,27360,Hibrido
TECH_00400,2022,Sudeste,MG,Especialista em Ciberseguranca,Security,Junior,1,Masculino,2.2,4645,Hibrido
TECH_00401,2022,Sudeste,MG,Especialista em Ciberseguranca,Security,Lead / Staff Specialist,4,Masculino,11.7,17994,Remoto
TECH_00402,2024,Nordeste,BA,Analista de Dados / BI,Data & AI,Lead / Staff Specialist,4,Masculino,10.5,27596,Remoto
TECH_00403,2022,Sudeste,SP,DevOps & Cloud Specialist,Cloud & Infrastructure,Pleno,2,Masculino,3.2,9810,Hibrido
TECH_00404,2021,Centro-Oeste,DF,Especialista em Ciberseguranca,Security,Pleno,2,Masculino,3.5,8551,Hibrido
TECH_00405,2024,Sudeste,RJ,Analista de Dados / BI,Data & AI,Senior,3,Masculino,8.3,18460,Remoto
TECH_00406,2023,Centro-Oeste,GO,Product Manager (PM),Product & Agile,Lead / Staff Specialist,4,Masculino,8.9,25318,Remoto
TECH_00407,2021,Sudeste,SP,DevOps & Cloud Specialist,Cloud & Infrastructure,Lead / Staff Specialist,4,Masculino,10.1,20845,Remoto
TECH_00408,2024,Sudeste,SP,Analista de Dados / BI,Data & AI,Junior,1,Masculino,2.1,5066,Remoto
TECH_00409,2024,Nordeste,CE,Engenheira(o) de Dados,Data & AI,Pleno,2,Masculino,3.7,10230,Remoto
TECH_00410,2024,Sudeste,MG,Especialista em Ciberseguranca,Security,Senior,3,Masculino,7.0,19703,Remoto
TECH_00411,2024,Sudeste,SP,Tech Lead / Engineering Manager,Leadership & Management,Senior,3,Masculino,7.2,21541,Presencial
TECH_00412,2023,Nordeste,BA,DevOps & Cloud Specialist,Cloud & Infrastructure,Pleno,2,Masculino,5.5,9659,Hibrido
TECH_00413,2023,Norte,AM,Especialista em Ciberseguranca,Security,Senior,3,Masculino,8.1,19492,Remoto
TECH_00414,2024,Nordeste,BA,DevOps & Cloud Specialist,Cloud & Infrastructure,Lead / Staff Specialist,4,Feminino,10.7,19938,Hibrido
TECH_00415,2023,Sudeste,MG,Analista de Dados / BI,Data & AI,Junior,1,Feminino,2.4,4977,Hibrido
TECH_00416,2024,Sudeste,SP,DevOps & Cloud Specialist,Cloud & Infrastructure,Pleno,2,Masculino,4.3,10325,Remoto
TECH_00417,2024,Sul,PR,Analista de Dados / BI,Data & AI,Pleno,2,Feminino,4.3,10125,Remoto
TECH_00418,2024,Sul,PR,Cientista de Dados,Data & AI,Pleno,2,Masculino,4.6,11394,Presencial
TECH_00419,2023,Sudeste,RJ,Engenheira(o) de Software,Software Engineering,Junior,1,Masculino,0.5,5428,Remoto
TECH_00420,2024,Nordeste,PE,Tech Lead / Engineering Manager,Leadership & Management,Junior,1,Feminino,0.9,5329,Hibrido
TECH_00421,2022,Nordeste,BA,Especialista em Ciberseguranca,Security,Junior,1,Masculino,2.4,5402,Remoto
TECH_00422,2023,Sudeste,MG,Tech Lead / Engineering Manager,Leadership & Management,Pleno,2,Feminino,5.4,8726,Hibrido
TECH_00423,2021,Sudeste,MG,Engenheira(o) de Software,Software Engineering,Pleno,2,Masculino,7.0,9991,Hibrido
TECH_00424,2022,Nordeste,PE,Product Manager (PM),Product & Agile,Junior,1,Masculino,2.3,5157,Hibrido
TECH_00425,2024,Centro-Oeste,GO,DevOps & Cloud Specialist,Cloud & Infrastructure,Pleno,2,Masculino,4.3,10518,Remoto
TECH_00426,2023,Sudeste,MG,Tech Lead / Engineering Manager,Leadership & Management,Lead / Staff Specialist,4,Masculino,10.2,24491,Hibrido
TECH_00427,2022,Sudeste,SP,Product Manager (PM),Product & Agile,Pleno,2,Masculino,4.8,8844,Remoto
TECH_00428,2023,Nordeste,BA,Especialista em Ciberseguranca,Security,Pleno,2,Feminino,3.6,9178,Hibrido
TECH_00429,2022,Nordeste,CE,Especialista em Ciberseguranca,Security,Junior,1,Feminino,0.5,4712,Remoto
TECH_00430,2021,Sul,RS,Engenheira(o) de Software,Software Engineering,Junior,1,Feminino,0.5,4232,Remoto
TECH_00431,2024,Sul,SC,DevOps & Cloud Specialist,Cloud & Infrastructure,Junior,1,Masculino,1.6,5722,Hibrido
TECH_00432,2024,Sudeste,MG,Especialista em Ciberseguranca,Security,Pleno,2,Feminino,3.8,9531,Remoto
TECH_00433,2023,Sul,SC,Cientista de Dados,Data & AI,Junior,1,Masculino,0.5,6641,Presencial
TECH_00434,2024,Sudeste,RJ,Especialista em Ciberseguranca,Security,Junior,1,Feminino,2.1,4735,Remoto
TECH_00435,2024,Sul,RS,Especialista em Ciberseguranca,Security,Junior,1,Masculino,2.5,5656,Remoto
TECH_00436,2024,Centro-Oeste,GO,Product Manager (PM),Product & Agile,Pleno,2,Feminino,6.3,10042,Remoto
TECH_00437,2023,Sudeste,SP,Analista de Dados / BI,Data & AI,Junior,1,Masculino,0.5,5798,Hibrido
TECH_00438,2023,Sul,SC,Engenheira(o) de Dados,Data & AI,Pleno,2,Masculino,3.7,9917,Remoto
TECH_00439,2021,Sudeste,MG,Especialista em Ciberseguranca,Security,Senior,3,Masculino,8.3,15717,Remoto
TECH_00440,2021,Nordeste,CE,DevOps & Cloud Specialist,Cloud & Infrastructure,Lead / Staff Specialist,4,Masculino,9.5,20195,Remoto
TECH_00441,2021,Sul,PR,DevOps & Cloud Specialist,Cloud & Infrastructure,Pleno,2,Masculino,4.8,9755,Remoto
TECH_00442,2022,Sudeste,SP,DevOps & Cloud Specialist,Cloud & Infrastructure,Senior,3,Masculino,6.9,15472,Remoto
TECH_00443,2023,Sudeste,RJ,Cientista de Dados,Data & AI,Pleno,2,Masculino,3.8,10301,Remoto
TECH_00444,2022,Norte,PA,Tech Lead / Engineering Manager,Leadership & Management,Pleno,2,Masculino,5.9,8720,Remoto
TECH_00445,2022,Nordeste,BA,Tech Lead / Engineering Manager,Leadership & Management,Pleno,2,Feminino,4.1,7719,Hibrido
TECH_00446,2022,Sudeste,RJ,Especialista em Ciberseguranca,Security,Pleno,2,Feminino,4.3,8816,Presencial
TECH_00447,2024,Sudeste,RJ,Analista de Dados / BI,Data & AI,Junior,1,Masculino,1.0,6162,Hibrido
TECH_00448,2024,Sul,RS,Cientista de Dados,Data & AI,Pleno,2,Masculino,5.7,12589,Hibrido
TECH_00449,2023,Nordeste,CE,Engenheira(o) de Software,Software Engineering,Senior,3,Masculino,8.8,18846,Remoto
TECH_00450,2024,Sudeste,MG,Analista de Dados / BI,Data & AI,Diretoria / C-Level,5,Masculino,15.2,39411,Hibrido
TECH_00451,2022,Sudeste,MG,Analista de Dados / BI,Data & AI,Pleno,2,Feminino,4.2,10517,Remoto
TECH_00452,2022,Sul,RS,Engenheira(o) de Software,Software Engineering,Lead / Staff Specialist,4,Masculino,9.4,27158,Remoto
TECH_00453,2022,Sul,SC,DevOps & Cloud Specialist,Cloud & Infrastructure,Junior,1,Masculino,0.5,5789,Remoto
TECH_00454,2023,Sudeste,SP,Engenheira(o) de Software,Software Engineering,Junior,1,Masculino,1.1,5646,Presencial
TECH_00455,2022,Sudeste,SP,Cientista de Dados,Data & AI,Junior,1,Feminino,3.3,4463,Presencial
TECH_00456,2023,Sudeste,MG,Product Manager (PM),Product & Agile,Senior,3,Masculino,7.3,17876,Presencial
TECH_00457,2023,Nordeste,CE,Especialista em Ciberseguranca,Security,Pleno,2,Feminino,4.9,8951,Presencial
TECH_00458,2023,Sudeste,SP,DevOps & Cloud Specialist,Cloud & Infrastructure,Senior,3,Feminino,5.6,15163,Remoto
TECH_00459,2023,Sul,RS,Especialista em Ciberseguranca,Security,Junior,1,Masculino,2.1,5907,Remoto
TECH_00460,2024,Centro-Oeste,DF,Engenheira(o) de Software,Software Engineering,Junior,1,Masculino,1.8,6174,Remoto
TECH_00461,2021,Sudeste,MG,Especialista em Ciberseguranca,Security,Pleno,2,Masculino,3.0,10085,Hibrido
TECH_00462,2021,Sudeste,MG,Engenheira(o) de Software,Software Engineering,Senior,3,Masculino,7.5,13527,Remoto
TECH_00463,2023,Nordeste,BA,Tech Lead / Engineering Manager,Leadership & Management,Lead / Staff Specialist,4,Masculino,10.1,27667,Remoto
TECH_00464,2023,Norte,AM,Especialista em Ciberseguranca,Security,Pleno,2,Masculino,2.5,9851,Remoto
TECH_00465,2022,Centro-Oeste,GO,Especialista em Ciberseguranca,Security,Pleno,2,Masculino,3.2,9698,Remoto
TECH_00466,2023,Sudeste,RJ,Tech Lead / Engineering Manager,Leadership & Management,Senior,3,Masculino,9.4,19683,Presencial
TECH_00467,2024,Sul,SC,Analista de Dados / BI,Data & AI,Pleno,2,Masculino,5.2,11944,Remoto
TECH_00468,2023,Sudeste,SP,Cientista de Dados,Data & AI,Diretoria / C-Level,5,Masculino,11.9,40189,Hibrido
TECH_00469,2021,Sudeste,RJ,Product Manager (PM),Product & Agile,Pleno,2,Masculino,4.2,8969,Remoto
TECH_00470,2023,Norte,AM,Engenheira(o) de Dados,Data & AI,Lead / Staff Specialist,4,Masculino,12.8,25440,Hibrido
TECH_00471,2022,Sudeste,SP,Engenheira(o) de Dados,Data & AI,Senior,3,Masculino,9.2,17067,Remoto
TECH_00472,2023,Nordeste,BA,Tech Lead / Engineering Manager,Leadership & Management,Pleno,2,Masculino,5.0,11742,Remoto
TECH_00473,2023,Norte,AM,Tech Lead / Engineering Manager,Leadership & Management,Junior,1,Masculino,1.1,5545,Remoto
TECH_00474,2021,Nordeste,CE,Engenheira(o) de Software,Software Engineering,Pleno,2,Masculino,3.8,10041,Remoto
TECH_00475,2023,Norte,PA,Engenheira(o) de Software,Software Engineering,Diretoria / C-Level,5,Masculino,14.1,41433,Remoto
TECH_00476,2023,Sudeste,MG,Cientista de Dados,Data & AI,Lead / Staff Specialist,4,Masculino,12.1,27594,Remoto
TECH_00477,2023,Nordeste,CE,DevOps & Cloud Specialist,Cloud & Infrastructure,Senior,3,Masculino,8.7,17727,Hibrido
TECH_00478,2024,Centro-Oeste,DF,Cientista de Dados,Data & AI,Junior,1,Feminino,2.4,5344,Remoto
TECH_00479,2023,Sudeste,SP,Engenheira(o) de Software,Software Engineering,Diretoria / C-Level,5,Masculino,13.0,42513,Hibrido
TECH_00480,2023,Sudeste,MG,Engenheira(o) de Software,Software Engineering,Junior,1,Masculino,0.5,4905,Remoto
TECH_00481,2022,Sul,SC,DevOps & Cloud Specialist,Cloud & Infrastructure,Junior,1,Masculino,3.5,5834,Remoto
TECH_00482,2023,Sudeste,RJ,Engenheira(o) de Dados,Data & AI,Junior,1,Masculino,3.0,4952,Remoto
TECH_00483,2023,Sudeste,SP,DevOps & Cloud Specialist,Cloud & Infrastructure,Diretoria / C-Level,5,Masculino,13.8,40104,Presencial
TECH_00484,2023,Sul,SC,Especialista em Ciberseguranca,Security,Lead / Staff Specialist,4,Masculino,8.2,23830,Hibrido
TECH_00485,2022,Sudeste,SP,Tech Lead / Engineering Manager,Leadership & Management,Junior,1,Masculino,1.1,6299,Remoto
TECH_00486,2024,Sudeste,SP,Analista de Dados / BI,Data & AI,Pleno,2,Masculino,1.9,12191,Hibrido
TECH_00487,2023,Sudeste,MG,Engenheira(o) de Dados,Data & AI,Pleno,2,Masculino,4.9,9897,Hibrido
TECH_00488,2022,Sudeste,RJ,Cientista de Dados,Data & AI,Senior,3,Masculino,7.5,13415,Hibrido
TECH_00489,2021,Sudeste,RJ,Analista de Dados / BI,Data & AI,Pleno,2,Masculino,4.5,8764,Hibrido
TECH_00490,2023,Sul,RS,Engenheira(o) de Dados,Data & AI,Junior,1,Masculino,4.2,5586,Remoto
TECH_00491,2024,Sul,PR,Cientista de Dados,Data & AI,Pleno,2,Masculino,4.0,12436,Hibrido
TECH_00492,2022,Sudeste,RJ,Product Manager (PM),Product & Agile,Senior,3,Masculino,6.3,16548,Remoto
TECH_00493,2023,Sudeste,RJ,Product Manager (PM),Product & Agile,Junior,1,Masculino,0.5,6463,Remoto
TECH_00494,2024,Centro-Oeste,GO,Engenheira(o) de Dados,Data & AI,Junior,1,Masculino,2.8,5353,Remoto
TECH_00495,2021,Sudeste,SP,Tech Lead / Engineering Manager,Leadership & Management,Pleno,2,Masculino,5.5,11580,Hibrido
TECH_00496,2022,Centro-Oeste,DF,DevOps & Cloud Specialist,Cloud & Infrastructure,Senior,3,Feminino,5.7,12965,Remoto
TECH_00497,2021,Nordeste,PE,Engenheira(o) de Dados,Data & AI,Senior,3,Masculino,9.4,17186,Hibrido
TECH_00498,2022,Nordeste,PE,Engenheira(o) de Software,Software Engineering,Pleno,2,Masculino,2.2,8856,Remoto
TECH_00499,2024,Centro-Oeste,DF,Analista de Dados / BI,Data & AI,Pleno,2,Masculino,3.7,10516,Hibrido
TECH_00500,2024,Nordeste,BA,Product Manager (PM),Product & Agile,Junior,1,Masculino,0.6,5109,Hibrido
TECH_00501,2021,Nordeste,BA,DevOps & Cloud Specialist,Cloud & Infrastructure,Pleno,2,Feminino,3.2,7714,Presencial
TECH_00502,2024,Sudeste,RJ,Analista de Dados / BI,Data & AI,Lead / Staff Specialist,4,Masculino,10.8,23887,Presencial
TECH_00503,2021,Sudeste,RJ,Tech Lead / Engineering Manager,Leadership & Management,Junior,1,Feminino,2.8,4483,Remoto
TECH_00504,2024,Sul,RS,Especialista em Ciberseguranca,Security,Diretoria / C-Level,5,Masculino,14.1,40288,Hibrido
TECH_00505,2022,Norte,PA,Engenheira(o) de Software,Software Engineering,Junior,1,Masculino,0.6,5058,Hibrido
TECH_00506,2023,Sudeste,RJ,Engenheira(o) de Software,Software Engineering,Pleno,2,Masculino,6.9,10753,Remoto
TECH_00507,2022,Sul,SC,Tech Lead / Engineering Manager,Leadership & Management,Junior,1,Masculino,2.7,4631,Remoto
TECH_00508,2024,Sudeste,RJ,Engenheira(o) de Software,Software Engineering,Pleno,2,Masculino,5.4,9865,Hibrido
TECH_00509,2024,Nordeste,BA,Cientista de Dados,Data & AI,Pleno,2,Masculino,2.7,11797,Remoto
TECH_00510,2024,Sudeste,SP,Engenheira(o) de Software,Software Engineering,Junior,1,Masculino,0.5,6439,Remoto
TECH_00511,2024,Nordeste,BA,Cientista de Dados,Data & AI,Senior,3,Masculino,7.7,18654,Hibrido
TECH_00512,2023,Sudeste,RJ,Cientista de Dados,Data & AI,Senior,3,Masculino,10.6,14323,Presencial
TECH_00513,2024,Sudeste,RJ,Product Manager (PM),Product & Agile,Junior,1,Feminino,0.5,5979,Presencial
TECH_00514,2021,Sul,SC,Product Manager (PM),Product & Agile,Pleno,2,Masculino,4.4,8540,Remoto
TECH_00515,2023,Sul,SC,Cientista de Dados,Data & AI,Senior,3,Masculino,8.6,17602,Remoto
TECH_00516,2023,Sudeste,RJ,Especialista em Ciberseguranca,Security,Lead / Staff Specialist,4,Masculino,11.8,21956,Remoto
TECH_00517,2024,Sul,SC,Tech Lead / Engineering Manager,Leadership & Management,Lead / Staff Specialist,4,Masculino,10.6,24934,Remoto
TECH_00518,2022,Sudeste,SP,Engenheira(o) de Dados,Data & AI,Junior,1,Masculino,0.5,5712,Remoto
TECH_00519,2022,Sudeste,RJ,Tech Lead / Engineering Manager,Leadership & Management,Pleno,2,Masculino,4.1,8976,Hibrido
TECH_00520,2021,Centro-Oeste,GO,DevOps & Cloud Specialist,Cloud & Infrastructure,Senior,3,Masculino,7.7,20017,Remoto
TECH_00521,2024,Nordeste,BA,Product Manager (PM),Product & Agile,Junior,1,Feminino,1.7,5850,Remoto
TECH_00522,2023,Nordeste,CE,Analista de Dados / BI,Data & AI,Junior,1,Feminino,2.3,4656,Hibrido
TECH_00523,2023,Sudeste,SP,Tech Lead / Engineering Manager,Leadership & Management,Junior,1,Feminino,0.5,4688,Remoto
TECH_00524,2024,Sul,RS,Product Manager (PM),Product & Agile,Lead / Staff Specialist,4,Feminino,10.9,19478,Hibrido
TECH_00525,2021,Sudeste,SP,DevOps & Cloud Specialist,Cloud & Infrastructure,Senior,3,Masculino,7.7,20066,Remoto
TECH_00526,2021,Sudeste,SP,Cientista de Dados,Data & AI,Pleno,2,Masculino,3.0,10172,Hibrido
TECH_00527,2023,Sudeste,MG,Tech Lead / Engineering Manager,Leadership & Management,Junior,1,Masculino,2.0,4967,Presencial
TECH_00528,2024,Sudeste,MG,Tech Lead / Engineering Manager,Leadership & Management,Junior,1,Masculino,1.9,6130,Remoto
TECH_00529,2022,Sudeste,SP,Analista de Dados / BI,Data & AI,Junior,1,Masculino,3.6,4726,Presencial
TECH_00530,2024,Sudeste,MG,Engenheira(o) de Dados,Data & AI,Junior,1,Masculino,2.7,5890,Remoto
TECH_00531,2022,Sudeste,RJ,Tech Lead / Engineering Manager,Leadership & Management,Junior,1,Feminino,2.4,4689,Hibrido
TECH_00532,2024,Sudeste,MG,DevOps & Cloud Specialist,Cloud & Infrastructure,Pleno,2,Feminino,3.1,8663,Remoto
TECH_00533,2024,Sul,PR,Cientista de Dados,Data & AI,Lead / Staff Specialist,4,Masculino,10.0,27440,Remoto
TECH_00534,2024,Nordeste,BA,Tech Lead / Engineering Manager,Leadership & Management,Pleno,2,Masculino,3.2,10007,Hibrido
TECH_00535,2022,Sudeste,MG,Analista de Dados / BI,Data & AI,Senior,3,Masculino,7.2,16362,Hibrido
TECH_00536,2023,Nordeste,CE,Analista de Dados / BI,Data & AI,Senior,3,Masculino,6.8,18464,Presencial
TECH_00537,2022,Sudeste,SP,Cientista de Dados,Data & AI,Junior,1,Masculino,2.8,5017,Presencial
TECH_00538,2024,Sudeste,MG,Engenheira(o) de Dados,Data & AI,Junior,1,Masculino,1.0,5666,Presencial
TECH_00539,2021,Sul,PR,Product Manager (PM),Product & Agile,Junior,1,Masculino,1.6,5303,Presencial
TECH_00540,2023,Sul,SC,Tech Lead / Engineering Manager,Leadership & Management,Senior,3,Masculino,7.5,19755,Hibrido
TECH_00541,2024,Sudeste,MG,Especialista em Ciberseguranca,Security,Junior,1,Masculino,1.1,5451,Remoto
TECH_00542,2023,Sul,RS,DevOps & Cloud Specialist,Cloud & Infrastructure,Pleno,2,Feminino,6.3,9662,Hibrido
TECH_00543,2024,Sudeste,MG,DevOps & Cloud Specialist,Cloud & Infrastructure,Pleno,2,Masculino,2.2,11885,Remoto
TECH_00544,2021,Centro-Oeste,GO,Engenheira(o) de Software,Software Engineering,Junior,1,Masculino,2.9,4953,Remoto
TECH_00545,2022,Centro-Oeste,GO,Engenheira(o) de Dados,Data & AI,Junior,1,Masculino,0.5,5437,Remoto
TECH_00546,2021,Sudeste,SP,Especialista em Ciberseguranca,Security,Senior,3,Masculino,7.9,15412,Remoto
TECH_00547,2024,Sudeste,MG,Engenheira(o) de Software,Software Engineering,Junior,1,Masculino,1.8,5447,Remoto
TECH_00548,2024,Sul,SC,Product Manager (PM),Product & Agile,Senior,3,Feminino,5.9,16160,Hibrido
TECH_00549,2024,Sul,SC,Especialista em Ciberseguranca,Security,Senior,3,Feminino,8.3,18011,Remoto
TECH_00550,2023,Sudeste,SP,Analista de Dados / BI,Data & AI,Pleno,2,Masculino,3.0,10315,Remoto
TECH_00551,2023,Sudeste,SP,Product Manager (PM),Product & Agile,Senior,3,Masculino,5.1,18654,Hibrido
TECH_00552,2022,Nordeste,PE,Cientista de Dados,Data & AI,Senior,3,Masculino,10.0,15505,Hibrido
TECH_00553,2021,Nordeste,PE,Tech Lead / Engineering Manager,Leadership & Management,Lead / Staff Specialist,4,Masculino,11.8,21742,Remoto
TECH_00554,2021,Norte,AM,Tech Lead / Engineering Manager,Leadership & Management,Pleno,2,Masculino,3.5,8466,Remoto
TECH_00555,2023,Sudeste,RJ,Engenheira(o) de Software,Software Engineering,Junior,1,Feminino,2.5,5281,Hibrido
TECH_00556,2024,Sudeste,SP,Analista de Dados / BI,Data & AI,Pleno,2,Masculino,4.9,12326,Hibrido
TECH_00557,2021,Centro-Oeste,DF,Product Manager (PM),Product & Agile,Pleno,2,Masculino,3.5,10571,Presencial
TECH_00558,2024,Centro-Oeste,DF,Tech Lead / Engineering Manager,Leadership & Management,Senior,3,Masculino,8.0,19558,Remoto
TECH_00559,2023,Norte,AM,Tech Lead / Engineering Manager,Leadership & Management,Senior,3,Masculino,5.2,20028,Hibrido
TECH_00560,2021,Nordeste,PE,Engenheira(o) de Software,Software Engineering,Lead / Staff Specialist,4,Masculino,11.0,21174,Remoto
TECH_00561,2024,Norte,AM,Tech Lead / Engineering Manager,Leadership & Management,Junior,1,Masculino,2.6,5970,Remoto
TECH_00562,2023,Sul,PR,Tech Lead / Engineering Manager,Leadership & Management,Junior,1,Masculino,0.5,6250,Remoto
TECH_00563,2024,Norte,PA,DevOps & Cloud Specialist,Cloud & Infrastructure,Senior,3,Masculino,7.1,21883,Remoto
TECH_00564,2024,Sudeste,MG,Cientista de Dados,Data & AI,Pleno,2,Masculino,3.0,12907,Hibrido
TECH_00565,2024,Sul,PR,Cientista de Dados,Data & AI,Junior,1,Masculino,3.1,5726,Hibrido
TECH_00566,2024,Norte,AM,Engenheira(o) de Software,Software Engineering,Junior,1,Masculino,0.6,5708,Hibrido
TECH_00567,2023,Centro-Oeste,DF,Engenheira(o) de Dados,Data & AI,Junior,1,Masculino,2.1,6015,Remoto
TECH_00568,2022,Sul,SC,Analista de Dados / BI,Data & AI,Senior,3,Masculino,6.2,16953,Remoto
TECH_00569,2024,Sudeste,RJ,Tech Lead / Engineering Manager,Leadership & Management,Diretoria / C-Level,5,Feminino,13.1,40995,Presencial
TECH_00570,2022,Sul,PR,Engenheira(o) de Dados,Data & AI,Senior,3,Feminino,6.8,13816,Hibrido
TECH_00571,2022,Sul,PR,Analista de Dados / BI,Data & AI,Lead / Staff Specialist,4,Masculino,9.0,22711,Remoto
TECH_00572,2022,Sul,RS,Analista de Dados / BI,Data & AI,Lead / Staff Specialist,4,Masculino,10.4,29115,Remoto
TECH_00573,2022,Sudeste,RJ,DevOps & Cloud Specialist,Cloud & Infrastructure,Senior,3,Masculino,7.2,17304,Remoto
TECH_00574,2023,Sudeste,MG,Cientista de Dados,Data & AI,Junior,1,Masculino,0.5,5790,Remoto
TECH_00575,2023,Sudeste,RJ,Engenheira(o) de Software,Software Engineering,Senior,3,Masculino,7.6,20632,Remoto
TECH_00576,2023,Sul,RS,Product Manager (PM),Product & Agile,Pleno,2,Feminino,4.1,8194,Remoto
TECH_00577,2023,Sudeste,SP,Product Manager (PM),Product & Agile,Junior,1,Masculino,3.7,5697,Remoto
TECH_00578,2021,Norte,PA,Product Manager (PM),Product & Agile,Pleno,2,Masculino,1.9,9467,Remoto
TECH_00579,2022,Centro-Oeste,GO,Analista de Dados / BI,Data & AI,Junior,1,Feminino,2.3,5407,Remoto
TECH_00580,2022,Sudeste,MG,Cientista de Dados,Data & AI,Junior,1,Feminino,1.3,4308,Remoto
TECH_00581,2023,Sudeste,RJ,Analista de Dados / BI,Data & AI,Junior,1,Feminino,1.8,4719,Remoto
TECH_00582,2023,Sudeste,SP,Engenheira(o) de Dados,Data & AI,Pleno,2,Masculino,3.6,9653,Hibrido
TECH_00583,2023,Sudeste,MG,Tech Lead / Engineering Manager,Leadership & Management,Junior,1,Feminino,0.7,4618,Remoto
TECH_00584,2021,Sul,PR,Product Manager (PM),Product & Agile,Senior,3,Masculino,8.2,17251,Hibrido
TECH_00585,2022,Nordeste,CE,DevOps & Cloud Specialist,Cloud & Infrastructure,Lead / Staff Specialist,4,Masculino,10.5,29348,Remoto
TECH_00586,2022,Norte,AM,DevOps & Cloud Specialist,Cloud & Infrastructure,Junior,1,Masculino,1.9,5636,Remoto
TECH_00587,2024,Sul,SC,Engenheira(o) de Software,Software Engineering,Senior,3,Masculino,6.2,21463,Remoto
TECH_00588,2022,Sudeste,RJ,Engenheira(o) de Software,Software Engineering,Pleno,2,Masculino,1.6,9093,Remoto
TECH_00589,2023,Sul,PR,Engenheira(o) de Software,Software Engineering,Lead / Staff Specialist,4,Masculino,9.4,27110,Remoto
TECH_00590,2022,Sul,PR,DevOps & Cloud Specialist,Cloud & Infrastructure,Senior,3,Masculino,7.7,12997,Presencial
TECH_00591,2022,Nordeste,PE,Cientista de Dados,Data & AI,Senior,3,Masculino,7.7,19223,Remoto
TECH_00592,2022,Sul,RS,Cientista de Dados,Data & AI,Pleno,2,Masculino,2.8,8975,Hibrido
TECH_00593,2021,Sudeste,SP,Cientista de Dados,Data & AI,Pleno,2,Masculino,5.5,7745,Hibrido
TECH_00594,2023,Sul,RS,Tech Lead / Engineering Manager,Leadership & Management,Junior,1,Feminino,1.5,4243,Hibrido
TECH_00595,2024,Nordeste,PE,DevOps & Cloud Specialist,Cloud & Infrastructure,Pleno,2,Feminino,4.2,8778,Presencial
TECH_00596,2022,Sudeste,SP,Product Manager (PM),Product & Agile,Lead / Staff Specialist,4,Masculino,10.7,22132,Remoto
TECH_00597,2024,Sul,PR,DevOps & Cloud Specialist,Cloud & Infrastructure,Senior,3,Masculino,8.0,16584,Hibrido
TECH_00598,2021,Sul,RS,Engenheira(o) de Software,Software Engineering,Junior,1,Masculino,2.7,4571,Remoto
TECH_00599,2024,Sudeste,RJ,Engenheira(o) de Software,Software Engineering,Senior,3,Feminino,7.9,14523,Hibrido
TECH_00600,2024,Nordeste,CE,DevOps & Cloud Specialist,Cloud & Infrastructure,Senior,3,Masculino,7.4,23132,Remoto
TECH_00601,2022,Nordeste,BA,Engenheira(o) de Software,Software Engineering,Pleno,2,Masculino,3.4,10896,Remoto
TECH_00602,2024,Sudeste,MG,Cientista de Dados,Data & AI,Senior,3,Masculino,8.0,20556,Hibrido
TECH_00603,2024,Sul,PR,Especialista em Ciberseguranca,Security,Lead / Staff Specialist,4,Masculino,9.8,27050,Hibrido
TECH_00604,2021,Centro-Oeste,DF,Engenheira(o) de Software,Software Engineering,Junior,1,Masculino,1.8,4584,Remoto
TECH_00605,2023,Sudeste,SP,Engenheira(o) de Software,Software Engineering,Pleno,2,Feminino,3.4,8918,Remoto
TECH_00606,2024,Nordeste,CE,Especialista em Ciberseguranca,Security,Lead / Staff Specialist,4,Masculino,10.7,24270,Hibrido
TECH_00607,2024,Sudeste,MG,Tech Lead / Engineering Manager,Leadership & Management,Junior,1,Masculino,0.5,5843,Remoto
TECH_00608,2023,Nordeste,PE,DevOps & Cloud Specialist,Cloud & Infrastructure,Lead / Staff Specialist,4,Masculino,11.1,27090,Remoto
TECH_00609,2021,Nordeste,BA,Analista de Dados / BI,Data & AI,Senior,3,Masculino,6.9,17869,Remoto
TECH_00610,2023,Sudeste,SP,Cientista de Dados,Data & AI,Senior,3,Masculino,6.7,19457,Remoto
TECH_00611,2024,Norte,AM,Cientista de Dados,Data & AI,Lead / Staff Specialist,4,Masculino,9.3,24661,Presencial
TECH_00612,2022,Sul,RS,Tech Lead / Engineering Manager,Leadership & Management,Senior,3,Masculino,6.6,16560,Hibrido
TECH_00613,2024,Sul,PR,Especialista em Ciberseguranca,Security,Junior,1,Masculino,1.7,5920,Remoto
TECH_00614,2023,Sudeste,SP,Engenheira(o) de Software,Software Engineering,Junior,1,Feminino,3.7,5176,Hibrido
TECH_00615,2022,Sudeste,RJ,Analista de Dados / BI,Data & AI,Junior,1,Feminino,0.7,3875,Remoto
TECH_00616,2023,Sudeste,MG,Analista de Dados / BI,Data & AI,Senior,3,Masculino,6.9,18770,Remoto
TECH_00617,2022,Sudeste,SP,Cientista de Dados,Data & AI,Junior,1,Feminino,2.3,4612,Remoto
TECH_00618,2023,Sudeste,SP,Cientista de Dados,Data & AI,Junior,1,Masculino,2.4,6857,Hibrido
TECH_00619,2023,Sudeste,SP,Tech Lead / Engineering Manager,Leadership & Management,Senior,3,Masculino,10.3,16889,Remoto
TECH_00620,2024,Sudeste,SP,Engenheira(o) de Dados,Data & AI,Junior,1,Masculino,1.3,5080,Remoto
TECH_00621,2024,Sudeste,SP,Cientista de Dados,Data & AI,Lead / Staff Specialist,4,Masculino,9.6,27710,Remoto
TECH_00622,2024,Sul,PR,Cientista de Dados,Data & AI,Junior,1,Masculino,1.9,5353,Remoto
TECH_00623,2024,Sudeste,SP,Cientista de Dados,Data & AI,Junior,1,Masculino,3.1,6061,Remoto
TECH_00624,2024,Sul,PR,Engenheira(o) de Dados,Data & AI,Junior,1,Masculino,0.5,5581,Presencial
TECH_00625,2021,Sul,RS,DevOps & Cloud Specialist,Cloud & Infrastructure,Junior,1,Masculino,3.0,5215,Remoto
TECH_00626,2024,Sudeste,MG,Product Manager (PM),Product & Agile,Junior,1,Masculino,3.9,5362,Remoto
TECH_00627,2022,Norte,AM,Product Manager (PM),Product & Agile,Pleno,2,Masculino,3.4,8314,Hibrido
TECH_00628,2023,Sudeste,MG,DevOps & Cloud Specialist,Cloud & Infrastructure,Pleno,2,Masculino,3.3,10513,Hibrido
TECH_00629,2024,Sul,RS,Cientista de Dados,Data & AI,Pleno,2,Masculino,1.6,9561,Remoto
TECH_00630,2021,Nordeste,PE,Product Manager (PM),Product & Agile,Pleno,2,Masculino,3.9,10339,Remoto
TECH_00631,2022,Nordeste,CE,Cientista de Dados,Data & AI,Senior,3,Masculino,8.1,16858,Remoto
TECH_00632,2024,Sudeste,RJ,Engenheira(o) de Software,Software Engineering,Junior,1,Masculino,0.5,5685,Hibrido
TECH_00633,2023,Sul,RS,Analista de Dados / BI,Data & AI,Pleno,2,Masculino,4.0,10032,Remoto
TECH_00634,2022,Sudeste,RJ,Cientista de Dados,Data & AI,Diretoria / C-Level,5,Masculino,15.6,42272,Hibrido
TECH_00635,2022,Sul,RS,Product Manager (PM),Product & Agile,Junior,1,Masculino,0.9,4407,Remoto
TECH_00636,2024,Sudeste,MG,Especialista em Ciberseguranca,Security,Pleno,2,Masculino,4.7,10697,Remoto
TECH_00637,2023,Nordeste,CE,Especialista em Ciberseguranca,Security,Junior,1,Masculino,2.7,5353,Presencial
TECH_00638,2022,Sudeste,MG,Cientista de Dados,Data & AI,Junior,1,Masculino,1.3,5908,Remoto
TECH_00639,2022,Sudeste,MG,Especialista em Ciberseguranca,Security,Junior,1,Masculino,2.9,5533,Remoto
TECH_00640,2023,Sul,PR,DevOps & Cloud Specialist,Cloud & Infrastructure,Pleno,2,Masculino,3.0,10605,Remoto
TECH_00641,2024,Sudeste,MG,Analista de Dados / BI,Data & AI,Junior,1,Masculino,1.8,5197,Remoto
TECH_00642,2021,Nordeste,CE,DevOps & Cloud Specialist,Cloud & Infrastructure,Diretoria / C-Level,5,Feminino,12.8,29129,Remoto
TECH_00643,2024,Centro-Oeste,GO,Especialista em Ciberseguranca,Security,Pleno,2,Masculino,3.5,10451,Presencial
TECH_00644,2024,Norte,AM,Especialista em Ciberseguranca,Security,Pleno,2,Masculino,5.2,11601,Hibrido
TECH_00645,2024,Centro-Oeste,DF,Product Manager (PM),Product & Agile,Junior,1,Masculino,0.5,5981,Presencial
TECH_00646,2024,Sudeste,MG,DevOps & Cloud Specialist,Cloud & Infrastructure,Senior,3,Masculino,7.3,18794,Remoto
TECH_00647,2021,Centro-Oeste,DF,Engenheira(o) de Software,Software Engineering,Pleno,2,Feminino,5.0,7455,Hibrido
TECH_00648,2024,Sudeste,RJ,DevOps & Cloud Specialist,Cloud & Infrastructure,Senior,3,Masculino,8.1,20319,Hibrido
TECH_00649,2022,Sudeste,RJ,Cientista de Dados,Data & AI,Junior,1,Feminino,1.2,4059,Presencial
TECH_00650,2021,Nordeste,PE,Analista de Dados / BI,Data & AI,Junior,1,Masculino,0.5,5269,Hibrido
TECH_00651,2022,Sul,RS,Cientista de Dados,Data & AI,Senior,3,Masculino,6.0,18553,Hibrido
TECH_00652,2024,Sudeste,MG,Product Manager (PM),Product & Agile,Pleno,2,Masculino,5.5,10847,Hibrido
TECH_00653,2023,Sudeste,RJ,Cientista de Dados,Data & AI,Senior,3,Masculino,9.2,18685,Remoto
TECH_00654,2023,Sudeste,SP,Engenheira(o) de Software,Software Engineering,Senior,3,Feminino,8.3,14837,Remoto
TECH_00655,2024,Norte,AM,Cientista de Dados,Data & AI,Junior,1,Masculino,0.5,5599,Hibrido
TECH_00656,2021,Centro-Oeste,DF,Product Manager (PM),Product & Agile,Junior,1,Feminino,1.5,4429,Hibrido
TECH_00657,2022,Sudeste,SP,Engenheira(o) de Software,Software Engineering,Junior,1,Masculino,1.3,4571,Remoto
TECH_00658,2024,Sudeste,RJ,Analista de Dados / BI,Data & AI,Junior,1,Masculino,0.7,5241,Remoto
TECH_00659,2024,Sudeste,MG,Especialista em Ciberseguranca,Security,Junior,1,Masculino,1.8,6644,Presencial
TECH_00660,2024,Sudeste,SP,Cientista de Dados,Data & AI,Junior,1,Masculino,2.0,5743,Hibrido
TECH_00661,2021,Centro-Oeste,GO,DevOps & Cloud Specialist,Cloud & Infrastructure,Pleno,2,Masculino,4.0,9596,Presencial
TECH_00662,2021,Sudeste,RJ,Especialista em Ciberseguranca,Security,Pleno,2,Masculino,2.5,9603,Remoto
TECH_00663,2024,Nordeste,PE,Cientista de Dados,Data & AI,Junior,1,Masculino,0.5,6642,Remoto
TECH_00664,2024,Sudeste,RJ,Engenheira(o) de Software,Software Engineering,Senior,3,Masculino,7.5,19248,Remoto
TECH_00665,2022,Nordeste,CE,Cientista de Dados,Data & AI,Senior,3,Masculino,7.4,18025,Hibrido
TECH_00666,2021,Sudeste,SP,DevOps & Cloud Specialist,Cloud & Infrastructure,Pleno,2,Masculino,4.4,8574,Hibrido
TECH_00667,2022,Norte,AM,Product Manager (PM),Product & Agile,Junior,1,Masculino,0.5,4669,Remoto
TECH_00668,2024,Sudeste,MG,Engenheira(o) de Dados,Data & AI,Pleno,2,Masculino,4.4,10004,Hibrido
TECH_00669,2023,Sul,PR,Engenheira(o) de Software,Software Engineering,Lead / Staff Specialist,4,Masculino,12.3,28884,Remoto
TECH_00670,2022,Sul,PR,Product Manager (PM),Product & Agile,Diretoria / C-Level,5,Masculino,13.5,43185,Remoto
TECH_00671,2022,Sudeste,SP,Tech Lead / Engineering Manager,Leadership & Management,Junior,1,Masculino,0.5,5258,Hibrido
TECH_00672,2022,Sudeste,RJ,Cientista de Dados,Data & AI,Pleno,2,Masculino,2.6,10723,Hibrido
TECH_00673,2021,Sudeste,MG,Engenheira(o) de Software,Software Engineering,Lead / Staff Specialist,4,Masculino,9.1,24860,Remoto
TECH_00674,2021,Sudeste,RJ,Tech Lead / Engineering Manager,Leadership & Management,Junior,1,Masculino,1.5,4648,Remoto
TECH_00675,2023,Sul,SC,Especialista em Ciberseguranca,Security,Junior,1,Masculino,1.2,5534,Remoto
TECH_00676,2024,Sudeste,MG,Engenheira(o) de Software,Software Engineering,Pleno,2,Feminino,4.8,11418,Remoto
TECH_00677,2023,Nordeste,BA,Tech Lead / Engineering Manager,Leadership & Management,Junior,1,Masculino,2.6,5732,Hibrido
TECH_00678,2022,Nordeste,PE,Tech Lead / Engineering Manager,Leadership & Management,Junior,1,Masculino,3.0,4472,Remoto
TECH_00679,2023,Centro-Oeste,GO,Especialista em Ciberseguranca,Security,Lead / Staff Specialist,4,Masculino,11.8,25095,Remoto
TECH_00680,2024,Sul,PR,Tech Lead / Engineering Manager,Leadership & Management,Pleno,2,Masculino,5.1,9046,Hibrido
TECH_00681,2023,Nordeste,PE,Cientista de Dados,Data & AI,Junior,1,Feminino,2.2,6054,Hibrido
TECH_00682,2023,Sudeste,SP,DevOps & Cloud Specialist,Cloud & Infrastructure,Junior,1,Masculino,2.6,4440,Hibrido
TECH_00683,2023,Sudeste,SP,Engenheira(o) de Dados,Data & AI,Pleno,2,Masculino,3.5,10512,Remoto
TECH_00684,2024,Nordeste,CE,DevOps & Cloud Specialist,Cloud & Infrastructure,Pleno,2,Feminino,4.6,9784,Remoto
TECH_00685,2024,Sudeste,SP,Engenheira(o) de Dados,Data & AI,Senior,3,Masculino,8.4,20744,Hibrido
TECH_00686,2024,Sul,SC,Cientista de Dados,Data & AI,Lead / Staff Specialist,4,Masculino,9.7,26603,Remoto
TECH_00687,2021,Sudeste,SP,Product Manager (PM),Product & Agile,Junior,1,Masculino,0.5,5127,Hibrido
TECH_00688,2024,Sul,RS,Especialista em Ciberseguranca,Security,Senior,3,Masculino,7.1,22090,Hibrido
TECH_00689,2023,Norte,PA,Engenheira(o) de Software,Software Engineering,Pleno,2,Masculino,4.3,11632,Remoto
TECH_00690,2023,Norte,PA,Tech Lead / Engineering Manager,Leadership & Management,Senior,3,Feminino,10.1,14802,Hibrido
TECH_00691,2021,Nordeste,BA,Engenheira(o) de Dados,Data & AI,Senior,3,Masculino,7.4,18112,Remoto
TECH_00692,2024,Nordeste,PE,DevOps & Cloud Specialist,Cloud & Infrastructure,Pleno,2,Masculino,5.7,10573,Hibrido
TECH_00693,2021,Sudeste,MG,Product Manager (PM),Product & Agile,Pleno,2,Masculino,1.8,8942,Remoto
TECH_00694,2023,Sudeste,MG,Cientista de Dados,Data & AI,Junior,1,Masculino,3.8,5746,Hibrido
TECH_00695,2022,Sudeste,RJ,Especialista em Ciberseguranca,Security,Senior,3,Masculino,6.6,18447,Remoto
TECH_00696,2023,Sudeste,SP,Tech Lead / Engineering Manager,Leadership & Management,Senior,3,Masculino,8.5,17648,Hibrido
TECH_00697,2022,Nordeste,PE,Especialista em Ciberseguranca,Security,Pleno,2,Feminino,4.0,8305,Remoto
TECH_00698,2024,Nordeste,CE,Engenheira(o) de Dados,Data & AI,Lead / Staff Specialist,4,Masculino,9.4,25782,Hibrido
TECH_00699,2022,Sudeste,RJ,Especialista em Ciberseguranca,Security,Pleno,2,Masculino,5.1,8708,Remoto
TECH_00700,2024,Sudeste,RJ,Analista de Dados / BI,Data & AI,Junior,1,Feminino,0.5,5147,Remoto
TECH_00701,2022,Nordeste,CE,Especialista em Ciberseguranca,Security,Junior,1,Feminino,0.5,5418,Remoto
TECH_00702,2023,Sul,SC,Engenheira(o) de Software,Software Engineering,Senior,3,Masculino,7.9,17213,Remoto
TECH_00703,2024,Sudeste,SP,Cientista de Dados,Data & AI,Pleno,2,Masculino,4.3,10763,Presencial
TECH_00704,2022,Nordeste,CE,DevOps & Cloud Specialist,Cloud & Infrastructure,Junior,1,Masculino,0.5,5181,Remoto
TECH_00705,2022,Sudeste,SP,Tech Lead / Engineering Manager,Leadership & Management,Lead / Staff Specialist,4,Masculino,10.8,22757,Hibrido
TECH_00706,2024,Sudeste,SP,Engenheira(o) de Dados,Data & AI,Lead / Staff Specialist,4,Masculino,11.6,29248,Remoto
TECH_00707,2023,Sudeste,SP,Tech Lead / Engineering Manager,Leadership & Management,Lead / Staff Specialist,4,Masculino,10.0,27564,Remoto
TECH_00708,2023,Sudeste,SP,Engenheira(o) de Software,Software Engineering,Senior,3,Masculino,8.3,18804,Hibrido
TECH_00709,2023,Nordeste,BA,DevOps & Cloud Specialist,Cloud & Infrastructure,Pleno,2,Masculino,5.4,10147,Remoto
TECH_00710,2021,Sudeste,SP,Cientista de Dados,Data & AI,Junior,1,Masculino,1.5,4198,Hibrido
TECH_00711,2023,Sudeste,RJ,Tech Lead / Engineering Manager,Leadership & Management,Senior,3,Masculino,9.4,15881,Presencial
TECH_00712,2021,Sudeste,MG,Engenheira(o) de Software,Software Engineering,Pleno,2,Feminino,3.3,7303,Presencial
TECH_00713,2024,Sul,PR,Product Manager (PM),Product & Agile,Senior,3,Masculino,7.9,14616,Hibrido
TECH_00714,2022,Sudeste,MG,DevOps & Cloud Specialist,Cloud & Infrastructure,Junior,1,Masculino,0.5,4284,Hibrido
TECH_00715,2021,Sul,RS,Especialista em Ciberseguranca,Security,Senior,3,Masculino,7.8,17720,Hibrido
TECH_00716,2023,Sul,SC,Engenheira(o) de Dados,Data & AI,Lead / Staff Specialist,4,Masculino,9.6,21878,Remoto
TECH_00717,2022,Sudeste,MG,Cientista de Dados,Data & AI,Junior,1,Masculino,0.9,4566,Remoto
TECH_00718,2022,Nordeste,BA,Engenheira(o) de Dados,Data & AI,Junior,1,Masculino,2.8,5044,Hibrido
TECH_00719,2023,Sul,RS,Engenheira(o) de Dados,Data & AI,Junior,1,Masculino,1.8,5594,Remoto
TECH_00720,2023,Sudeste,RJ,Engenheira(o) de Software,Software Engineering,Pleno,2,Masculino,4.9,10742,Remoto
TECH_00721,2023,Sudeste,MG,Analista de Dados / BI,Data & AI,Junior,1,Masculino,1.2,5909,Presencial
TECH_00722,2024,Sudeste,RJ,Product Manager (PM),Product & Agile,Lead / Staff Specialist,4,Masculino,10.5,23514,Hibrido
TECH_00723,2021,Sul,PR,Engenheira(o) de Software,Software Engineering,Senior,3,Masculino,8.8,18477,Remoto
TECH_00724,2021,Sudeste,RJ,Analista de Dados / BI,Data & AI,Senior,3,Masculino,10.2,15002,Hibrido
TECH_00725,2024,Sudeste,SP,Engenheira(o) de Dados,Data & AI,Junior,1,Masculino,0.5,4666,Remoto
TECH_00726,2024,Sudeste,MG,Engenheira(o) de Dados,Data & AI,Pleno,2,Masculino,1.8,12145,Remoto
TECH_00727,2023,Sudeste,RJ,DevOps & Cloud Specialist,Cloud & Infrastructure,Pleno,2,Masculino,3.9,10334,Remoto
TECH_00728,2022,Sul,RS,Cientista de Dados,Data & AI,Junior,1,Feminino,4.6,4660,Remoto
TECH_00729,2022,Centro-Oeste,DF,DevOps & Cloud Specialist,Cloud & Infrastructure,Diretoria / C-Level,5,Masculino,15.9,36633,Remoto
TECH_00730,2023,Sudeste,MG,Cientista de Dados,Data & AI,Pleno,2,Feminino,3.3,8713,Presencial
TECH_00731,2023,Sudeste,SP,Cientista de Dados,Data & AI,Pleno,2,Masculino,5.5,11085,Presencial
TECH_00732,2024,Sul,RS,Tech Lead / Engineering Manager,Leadership & Management,Pleno,2,Masculino,5.0,11424,Hibrido
TECH_00733,2024,Sudeste,SP,Engenheira(o) de Dados,Data & AI,Lead / Staff Specialist,4,Masculino,11.8,24952,Remoto
TECH_00734,2022,Centro-Oeste,GO,Analista de Dados / BI,Data & AI,Pleno,2,Feminino,2.4,7696,Remoto
TECH_00735,2024,Sudeste,SP,Especialista em Ciberseguranca,Security,Pleno,2,Masculino,3.8,9773,Remoto
TECH_00736,2022,Sudeste,MG,Cientista de Dados,Data & AI,Senior,3,Feminino,9.1,15436,Remoto
TECH_00737,2024,Nordeste,BA,Tech Lead / Engineering Manager,Leadership & Management,Junior,1,Feminino,0.6,4666,Remoto
TECH_00738,2023,Sudeste,SP,Product Manager (PM),Product & Agile,Pleno,2,Masculino,4.5,9823,Hibrido
TECH_00739,2021,Sudeste,SP,Especialista em Ciberseguranca,Security,Junior,1,Feminino,0.5,4930,Presencial
TECH_00740,2021,Norte,PA,Product Manager (PM),Product & Agile,Senior,3,Masculino,8.8,14378,Hibrido
TECH_00741,2023,Sul,RS,Especialista em Ciberseguranca,Security,Junior,1,Masculino,2.0,4990,Remoto
TECH_00742,2023,Sudeste,MG,Cientista de Dados,Data & AI,Junior,1,Masculino,0.6,5834,Remoto
TECH_00743,2024,Sul,SC,Product Manager (PM),Product & Agile,Senior,3,Feminino,7.2,15818,Remoto
TECH_00744,2024,Sudeste,SP,Engenheira(o) de Software,Software Engineering,Senior,3,Masculino,8.7,15834,Remoto
TECH_00745,2021,Norte,AM,Tech Lead / Engineering Manager,Leadership & Management,Junior,1,Masculino,2.7,4160,Remoto
TECH_00746,2022,Sudeste,MG,Engenheira(o) de Dados,Data & AI,Pleno,2,Feminino,4.8,9221,Remoto
TECH_00747,2022,Nordeste,BA,Engenheira(o) de Software,Software Engineering,Pleno,2,Masculino,3.8,9774,Remoto
TECH_00748,2021,Sudeste,RJ,Cientista de Dados,Data & AI,Diretoria / C-Level,5,Masculino,14.1,35273,Remoto
TECH_00749,2021,Centro-Oeste,GO,Product Manager (PM),Product & Agile,Diretoria / C-Level,5,Masculino,13.0,38893,Remoto
TECH_00750,2022,Nordeste,PE,Product Manager (PM),Product & Agile,Senior,3,Masculino,7.0,18357,Remoto
TECH_00751,2023,Sul,RS,DevOps & Cloud Specialist,Cloud & Infrastructure,Junior,1,Feminino,1.6,5291,Remoto
TECH_00752,2024,Centro-Oeste,DF,DevOps & Cloud Specialist,Cloud & Infrastructure,Senior,3,Masculino,5.0,20778,Remoto
TECH_00753,2021,Sudeste,RJ,Cientista de Dados,Data & AI,Junior,1,Masculino,2.4,4028,Remoto
TECH_00754,2021,Norte,PA,Especialista em Ciberseguranca,Security,Junior,1,Feminino,2.1,3529,Hibrido
TECH_00755,2023,Sudeste,RJ,Cientista de Dados,Data & AI,Pleno,2,Feminino,5.8,9373,Remoto
TECH_00756,2024,Nordeste,BA,Tech Lead / Engineering Manager,Leadership & Management,Pleno,2,Masculino,3.5,11929,Remoto
TECH_00757,2023,Nordeste,PE,Especialista em Ciberseguranca,Security,Junior,1,Feminino,0.5,5564,Hibrido
TECH_00758,2024,Sudeste,RJ,Product Manager (PM),Product & Agile,Senior,3,Masculino,8.2,18492,Presencial
TECH_00759,2023,Sudeste,RJ,DevOps & Cloud Specialist,Cloud & Infrastructure,Junior,1,Masculino,2.0,5548,Remoto
TECH_00760,2023,Sudeste,RJ,Especialista em Ciberseguranca,Security,Senior,3,Masculino,9.2,20792,Presencial
TECH_00761,2024,Nordeste,BA,Especialista em Ciberseguranca,Security,Junior,1,Masculino,3.8,5965,Hibrido
TECH_00762,2022,Sudeste,SP,Engenheira(o) de Software,Software Engineering,Senior,3,Masculino,6.3,20062,Remoto
TECH_00763,2024,Nordeste,PE,Analista de Dados / BI,Data & AI,Pleno,2,Masculino,5.0,11408,Hibrido
TECH_00764,2023,Sudeste,SP,Analista de Dados / BI,Data & AI,Senior,3,Masculino,6.6,18929,Presencial
TECH_00765,2024,Sudeste,RJ,Tech Lead / Engineering Manager,Leadership & Management,Lead / Staff Specialist,4,Masculino,9.9,31691,Hibrido
TECH_00766,2022,Sudeste,SP,Analista de Dados / BI,Data & AI,Junior,1,Masculino,1.4,5482,Hibrido
TECH_00767,2024,Sudeste,RJ,Analista de Dados / BI,Data & AI,Pleno,2,Masculino,5.2,9608,Hibrido
TECH_00768,2021,Sul,RS,Cientista de Dados,Data & AI,Lead / Staff Specialist,4,Masculino,9.9,25675,Remoto
TECH_00769,2021,Sudeste,RJ,Product Manager (PM),Product & Agile,Pleno,2,Feminino,1.1,8226,Hibrido
TECH_00770,2024,Sul,PR,Tech Lead / Engineering Manager,Leadership & Management,Junior,1,Masculino,0.5,4733,Hibrido
TECH_00771,2023,Sul,SC,Cientista de Dados,Data & AI,Lead / Staff Specialist,4,Masculino,11.1,25328,Hibrido
TECH_00772,2022,Sul,RS,DevOps & Cloud Specialist,Cloud & Infrastructure,Senior,3,Masculino,6.6,18470,Hibrido
TECH_00773,2022,Centro-Oeste,DF,Engenheira(o) de Software,Software Engineering,Senior,3,Masculino,6.3,17553,Hibrido
TECH_00774,2024,Nordeste,CE,Especialista em Ciberseguranca,Security,Senior,3,Masculino,7.0,15437,Remoto
TECH_00775,2024,Sudeste,SP,Engenheira(o) de Software,Software Engineering,Pleno,2,Masculino,4.7,9401,Remoto
TECH_00776,2021,Sul,RS,DevOps & Cloud Specialist,Cloud & Infrastructure,Lead / Staff Specialist,4,Masculino,11.9,18649,Hibrido
TECH_00777,2022,Nordeste,PE,Tech Lead / Engineering Manager,Leadership & Management,Junior,1,Feminino,0.8,4931,Hibrido
TECH_00778,2024,Sul,RS,Especialista em Ciberseguranca,Security,Pleno,2,Masculino,6.9,10232,Presencial
TECH_00779,2024,Centro-Oeste,GO,DevOps & Cloud Specialist,Cloud & Infrastructure,Pleno,2,Masculino,3.7,11793,Presencial
TECH_00780,2023,Sul,RS,Engenheira(o) de Dados,Data & AI,Junior,1,Masculino,2.8,6006,Remoto
TECH_00781,2023,Nordeste,CE,Cientista de Dados,Data & AI,Senior,3,Masculino,7.6,19796,Hibrido
TECH_00782,2021,Sudeste,RJ,Analista de Dados / BI,Data & AI,Pleno,2,Masculino,3.3,9700,Hibrido
TECH_00783,2024,Sul,RS,DevOps & Cloud Specialist,Cloud & Infrastructure,Lead / Staff Specialist,4,Masculino,9.3,31720,Presencial
TECH_00784,2023,Nordeste,BA,Engenheira(o) de Dados,Data & AI,Pleno,2,Masculino,1.5,10804,Remoto
TECH_00785,2022,Sudeste,RJ,Analista de Dados / BI,Data & AI,Pleno,2,Masculino,6.7,10871,Presencial
TECH_00786,2021,Sudeste,SP,Especialista em Ciberseguranca,Security,Junior,1,Feminino,0.9,5186,Presencial
TECH_00787,2022,Sudeste,SP,Engenheira(o) de Software,Software Engineering,Senior,3,Masculino,8.9,17821,Remoto
TECH_00788,2022,Nordeste,PE,Engenheira(o) de Dados,Data & AI,Junior,1,Masculino,2.7,4972,Remoto
TECH_00789,2024,Sul,PR,DevOps & Cloud Specialist,Cloud & Infrastructure,Junior,1,Masculino,1.3,6036,Remoto
TECH_00790,2023,Nordeste,CE,Analista de Dados / BI,Data & AI,Junior,1,Masculino,2.5,5418,Hibrido
TECH_00791,2021,Sudeste,MG,Engenheira(o) de Dados,Data & AI,Pleno,2,Masculino,5.1,8992,Remoto
TECH_00792,2024,Sudeste,MG,Engenheira(o) de Dados,Data & AI,Lead / Staff Specialist,4,Masculino,9.6,30853,Remoto
TECH_00793,2021,Sul,PR,Engenheira(o) de Dados,Data & AI,Junior,1,Masculino,2.8,5302,Remoto
TECH_00794,2024,Sul,SC,DevOps & Cloud Specialist,Cloud & Infrastructure,Junior,1,Masculino,1.6,5426,Remoto
TECH_00795,2022,Nordeste,CE,Cientista de Dados,Data & AI,Junior,1,Feminino,1.0,4806,Remoto
TECH_00796,2023,Sul,RS,Tech Lead / Engineering Manager,Leadership & Management,Senior,3,Feminino,6.2,14103,Remoto
TECH_00797,2022,Sudeste,SP,Especialista em Ciberseguranca,Security,Pleno,2,Masculino,2.9,10964,Remoto
TECH_00798,2023,Sudeste,RJ,Tech Lead / Engineering Manager,Leadership & Management,Pleno,2,Masculino,3.5,10556,Hibrido
TECH_00799,2024,Sul,SC,Especialista em Ciberseguranca,Security,Junior,1,Masculino,3.6,6951,Hibrido
TECH_00800,2024,Centro-Oeste,DF,Product Manager (PM),Product & Agile,Senior,3,Masculino,7.2,18566,Remoto
TECH_00801,2024,Sul,PR,Product Manager (PM),Product & Agile,Junior,1,Feminino,0.6,5432,Remoto
TECH_00802,2022,Sudeste,MG,Engenheira(o) de Software,Software Engineering,Pleno,2,Masculino,5.7,8513,Hibrido
TECH_00803,2022,Centro-Oeste,GO,DevOps & Cloud Specialist,Cloud & Infrastructure,Pleno,2,Feminino,3.3,7537,Hibrido
TECH_00804,2023,Nordeste,CE,Analista de Dados / BI,Data & AI,Senior,3,Masculino,8.2,16218,Presencial
TECH_00805,2022,Sudeste,SP,Analista de Dados / BI,Data & AI,Senior,3,Masculino,8.2,18184,Hibrido
TECH_00806,2024,Sudeste,RJ,Tech Lead / Engineering Manager,Leadership & Management,Lead / Staff Specialist,4,Masculino,10.1,27993,Hibrido
TECH_00807,2023,Sul,RS,Engenheira(o) de Software,Software Engineering,Pleno,2,Feminino,4.1,7386,Remoto
TECH_00808,2024,Nordeste,CE,Tech Lead / Engineering Manager,Leadership & Management,Senior,3,Feminino,7.5,18528,Hibrido
TECH_00809,2023,Centro-Oeste,DF,Engenheira(o) de Dados,Data & AI,Junior,1,Feminino,0.9,4984,Hibrido
TECH_00810,2024,Sul,SC,Especialista em Ciberseguranca,Security,Junior,1,Masculino,0.9,5816,Hibrido
TECH_00811,2022,Nordeste,PE,Engenheira(o) de Software,Software Engineering,Junior,1,Masculino,0.5,4889,Hibrido
TECH_00812,2021,Sudeste,SP,Product Manager (PM),Product & Agile,Junior,1,Masculino,1.7,4515,Remoto
TECH_00813,2024,Sudeste,SP,Cientista de Dados,Data & AI,Junior,1,Masculino,3.0,6033,Remoto
TECH_00814,2024,Sudeste,MG,Cientista de Dados,Data & AI,Pleno,2,Masculino,4.9,10330,Remoto
TECH_00815,2024,Nordeste,CE,Analista de Dados / BI,Data & AI,Senior,3,Masculino,6.2,17425,Hibrido
TECH_00816,2022,Sudeste,RJ,Product Manager (PM),Product & Agile,Junior,1,Feminino,0.9,3687,Remoto
TECH_00817,2024,Nordeste,BA,Product Manager (PM),Product & Agile,Junior,1,Masculino,0.5,5867,Remoto
TECH_00818,2024,Sudeste,SP,Especialista em Ciberseguranca,Security,Lead / Staff Specialist,4,Masculino,12.0,24125,Remoto
TECH_00819,2024,Sul,PR,Engenheira(o) de Software,Software Engineering,Senior,3,Masculino,8.5,18467,Remoto
TECH_00820,2024,Sudeste,SP,Especialista em Ciberseguranca,Security,Junior,1,Masculino,0.5,6600,Remoto
TECH_00821,2022,Sul,RS,Tech Lead / Engineering Manager,Leadership & Management,Junior,1,Feminino,1.0,4780,Remoto
TECH_00822,2021,Sudeste,SP,Tech Lead / Engineering Manager,Leadership & Management,Pleno,2,Masculino,3.0,9687,Hibrido
TECH_00823,2023,Sul,SC,Cientista de Dados,Data & AI,Junior,1,Masculino,0.5,5498,Presencial
TECH_00824,2024,Sul,SC,Product Manager (PM),Product & Agile,Junior,1,Feminino,1.6,4959,Remoto
TECH_00825,2024,Sudeste,RJ,Especialista em Ciberseguranca,Security,Senior,3,Masculino,8.3,16985,Remoto
TECH_00826,2022,Sudeste,SP,Engenheira(o) de Dados,Data & AI,Diretoria / C-Level,5,Masculino,12.9,34698,Remoto
TECH_00827,2024,Sudeste,SP,Engenheira(o) de Software,Software Engineering,Senior,3,Masculino,7.0,18370,Remoto
TECH_00828,2021,Sul,SC,Especialista em Ciberseguranca,Security,Pleno,2,Feminino,5.1,7408,Remoto
TECH_00829,2021,Sudeste,MG,Product Manager (PM),Product & Agile,Pleno,2,Masculino,4.3,8671,Remoto
TECH_00830,2022,Centro-Oeste,DF,DevOps & Cloud Specialist,Cloud & Infrastructure,Pleno,2,Masculino,5.8,9788,Hibrido
TECH_00831,2024,Sul,PR,Product Manager (PM),Product & Agile,Pleno,2,Masculino,5.0,11142,Remoto
TECH_00832,2024,Sudeste,MG,Especialista em Ciberseguranca,Security,Junior,1,Feminino,0.5,4664,Hibrido
TECH_00833,2024,Sudeste,RJ,Product Manager (PM),Product & Agile,Junior,1,Masculino,1.1,4970,Remoto
TECH_00834,2024,Sul,SC,Tech Lead / Engineering Manager,Leadership & Management,Senior,3,Masculino,9.3,19669,Remoto
TECH_00835,2023,Sudeste,MG,Cientista de Dados,Data & AI,Junior,1,Feminino,1.5,4913,Remoto
TECH_00836,2023,Sudeste,MG,Engenheira(o) de Software,Software Engineering,Senior,3,Masculino,6.5,17528,Presencial
TECH_00837,2023,Sudeste,MG,Tech Lead / Engineering Manager,Leadership & Management,Lead / Staff Specialist,4,Masculino,12.1,26482,Remoto
TECH_00838,2022,Norte,AM,Analista de Dados / BI,Data & AI,Senior,3,Masculino,8.1,17049,Remoto
TECH_00839,2024,Centro-Oeste,GO,Analista de Dados / BI,Data & AI,Senior,3,Masculino,8.2,17428,Remoto
TECH_00840,2023,Sudeste,MG,Tech Lead / Engineering Manager,Leadership & Management,Senior,3,Masculino,7.9,14848,Remoto
TECH_00841,2024,Sudeste,MG,DevOps & Cloud Specialist,Cloud & Infrastructure,Lead / Staff Specialist,4,Masculino,10.3,27885,Remoto
TECH_00842,2024,Sudeste,RJ,Engenheira(o) de Software,Software Engineering,Senior,3,Feminino,8.4,14863,Hibrido
TECH_00843,2023,Sul,PR,Analista de Dados / BI,Data & AI,Junior,1,Masculino,2.2,5433,Remoto
TECH_00844,2023,Sudeste,MG,DevOps & Cloud Specialist,Cloud & Infrastructure,Junior,1,Masculino,1.8,6073,Remoto
TECH_00845,2022,Sudeste,MG,Engenheira(o) de Software,Software Engineering,Senior,3,Masculino,5.0,15424,Hibrido
TECH_00846,2023,Sul,RS,Analista de Dados / BI,Data & AI,Pleno,2,Feminino,4.0,7711,Hibrido
TECH_00847,2024,Sul,SC,Engenheira(o) de Dados,Data & AI,Pleno,2,Masculino,2.4,11110,Hibrido
TECH_00848,2022,Sudeste,SP,Cientista de Dados,Data & AI,Pleno,2,Feminino,3.1,7972,Hibrido
TECH_00849,2024,Sudeste,RJ,Tech Lead / Engineering Manager,Leadership & Management,Senior,3,Feminino,6.8,15510,Remoto
TECH_00850,2021,Nordeste,PE,DevOps & Cloud Specialist,Cloud & Infrastructure,Senior,3,Masculino,8.7,14175,Remoto
TECH_00851,2021,Nordeste,BA,DevOps & Cloud Specialist,Cloud & Infrastructure,Junior,1,Masculino,0.7,5277,Remoto
TECH_00852,2024,Sudeste,RJ,Analista de Dados / BI,Data & AI,Senior,3,Masculino,8.2,19806,Remoto
TECH_00853,2024,Sul,RS,Cientista de Dados,Data & AI,Pleno,2,Masculino,3.8,8973,Hibrido
TECH_00854,2022,Sudeste,MG,Especialista em Ciberseguranca,Security,Pleno,2,Masculino,2.1,11043,Remoto
TECH_00855,2023,Centro-Oeste,GO,Cientista de Dados,Data & AI,Senior,3,Feminino,7.5,13395,Remoto
TECH_00856,2022,Sul,SC,Tech Lead / Engineering Manager,Leadership & Management,Junior,1,Masculino,2.4,5153,Hibrido
TECH_00857,2023,Centro-Oeste,GO,Engenheira(o) de Software,Software Engineering,Junior,1,Feminino,2.3,5763,Hibrido
TECH_00858,2024,Sul,SC,Analista de Dados / BI,Data & AI,Junior,1,Masculino,2.3,5453,Hibrido
TECH_00859,2021,Sul,SC,Engenheira(o) de Dados,Data & AI,Pleno,2,Masculino,3.9,10235,Presencial
TECH_00860,2024,Centro-Oeste,GO,Engenheira(o) de Dados,Data & AI,Pleno,2,Masculino,4.9,12527,Presencial
TECH_00861,2021,Sudeste,MG,Engenheira(o) de Software,Software Engineering,Senior,3,Masculino,8.7,14818,Remoto
TECH_00862,2023,Nordeste,CE,Analista de Dados / BI,Data & AI,Junior,1,Feminino,1.6,5334,Hibrido
TECH_00863,2024,Norte,PA,Product Manager (PM),Product & Agile,Pleno,2,Masculino,3.6,9658,Remoto
TECH_00864,2023,Sul,SC,Product Manager (PM),Product & Agile,Senior,3,Masculino,7.2,18342,Remoto
TECH_00865,2024,Sudeste,SP,Analista de Dados / BI,Data & AI,Pleno,2,Feminino,4.0,7878,Remoto
TECH_00866,2024,Nordeste,PE,Engenheira(o) de Software,Software Engineering,Senior,3,Masculino,6.5,22236,Remoto
TECH_00867,2022,Sul,PR,Engenheira(o) de Dados,Data & AI,Junior,1,Masculino,2.7,5561,Remoto
TECH_00868,2024,Sul,PR,DevOps & Cloud Specialist,Cloud & Infrastructure,Senior,3,Masculino,4.5,18026,Presencial
TECH_00869,2022,Norte,PA,Product Manager (PM),Product & Agile,Pleno,2,Masculino,3.9,9727,Remoto
TECH_00870,2024,Sudeste,RJ,Cientista de Dados,Data & AI,Junior,1,Masculino,2.4,5526,Remoto
TECH_00871,2023,Sudeste,SP,DevOps & Cloud Specialist,Cloud & Infrastructure,Pleno,2,Masculino,6.2,11324,Hibrido
TECH_00872,2024,Sudeste,SP,Engenheira(o) de Software,Software Engineering,Diretoria / C-Level,5,Masculino,13.8,47120,Hibrido
TECH_00873,2023,Sudeste,SP,Product Manager (PM),Product & Agile,Lead / Staff Specialist,4,Feminino,9.3,19538,Remoto
TECH_00874,2022,Sul,SC,Engenheira(o) de Software,Software Engineering,Pleno,2,Masculino,2.3,9125,Remoto
TECH_00875,2022,Nordeste,BA,Especialista em Ciberseguranca,Security,Pleno,2,Masculino,5.8,11607,Remoto
TECH_00876,2023,Sul,PR,DevOps & Cloud Specialist,Cloud & Infrastructure,Pleno,2,Feminino,2.7,7843,Hibrido
TECH_00877,2024,Centro-Oeste,DF,DevOps & Cloud Specialist,Cloud & Infrastructure,Senior,3,Masculino,5.7,16440,Hibrido
TECH_00878,2021,Sul,RS,Engenheira(o) de Dados,Data & AI,Pleno,2,Masculino,2.4,9673,Remoto
TECH_00879,2023,Sudeste,MG,Engenheira(o) de Software,Software Engineering,Pleno,2,Masculino,5.1,10269,Hibrido
TECH_00880,2021,Nordeste,BA,DevOps & Cloud Specialist,Cloud & Infrastructure,Junior,1,Masculino,0.6,5071,Presencial
TECH_00881,2024,Centro-Oeste,GO,Engenheira(o) de Software,Software Engineering,Lead / Staff Specialist,4,Masculino,11.4,31500,Remoto
TECH_00882,2021,Sul,SC,Tech Lead / Engineering Manager,Leadership & Management,Junior,1,Feminino,0.6,4179,Remoto
TECH_00883,2024,Sudeste,RJ,Analista de Dados / BI,Data & AI,Junior,1,Masculino,1.9,6098,Hibrido
TECH_00884,2021,Norte,AM,Cientista de Dados,Data & AI,Lead / Staff Specialist,4,Masculino,11.4,22310,Remoto
TECH_00885,2023,Sudeste,SP,Engenheira(o) de Software,Software Engineering,Junior,1,Feminino,3.3,5077,Hibrido
TECH_00886,2022,Sudeste,MG,Engenheira(o) de Dados,Data & AI,Lead / Staff Specialist,4,Masculino,10.1,28949,Remoto
TECH_00887,2021,Sudeste,RJ,Tech Lead / Engineering Manager,Leadership & Management,Senior,3,Masculino,9.6,16964,Remoto
TECH_00888,2023,Nordeste,BA,DevOps & Cloud Specialist,Cloud & Infrastructure,Junior,1,Masculino,2.0,5519,Hibrido
TECH_00889,2024,Sudeste,RJ,Product Manager (PM),Product & Agile,Junior,1,Feminino,4.2,5375,Hibrido
TECH_00890,2022,Centro-Oeste,GO,Engenheira(o) de Software,Software Engineering,Junior,1,Masculino,1.0,5827,Remoto
TECH_00891,2023,Sudeste,RJ,Engenheira(o) de Software,Software Engineering,Pleno,2,Masculino,3.8,8067,Presencial
TECH_00892,2024,Sudeste,MG,Engenheira(o) de Software,Software Engineering,Junior,1,Feminino,4.3,5522,Remoto
TECH_00893,2023,Sudeste,RJ,Especialista em Ciberseguranca,Security,Junior,1,Masculino,0.5,5104,Remoto
TECH_00894,2021,Nordeste,CE,Engenheira(o) de Software,Software Engineering,Junior,1,Feminino,1.8,4067,Remoto
TECH_00895,2024,Sudeste,SP,Tech Lead / Engineering Manager,Leadership & Management,Lead / Staff Specialist,4,Masculino,12.0,27074,Hibrido
TECH_00896,2023,Norte,AM,Tech Lead / Engineering Manager,Leadership & Management,Pleno,2,Masculino,4.4,9443,Hibrido
TECH_00897,2023,Sudeste,RJ,Tech Lead / Engineering Manager,Leadership & Management,Lead / Staff Specialist,4,Masculino,12.0,27229,Hibrido
TECH_00898,2023,Nordeste,BA,Cientista de Dados,Data & AI,Junior,1,Masculino,0.5,4387,Remoto
TECH_00899,2022,Sudeste,MG,Engenheira(o) de Software,Software Engineering,Junior,1,Masculino,2.1,5310,Remoto
TECH_00900,2023,Sudeste,SP,Engenheira(o) de Dados,Data & AI,Pleno,2,Masculino,3.9,11400,Remoto
TECH_00901,2022,Sudeste,RJ,Especialista em Ciberseguranca,Security,Senior,3,Masculino,7.1,20867,Remoto
TECH_00902,2023,Sudeste,RJ,Engenheira(o) de Dados,Data & AI,Junior,1,Masculino,0.5,5146,Remoto
TECH_00903,2021,Sudeste,SP,Cientista de Dados,Data & AI,Junior,1,Masculino,0.8,4921,Remoto
TECH_00904,2024,Norte,PA,Analista de Dados / BI,Data & AI,Junior,1,Masculino,0.5,5920,Hibrido
TECH_00905,2023,Norte,AM,Analista de Dados / BI,Data & AI,Pleno,2,Masculino,5.0,6774,Hibrido
TECH_00906,2023,Centro-Oeste,GO,DevOps & Cloud Specialist,Cloud & Infrastructure,Diretoria / C-Level,5,Masculino,12.5,42597,Hibrido
TECH_00907,2022,Sudeste,SP,Tech Lead / Engineering Manager,Leadership & Management,Lead / Staff Specialist,4,Masculino,9.9,29864,Hibrido
TECH_00908,2023,Sudeste,SP,DevOps & Cloud Specialist,Cloud & Infrastructure,Pleno,2,Masculino,4.6,10252,Remoto
TECH_00909,2022,Sudeste,SP,Analista de Dados / BI,Data & AI,Pleno,2,Masculino,1.5,9827,Hibrido
TECH_00910,2023,Sudeste,RJ,DevOps & Cloud Specialist,Cloud & Infrastructure,Junior,1,Masculino,1.3,5637,Presencial
TECH_00911,2024,Centro-Oeste,DF,Cientista de Dados,Data & AI,Junior,1,Masculino,0.9,5330,Remoto
TECH_00912,2022,Sul,PR,Engenheira(o) de Software,Software Engineering,Lead / Staff Specialist,4,Feminino,10.3,19139,Hibrido
TECH_00913,2023,Nordeste,PE,DevOps & Cloud Specialist,Cloud & Infrastructure,Pleno,2,Feminino,3.3,8933,Hibrido
TECH_00914,2024,Sul,SC,Especialista em Ciberseguranca,Security,Pleno,2,Masculino,3.0,11411,Presencial
TECH_00915,2023,Sudeste,MG,Product Manager (PM),Product & Agile,Lead / Staff Specialist,4,Masculino,11.8,24499,Hibrido
TECH_00916,2023,Sudeste,RJ,Especialista em Ciberseguranca,Security,Senior,3,Masculino,6.5,15893,Remoto
TECH_00917,2024,Sudeste,MG,Engenheira(o) de Dados,Data & AI,Junior,1,Masculino,0.5,5274,Presencial
TECH_00918,2022,Sudeste,MG,Tech Lead / Engineering Manager,Leadership & Management,Pleno,2,Masculino,2.9,10341,Hibrido
TECH_00919,2022,Norte,PA,Product Manager (PM),Product & Agile,Junior,1,Feminino,0.5,4468,Remoto
TECH_00920,2024,Nordeste,PE,DevOps & Cloud Specialist,Cloud & Infrastructure,Junior,1,Masculino,2.1,5355,Remoto
TECH_00921,2023,Sudeste,RJ,Product Manager (PM),Product & Agile,Junior,1,Masculino,2.0,4966,Presencial
TECH_00922,2023,Sul,SC,Tech Lead / Engineering Manager,Leadership & Management,Pleno,2,Masculino,6.1,11048,Remoto
TECH_00923,2024,Sudeste,MG,DevOps & Cloud Specialist,Cloud & Infrastructure,Senior,3,Masculino,7.8,17943,Hibrido
TECH_00924,2024,Norte,AM,Engenheira(o) de Software,Software Engineering,Junior,1,Masculino,0.9,6299,Hibrido
TECH_00925,2023,Sudeste,SP,Product Manager (PM),Product & Agile,Pleno,2,Masculino,4.0,10448,Remoto
TECH_00926,2023,Nordeste,PE,Engenheira(o) de Software,Software Engineering,Senior,3,Masculino,5.2,16959,Remoto
TECH_00927,2024,Sudeste,SP,Engenheira(o) de Dados,Data & AI,Pleno,2,Masculino,5.7,10842,Remoto
TECH_00928,2024,Nordeste,CE,Engenheira(o) de Software,Software Engineering,Pleno,2,Masculino,2.3,11782,Presencial
TECH_00929,2023,Sudeste,SP,Cientista de Dados,Data & AI,Pleno,2,Masculino,3.3,10387,Remoto
TECH_00930,2024,Sul,PR,DevOps & Cloud Specialist,Cloud & Infrastructure,Junior,1,Masculino,1.8,4895,Remoto
TECH_00931,2022,Sul,SC,Analista de Dados / BI,Data & AI,Junior,1,Masculino,0.6,5423,Remoto
TECH_00932,2022,Nordeste,CE,Cientista de Dados,Data & AI,Pleno,2,Masculino,5.5,10583,Remoto
TECH_00933,2023,Sudeste,SP,Tech Lead / Engineering Manager,Leadership & Management,Lead / Staff Specialist,4,Masculino,9.4,24646,Remoto
TECH_00934,2022,Sul,SC,Engenheira(o) de Software,Software Engineering,Junior,1,Feminino,0.5,4968,Hibrido
TECH_00935,2022,Sudeste,RJ,DevOps & Cloud Specialist,Cloud & Infrastructure,Junior,1,Masculino,1.2,4472,Remoto
TECH_00936,2021,Sudeste,RJ,Analista de Dados / BI,Data & AI,Pleno,2,Masculino,5.4,8696,Remoto
TECH_00937,2023,Nordeste,BA,Analista de Dados / BI,Data & AI,Junior,1,Masculino,1.2,5712,Remoto
TECH_00938,2024,Nordeste,BA,Analista de Dados / BI,Data & AI,Junior,1,Masculino,1.7,5241,Remoto
TECH_00939,2024,Nordeste,BA,Cientista de Dados,Data & AI,Junior,1,Feminino,2.0,5797,Hibrido
TECH_00940,2022,Sul,SC,DevOps & Cloud Specialist,Cloud & Infrastructure,Pleno,2,Masculino,3.2,10385,Remoto
TECH_00941,2023,Sudeste,SP,Tech Lead / Engineering Manager,Leadership & Management,Senior,3,Masculino,6.8,18829,Remoto
TECH_00942,2024,Sudeste,SP,Engenheira(o) de Software,Software Engineering,Senior,3,Masculino,8.2,15796,Hibrido
TECH_00943,2022,Norte,PA,Product Manager (PM),Product & Agile,Diretoria / C-Level,5,Masculino,14.1,39745,Hibrido
TECH_00944,2023,Nordeste,PE,DevOps & Cloud Specialist,Cloud & Infrastructure,Junior,1,Masculino,1.1,5948,Remoto
TECH_00945,2024,Sudeste,SP,Analista de Dados / BI,Data & AI,Lead / Staff Specialist,4,Masculino,11.0,28294,Remoto
TECH_00946,2022,Sudeste,RJ,Analista de Dados / BI,Data & AI,Pleno,2,Masculino,2.2,9724,Remoto
TECH_00947,2023,Sudeste,MG,Analista de Dados / BI,Data & AI,Pleno,2,Feminino,5.8,8168,Remoto
TECH_00948,2023,Sudeste,MG,Especialista em Ciberseguranca,Security,Junior,1,Feminino,1.6,4872,Hibrido
TECH_00949,2023,Centro-Oeste,GO,Tech Lead / Engineering Manager,Leadership & Management,Pleno,2,Masculino,2.8,8910,Presencial
TECH_00950,2024,Norte,AM,Engenheira(o) de Dados,Data & AI,Junior,1,Masculino,1.6,5654,Remoto
TECH_00951,2023,Sul,SC,Engenheira(o) de Dados,Data & AI,Junior,1,Masculino,1.0,5545,Hibrido
TECH_00952,2023,Sudeste,SP,Engenheira(o) de Software,Software Engineering,Senior,3,Masculino,10.1,20246,Remoto
TECH_00953,2023,Sudeste,RJ,Engenheira(o) de Software,Software Engineering,Pleno,2,Masculino,2.4,9854,Hibrido
TECH_00954,2024,Nordeste,CE,DevOps & Cloud Specialist,Cloud & Infrastructure,Lead / Staff Specialist,4,Masculino,10.7,29024,Hibrido
TECH_00955,2022,Sudeste,RJ,Engenheira(o) de Software,Software Engineering,Pleno,2,Feminino,4.2,7662,Remoto
TECH_00956,2022,Sudeste,RJ,Product Manager (PM),Product & Agile,Junior,1,Masculino,3.7,5727,Remoto
TECH_00957,2022,Sul,PR,Engenheira(o) de Software,Software Engineering,Lead / Staff Specialist,4,Masculino,9.7,25608,Remoto
TECH_00958,2023,Sudeste,RJ,Engenheira(o) de Dados,Data & AI,Junior,1,Masculino,0.5,4424,Presencial
TECH_00959,2022,Sudeste,RJ,Especialista em Ciberseguranca,Security,Lead / Staff Specialist,4,Masculino,9.0,25304,Remoto
TECH_00960,2022,Nordeste,PE,Cientista de Dados,Data & AI,Senior,3,Masculino,9.7,17679,Remoto
TECH_00961,2023,Sudeste,RJ,Engenheira(o) de Software,Software Engineering,Pleno,2,Masculino,5.0,9345,Remoto
TECH_00962,2022,Nordeste,CE,Especialista em Ciberseguranca,Security,Pleno,2,Feminino,3.8,7001,Presencial
TECH_00963,2022,Nordeste,BA,Tech Lead / Engineering Manager,Leadership & Management,Junior,1,Masculino,2.5,4616,Remoto
TECH_00964,2024,Sudeste,MG,DevOps & Cloud Specialist,Cloud & Infrastructure,Senior,3,Masculino,9.6,19136,Remoto
TECH_00965,2022,Sudeste,SP,Engenheira(o) de Software,Software Engineering,Diretoria / C-Level,5,Masculino,16.1,45308,Remoto
TECH_00966,2023,Sudeste,MG,Especialista em Ciberseguranca,Security,Junior,1,Masculino,2.4,4772,Remoto
TECH_00967,2023,Centro-Oeste,DF,Tech Lead / Engineering Manager,Leadership & Management,Pleno,2,Masculino,2.4,10120,Hibrido
TECH_00968,2022,Nordeste,CE,Analista de Dados / BI,Data & AI,Senior,3,Masculino,9.3,17323,Remoto
TECH_00969,2023,Sudeste,MG,Engenheira(o) de Dados,Data & AI,Junior,1,Masculino,1.8,5045,Remoto
TECH_00970,2024,Sudeste,SP,Engenheira(o) de Software,Software Engineering,Junior,1,Masculino,2.9,5138,Remoto
TECH_00971,2024,Sudeste,SP,Product Manager (PM),Product & Agile,Pleno,2,Feminino,3.0,8585,Hibrido
TECH_00972,2021,Norte,AM,Analista de Dados / BI,Data & AI,Diretoria / C-Level,5,Masculino,13.6,40085,Hibrido
TECH_00973,2024,Sudeste,RJ,Product Manager (PM),Product & Agile,Lead / Staff Specialist,4,Masculino,10.8,28441,Hibrido
TECH_00974,2021,Sudeste,MG,DevOps & Cloud Specialist,Cloud & Infrastructure,Senior,3,Masculino,5.1,14726,Hibrido
TECH_00975,2023,Sudeste,RJ,Product Manager (PM),Product & Agile,Junior,1,Feminino,2.7,5531,Remoto
TECH_00976,2023,Norte,PA,Especialista em Ciberseguranca,Security,Pleno,2,Feminino,3.4,8161,Remoto
TECH_00977,2024,Sudeste,SP,Analista de Dados / BI,Data & AI,Junior,1,Feminino,1.7,5418,Remoto
TECH_00978,2024,Nordeste,PE,Cientista de Dados,Data & AI,Junior,1,Masculino,1.6,6887,Remoto
TECH_00979,2022,Sudeste,MG,Product Manager (PM),Product & Agile,Junior,1,Feminino,1.6,4891,Hibrido
TECH_00980,2021,Sul,SC,DevOps & Cloud Specialist,Cloud & Infrastructure,Senior,3,Feminino,9.1,13272,Remoto
TECH_00981,2023,Sudeste,MG,Especialista em Ciberseguranca,Security,Lead / Staff Specialist,4,Masculino,10.5,24024,Remoto
TECH_00982,2023,Nordeste,BA,Analista de Dados / BI,Data & AI,Junior,1,Masculino,5.0,5670,Remoto
TECH_00983,2023,Sudeste,SP,Cientista de Dados,Data & AI,Junior,1,Masculino,0.5,5607,Remoto
TECH_00984,2023,Sul,SC,Cientista de Dados,Data & AI,Senior,3,Masculino,7.1,20630,Presencial
TECH_00985,2021,Sudeste,MG,Engenheira(o) de Dados,Data & AI,Pleno,2,Feminino,5.8,8278,Hibrido
TECH_00986,2022,Nordeste,PE,DevOps & Cloud Specialist,Cloud & Infrastructure,Junior,1,Masculino,1.4,5711,Remoto
TECH_00987,2022,Sul,SC,Analista de Dados / BI,Data & AI,Lead / Staff Specialist,4,Masculino,11.0,29288,Hibrido
TECH_00988,2023,Sudeste,SP,Engenheira(o) de Dados,Data & AI,Pleno,2,Masculino,3.6,9937,Remoto
TECH_00989,2024,Sudeste,RJ,Cientista de Dados,Data & AI,Pleno,2,Masculino,3.4,13188,Presencial
TECH_00990,2023,Sudeste,SP,Engenheira(o) de Dados,Data & AI,Junior,1,Masculino,3.5,4427,Hibrido
TECH_00991,2024,Sudeste,MG,Tech Lead / Engineering Manager,Leadership & Management,Pleno,2,Feminino,5.8,10283,Remoto
TECH_00992,2022,Sudeste,MG,Analista de Dados / BI,Data & AI,Junior,1,Masculino,2.1,4774,Remoto
TECH_00993,2021,Centro-Oeste,GO,Engenheira(o) de Software,Software Engineering,Pleno,2,Masculino,5.4,9370,Remoto
TECH_00994,2023,Sul,RS,Analista de Dados / BI,Data & AI,Lead / Staff Specialist,4,Masculino,10.8,22861,Hibrido
TECH_00995,2022,Sudeste,RJ,Analista de Dados / BI,Data & AI,Junior,1,Masculino,1.1,5926,Presencial
TECH_00996,2024,Sudeste,RJ,Engenheira(o) de Dados,Data & AI,Senior,3,Masculino,7.1,21143,Remoto
TECH_00997,2022,Sudeste,MG,Cientista de Dados,Data & AI,Lead / Staff Specialist,4,Masculino,11.8,28206,Hibrido
TECH_00998,2023,Centro-Oeste,GO,Tech Lead / Engineering Manager,Leadership & Management,Lead / Staff Specialist,4,Masculino,11.0,21626,Remoto
TECH_00999,2021,Sul,RS,Especialista em Ciberseguranca,Security,Junior,1,Masculino,2.5,4957,Hibrido
TECH_01000,2022,Sul,PR,Product Manager (PM),Product & Agile,Diretoria / C-Level,5,Masculino,14.6,41092,Remoto
TECH_01001,2024,Nordeste,CE,Engenheira(o) de Dados,Data & AI,Lead / Staff Specialist,4,Masculino,13.3,23340,Remoto
TECH_01002,2023,Nordeste,CE,Engenheira(o) de Dados,Data & AI,Junior,1,Feminino,3.4,4667,Hibrido
TECH_01003,2024,Sul,RS,Product Manager (PM),Product & Agile,Pleno,2,Masculino,4.2,11300,Remoto
TECH_01004,2024,Sudeste,SP,Product Manager (PM),Product & Agile,Pleno,2,Feminino,5.3,9797,Presencial
TECH_01005,2022,Sul,RS,Tech Lead / Engineering Manager,Leadership & Management,Junior,1,Masculino,1.1,5185,Hibrido
TECH_01006,2024,Sudeste,RJ,Cientista de Dados,Data & AI,Junior,1,Masculino,5.3,6177,Remoto
TECH_01007,2024,Sudeste,RJ,Cientista de Dados,Data & AI,Junior,1,Masculino,0.5,5303,Remoto
TECH_01008,2024,Norte,PA,Especialista em Ciberseguranca,Security,Pleno,2,Masculino,3.1,12506,Presencial
TECH_01009,2023,Sudeste,SP,DevOps & Cloud Specialist,Cloud & Infrastructure,Senior,3,Masculino,5.7,18203,Remoto
TECH_01010,2024,Sul,PR,Product Manager (PM),Product & Agile,Junior,1,Masculino,1.8,5620,Remoto
TECH_01011,2023,Sul,SC,Cientista de Dados,Data & AI,Pleno,2,Masculino,6.2,8476,Hibrido
TECH_01012,2024,Sul,PR,DevOps & Cloud Specialist,Cloud & Infrastructure,Junior,1,Masculino,3.2,4931,Remoto
TECH_01013,2024,Sul,PR,Engenheira(o) de Software,Software Engineering,Lead / Staff Specialist,4,Masculino,11.7,26454,Hibrido
TECH_01014,2024,Norte,PA,Engenheira(o) de Dados,Data & AI,Pleno,2,Masculino,2.6,12401,Hibrido
TECH_01015,2021,Sudeste,RJ,Tech Lead / Engineering Manager,Leadership & Management,Junior,1,Masculino,1.3,4701,Remoto
TECH_01016,2024,Nordeste,CE,Engenheira(o) de Dados,Data & AI,Pleno,2,Masculino,2.6,11325,Hibrido
TECH_01017,2021,Norte,AM,Tech Lead / Engineering Manager,Leadership & Management,Pleno,2,Masculino,4.0,8914,Remoto
TECH_01018,2023,Sudeste,MG,Tech Lead / Engineering Manager,Leadership & Management,Pleno,2,Masculino,2.5,10851,Remoto
TECH_01019,2023,Sul,PR,Especialista em Ciberseguranca,Security,Junior,1,Feminino,0.9,4497,Remoto
TECH_01020,2023,Sul,SC,Tech Lead / Engineering Manager,Leadership & Management,Junior,1,Feminino,2.5,4959,Hibrido
TECH_01021,2024,Nordeste,CE,Tech Lead / Engineering Manager,Leadership & Management,Junior,1,Masculino,1.8,4922,Hibrido
TECH_01022,2024,Sudeste,RJ,Engenheira(o) de Dados,Data & AI,Pleno,2,Masculino,4.0,10659,Remoto
TECH_01023,2021,Centro-Oeste,GO,DevOps & Cloud Specialist,Cloud & Infrastructure,Junior,1,Feminino,2.4,4195,Remoto
TECH_01024,2021,Sudeste,RJ,Tech Lead / Engineering Manager,Leadership & Management,Lead / Staff Specialist,4,Masculino,9.4,22619,Remoto
TECH_01025,2023,Sudeste,RJ,DevOps & Cloud Specialist,Cloud & Infrastructure,Senior,3,Feminino,6.0,17719,Remoto
TECH_01026,2023,Nordeste,BA,Analista de Dados / BI,Data & AI,Junior,1,Masculino,4.2,4351,Hibrido
TECH_01027,2021,Sul,PR,Engenheira(o) de Dados,Data & AI,Junior,1,Masculino,0.6,4281,Presencial
TECH_01028,2022,Sudeste,RJ,Engenheira(o) de Software,Software Engineering,Diretoria / C-Level,5,Masculino,14.2,43884,Remoto
TECH_01029,2024,Sudeste,RJ,Analista de Dados / BI,Data & AI,Senior,3,Masculino,6.0,17939,Hibrido
TECH_01030,2022,Sudeste,SP,Product Manager (PM),Product & Agile,Lead / Staff Specialist,4,Masculino,11.4,26263,Hibrido
TECH_01031,2022,Centro-Oeste,DF,Especialista em Ciberseguranca,Security,Junior,1,Feminino,2.0,4321,Hibrido
TECH_01032,2023,Sudeste,RJ,Especialista em Ciberseguranca,Security,Pleno,2,Feminino,2.4,9285,Presencial
TECH_01033,2023,Sudeste,RJ,Especialista em Ciberseguranca,Security,Junior,1,Masculino,0.9,5852,Remoto
TECH_01034,2022,Sudeste,RJ,Tech Lead / Engineering Manager,Leadership & Management,Junior,1,Feminino,2.0,4348,Remoto
TECH_01035,2021,Sul,SC,Analista de Dados / BI,Data & AI,Lead / Staff Specialist,4,Masculino,9.3,28154,Remoto
TECH_01036,2024,Sul,SC,Especialista em Ciberseguranca,Security,Junior,1,Feminino,1.3,5354,Remoto
TECH_01037,2021,Nordeste,PE,Product Manager (PM),Product & Agile,Senior,3,Masculino,7.9,17423,Remoto
TECH_01038,2023,Sudeste,MG,Cientista de Dados,Data & AI,Senior,3,Masculino,6.1,17819,Remoto
TECH_01039,2024,Sudeste,SP,Analista de Dados / BI,Data & AI,Lead / Staff Specialist,4,Masculino,10.8,26519,Remoto
TECH_01040,2021,Sudeste,MG,Analista de Dados / BI,Data & AI,Senior,3,Feminino,8.1,15654,Hibrido
TECH_01041,2023,Nordeste,PE,Analista de Dados / BI,Data & AI,Junior,1,Masculino,1.9,5348,Remoto
TECH_01042,2024,Centro-Oeste,GO,Cientista de Dados,Data & AI,Senior,3,Masculino,7.4,21079,Hibrido
TECH_01043,2023,Sudeste,RJ,Cientista de Dados,Data & AI,Junior,1,Masculino,0.5,4797,Hibrido
TECH_01044,2023,Norte,AM,Analista de Dados / BI,Data & AI,Pleno,2,Masculino,4.0,10535,Hibrido
TECH_01045,2021,Nordeste,CE,Engenheira(o) de Dados,Data & AI,Pleno,2,Masculino,3.9,9598,Hibrido
TECH_01046,2021,Nordeste,PE,DevOps & Cloud Specialist,Cloud & Infrastructure,Pleno,2,Masculino,3.4,9946,Hibrido
TECH_01047,2021,Nordeste,BA,Engenheira(o) de Software,Software Engineering,Junior,1,Masculino,3.7,5534,Remoto
TECH_01048,2022,Nordeste,BA,Product Manager (PM),Product & Agile,Pleno,2,Masculino,4.2,9018,Hibrido
TECH_01049,2023,Sudeste,RJ,Engenheira(o) de Dados,Data & AI,Junior,1,Masculino,2.5,5533,Remoto
TECH_01050,2022,Centro-Oeste,GO,Analista de Dados / BI,Data & AI,Junior,1,Masculino,1.6,5292,Hibrido
TECH_01051,2024,Sudeste,MG,Especialista em Ciberseguranca,Security,Senior,3,Masculino,7.2,19604,Remoto
TECH_01052,2024,Sudeste,RJ,Engenheira(o) de Dados,Data & AI,Lead / Staff Specialist,4,Masculino,10.3,26828,Hibrido
TECH_01053,2022,Sul,PR,DevOps & Cloud Specialist,Cloud & Infrastructure,Junior,1,Masculino,2.0,4901,Remoto
TECH_01054,2022,Norte,PA,Engenheira(o) de Dados,Data & AI,Senior,3,Masculino,9.3,18757,Remoto
TECH_01055,2024,Sul,RS,Product Manager (PM),Product & Agile,Junior,1,Masculino,1.9,6074,Remoto
TECH_01056,2023,Norte,AM,DevOps & Cloud Specialist,Cloud & Infrastructure,Senior,3,Masculino,7.0,19058,Remoto
TECH_01057,2024,Sul,SC,Product Manager (PM),Product & Agile,Pleno,2,Masculino,5.3,10898,Remoto
TECH_01058,2021,Norte,AM,Engenheira(o) de Software,Software Engineering,Pleno,2,Masculino,2.5,7677,Remoto
TECH_01059,2022,Nordeste,BA,Especialista em Ciberseguranca,Security,Lead / Staff Specialist,4,Masculino,10.6,28933,Hibrido
TECH_01060,2024,Sudeste,RJ,Tech Lead / Engineering Manager,Leadership & Management,Junior,1,Masculino,0.8,6332,Remoto
TECH_01061,2022,Sul,RS,Engenheira(o) de Dados,Data & AI,Senior,3,Masculino,6.4,17293,Remoto
TECH_01062,2023,Sudeste,SP,Tech Lead / Engineering Manager,Leadership & Management,Junior,1,Feminino,1.7,5404,Hibrido
TECH_01063,2024,Sudeste,MG,Engenheira(o) de Software,Software Engineering,Pleno,2,Masculino,3.8,10980,Hibrido
TECH_01064,2023,Sudeste,RJ,Especialista em Ciberseguranca,Security,Pleno,2,Masculino,2.9,10292,Hibrido
TECH_01065,2022,Sudeste,MG,Especialista em Ciberseguranca,Security,Junior,1,Masculino,0.5,5419,Remoto
TECH_01066,2023,Sudeste,MG,Especialista em Ciberseguranca,Security,Senior,3,Masculino,6.6,16291,Hibrido
TECH_01067,2023,Sul,PR,DevOps & Cloud Specialist,Cloud & Infrastructure,Junior,1,Masculino,2.2,5755,Remoto
TECH_01068,2022,Nordeste,PE,Especialista em Ciberseguranca,Security,Lead / Staff Specialist,4,Masculino,10.1,24015,Hibrido
TECH_01069,2024,Sul,RS,Product Manager (PM),Product & Agile,Junior,1,Feminino,1.7,5279,Hibrido
TECH_01070,2024,Sudeste,RJ,Tech Lead / Engineering Manager,Leadership & Management,Lead / Staff Specialist,4,Masculino,12.4,24932,Remoto
TECH_01071,2024,Sudeste,MG,Cientista de Dados,Data & AI,Junior,1,Feminino,1.4,5944,Remoto
TECH_01072,2023,Centro-Oeste,GO,Tech Lead / Engineering Manager,Leadership & Management,Senior,3,Masculino,6.3,15653,Hibrido
TECH_01073,2023,Sul,PR,Engenheira(o) de Software,Software Engineering,Diretoria / C-Level,5,Masculino,16.0,40533,Remoto
TECH_01074,2021,Sudeste,SP,Engenheira(o) de Dados,Data & AI,Junior,1,Feminino,1.5,3450,Presencial
TECH_01075,2024,Sudeste,SP,Especialista em Ciberseguranca,Security,Junior,1,Masculino,1.0,6332,Remoto
TECH_01076,2024,Centro-Oeste,GO,DevOps & Cloud Specialist,Cloud & Infrastructure,Junior,1,Masculino,1.8,5722,Remoto
TECH_01077,2021,Centro-Oeste,DF,Engenheira(o) de Software,Software Engineering,Diretoria / C-Level,5,Masculino,12.5,36820,Remoto
TECH_01078,2023,Sudeste,SP,Cientista de Dados,Data & AI,Lead / Staff Specialist,4,Masculino,9.5,28253,Hibrido
TECH_01079,2021,Nordeste,BA,Especialista em Ciberseguranca,Security,Pleno,2,Masculino,3.3,8436,Hibrido
TECH_01080,2024,Sudeste,SP,Especialista em Ciberseguranca,Security,Junior,1,Feminino,1.6,5410,Remoto
TECH_01081,2024,Sul,RS,Especialista em Ciberseguranca,Security,Junior,1,Masculino,0.7,5750,Remoto
TECH_01082,2022,Sudeste,RJ,Cientista de Dados,Data & AI,Pleno,2,Feminino,3.1,8248,Hibrido
TECH_01083,2022,Sudeste,RJ,Cientista de Dados,Data & AI,Senior,3,Masculino,9.6,20686,Remoto
TECH_01084,2022,Nordeste,PE,Engenheira(o) de Software,Software Engineering,Junior,1,Masculino,0.7,4580,Remoto
TECH_01085,2023,Nordeste,PE,Engenheira(o) de Dados,Data & AI,Pleno,2,Masculino,2.8,9086,Remoto
TECH_01086,2022,Norte,PA,Tech Lead / Engineering Manager,Leadership & Management,Junior,1,Feminino,1.6,4240,Hibrido
TECH_01087,2024,Sudeste,MG,Engenheira(o) de Software,Software Engineering,Pleno,2,Masculino,6.3,10956,Remoto
TECH_01088,2023,Sudeste,MG,Engenheira(o) de Software,Software Engineering,Pleno,2,Masculino,3.7,9868,Remoto
TECH_01089,2024,Sudeste,SP,Engenheira(o) de Dados,Data & AI,Pleno,2,Masculino,2.6,11974,Hibrido
TECH_01090,2024,Nordeste,BA,DevOps & Cloud Specialist,Cloud & Infrastructure,Lead / Staff Specialist,4,Masculino,8.5,32199,Hibrido
TECH_01091,2024,Sudeste,RJ,Analista de Dados / BI,Data & AI,Junior,1,Masculino,1.1,5917,Remoto
TECH_01092,2021,Sudeste,SP,Engenheira(o) de Dados,Data & AI,Pleno,2,Masculino,4.4,8666,Remoto
TECH_01093,2021,Sudeste,MG,Especialista em Ciberseguranca,Security,Lead / Staff Specialist,4,Masculino,9.9,21543,Remoto
TECH_01094,2023,Sudeste,SP,Tech Lead / Engineering Manager,Leadership & Management,Pleno,2,Masculino,3.6,10572,Remoto
TECH_01095,2022,Centro-Oeste,DF,Cientista de Dados,Data & AI,Senior,3,Masculino,8.2,18160,Hibrido
TECH_01096,2024,Sudeste,RJ,Tech Lead / Engineering Manager,Leadership & Management,Pleno,2,Masculino,1.3,11318,Hibrido
TECH_01097,2021,Norte,PA,Especialista em Ciberseguranca,Security,Lead / Staff Specialist,4,Masculino,11.2,23098,Presencial
TECH_01098,2024,Sudeste,RJ,Engenheira(o) de Dados,Data & AI,Senior,3,Masculino,8.8,20301,Hibrido
TECH_01099,2023,Sul,RS,Engenheira(o) de Dados,Data & AI,Senior,3,Masculino,8.8,20305,Remoto
TECH_01100,2023,Sudeste,SP,Especialista em Ciberseguranca,Security,Lead / Staff Specialist,4,Masculino,12.8,23086,Hibrido
TECH_01101,2023,Sudeste,SP,Engenheira(o) de Dados,Data & AI,Junior,1,Masculino,1.1,5136,Remoto
TECH_01102,2023,Sudeste,SP,Tech Lead / Engineering Manager,Leadership & Management,Junior,1,Feminino,0.5,4923,Remoto
TECH_01103,2021,Centro-Oeste,GO,Especialista em Ciberseguranca,Security,Junior,1,Feminino,3.5,4126,Hibrido
TECH_01104,2024,Sudeste,SP,Tech Lead / Engineering Manager,Leadership & Management,Junior,1,Masculino,0.5,5917,Presencial
TECH_01105,2024,Norte,PA,DevOps & Cloud Specialist,Cloud & Infrastructure,Diretoria / C-Level,5,Masculino,14.4,46444,Remoto
TECH_01106,2021,Norte,AM,DevOps & Cloud Specialist,Cloud & Infrastructure,Lead / Staff Specialist,4,Feminino,10.5,18217,Remoto
TECH_01107,2023,Sul,RS,DevOps & Cloud Specialist,Cloud & Infrastructure,Pleno,2,Feminino,3.5,9927,Remoto
TECH_01108,2023,Sudeste,MG,Engenheira(o) de Software,Software Engineering,Junior,1,Masculino,0.5,5140,Remoto
TECH_01109,2022,Sudeste,RJ,Cientista de Dados,Data & AI,Senior,3,Feminino,7.0,15835,Remoto
TECH_01110,2024,Sudeste,MG,DevOps & Cloud Specialist,Cloud & Infrastructure,Senior,3,Masculino,7.8,16789,Remoto
TECH_01111,2024,Sudeste,SP,DevOps & Cloud Specialist,Cloud & Infrastructure,Senior,3,Feminino,6.3,13985,Hibrido
TECH_01112,2022,Centro-Oeste,GO,Engenheira(o) de Software,Software Engineering,Lead / Staff Specialist,4,Masculino,9.7,23319,Remoto
TECH_01113,2023,Sudeste,SP,DevOps & Cloud Specialist,Cloud & Infrastructure,Pleno,2,Masculino,4.6,9671,Presencial
TECH_01114,2021,Sudeste,RJ,DevOps & Cloud Specialist,Cloud & Infrastructure,Pleno,2,Feminino,3.1,7962,Remoto
TECH_01115,2024,Sul,PR,Especialista em Ciberseguranca,Security,Junior,1,Feminino,3.2,5252,Remoto
TECH_01116,2024,Nordeste,PE,Cientista de Dados,Data & AI,Lead / Staff Specialist,4,Masculino,9.7,24891,Presencial
TECH_01117,2024,Sudeste,MG,Cientista de Dados,Data & AI,Senior,3,Masculino,7.6,15785,Hibrido
TECH_01118,2021,Sudeste,RJ,Analista de Dados / BI,Data & AI,Junior,1,Masculino,2.6,4468,Hibrido
TECH_01119,2022,Sudeste,SP,Especialista em Ciberseguranca,Security,Senior,3,Masculino,6.9,17960,Remoto
TECH_01120,2024,Nordeste,BA,Especialista em Ciberseguranca,Security,Junior,1,Masculino,3.0,6075,Hibrido
TECH_01121,2023,Nordeste,BA,Engenheira(o) de Dados,Data & AI,Junior,1,Masculino,3.7,5908,Presencial
TECH_01122,2023,Sudeste,RJ,Tech Lead / Engineering Manager,Leadership & Management,Senior,3,Masculino,4.6,16595,Remoto
TECH_01123,2024,Sudeste,RJ,Cientista de Dados,Data & AI,Pleno,2,Masculino,4.1,10377,Hibrido
TECH_01124,2022,Sudeste,MG,DevOps & Cloud Specialist,Cloud & Infrastructure,Junior,1,Feminino,0.5,4502,Hibrido
TECH_01125,2023,Nordeste,PE,Especialista em Ciberseguranca,Security,Senior,3,Masculino,5.9,16169,Hibrido
TECH_01126,2021,Sudeste,RJ,Engenheira(o) de Dados,Data & AI,Junior,1,Feminino,3.7,4137,Remoto
TECH_01127,2024,Sudeste,RJ,Engenheira(o) de Software,Software Engineering,Lead / Staff Specialist,4,Masculino,10.7,28143,Hibrido
TECH_01128,2022,Sudeste,MG,Cientista de Dados,Data & AI,Senior,3,Masculino,6.7,13898,Hibrido
TECH_01129,2024,Sudeste,MG,Engenheira(o) de Dados,Data & AI,Junior,1,Masculino,1.0,6801,Hibrido
TECH_01130,2022,Sudeste,SP,Analista de Dados / BI,Data & AI,Senior,3,Masculino,6.5,17908,Hibrido
TECH_01131,2023,Nordeste,BA,Engenheira(o) de Software,Software Engineering,Pleno,2,Feminino,5.1,9724,Remoto
TECH_01132,2024,Sudeste,RJ,Analista de Dados / BI,Data & AI,Junior,1,Masculino,3.3,5722,Hibrido
TECH_01133,2023,Sudeste,MG,Analista de Dados / BI,Data & AI,Junior,1,Masculino,0.5,6135,Remoto
TECH_01134,2023,Sudeste,RJ,Product Manager (PM),Product & Agile,Junior,1,Masculino,2.8,5577,Remoto
TECH_01135,2023,Sudeste,MG,Especialista em Ciberseguranca,Security,Senior,3,Masculino,7.6,20709,Hibrido
TECH_01136,2023,Nordeste,BA,DevOps & Cloud Specialist,Cloud & Infrastructure,Pleno,2,Masculino,3.3,9516,Remoto
TECH_01137,2024,Nordeste,BA,Especialista em Ciberseguranca,Security,Pleno,2,Masculino,4.0,11400,Remoto
TECH_01138,2023,Norte,PA,Especialista em Ciberseguranca,Security,Senior,3,Masculino,7.8,19072,Hibrido
TECH_01139,2022,Sul,RS,Analista de Dados / BI,Data & AI,Senior,3,Masculino,8.1,20850,Remoto
TECH_01140,2022,Sudeste,SP,Product Manager (PM),Product & Agile,Junior,1,Masculino,0.5,3969,Remoto
TECH_01141,2024,Sudeste,SP,Engenheira(o) de Software,Software Engineering,Junior,1,Masculino,3.4,6466,Remoto
TECH_01142,2024,Sudeste,MG,Engenheira(o) de Dados,Data & AI,Junior,1,Masculino,0.5,5676,Hibrido
TECH_01143,2021,Nordeste,CE,Engenheira(o) de Software,Software Engineering,Junior,1,Masculino,2.4,3927,Presencial
TECH_01144,2022,Norte,PA,DevOps & Cloud Specialist,Cloud & Infrastructure,Junior,1,Masculino,1.1,5923,Remoto
TECH_01145,2022,Nordeste,BA,Tech Lead / Engineering Manager,Leadership & Management,Pleno,2,Feminino,4.1,8455,Hibrido
TECH_01146,2024,Sul,SC,Especialista em Ciberseguranca,Security,Senior,3,Masculino,9.1,20397,Remoto
TECH_01147,2022,Centro-Oeste,GO,Cientista de Dados,Data & AI,Pleno,2,Masculino,4.0,11608,Remoto
TECH_01148,2024,Sudeste,MG,Tech Lead / Engineering Manager,Leadership & Management,Junior,1,Masculino,1.8,5653,Hibrido
TECH_01149,2022,Sudeste,SP,DevOps & Cloud Specialist,Cloud & Infrastructure,Junior,1,Masculino,0.7,3959,Remoto
TECH_01150,2022,Sudeste,MG,Especialista em Ciberseguranca,Security,Lead / Staff Specialist,4,Masculino,9.8,24849,Remoto
TECH_01151,2023,Nordeste,PE,DevOps & Cloud Specialist,Cloud & Infrastructure,Junior,1,Feminino,2.2,4513,Hibrido
TECH_01152,2023,Sul,RS,Especialista em Ciberseguranca,Security,Diretoria / C-Level,5,Masculino,13.0,43967,Remoto
TECH_01153,2021,Centro-Oeste,DF,Engenheira(o) de Software,Software Engineering,Junior,1,Masculino,1.5,5094,Remoto
TECH_01154,2023,Nordeste,PE,Product Manager (PM),Product & Agile,Pleno,2,Masculino,3.3,10067,Remoto
TECH_01155,2021,Nordeste,BA,DevOps & Cloud Specialist,Cloud & Infrastructure,Senior,3,Masculino,6.0,16905,Presencial
TECH_01156,2024,Centro-Oeste,GO,Engenheira(o) de Software,Software Engineering,Pleno,2,Feminino,3.6,9507,Remoto
TECH_01157,2023,Sudeste,SP,Engenheira(o) de Software,Software Engineering,Pleno,2,Masculino,5.0,9137,Presencial
TECH_01158,2023,Centro-Oeste,DF,Tech Lead / Engineering Manager,Leadership & Management,Pleno,2,Masculino,4.1,9058,Remoto
TECH_01159,2024,Sul,PR,Analista de Dados / BI,Data & AI,Junior,1,Masculino,1.2,5865,Presencial
TECH_01160,2021,Sudeste,MG,Cientista de Dados,Data & AI,Pleno,2,Masculino,4.2,9156,Remoto
TECH_01161,2022,Sudeste,MG,Product Manager (PM),Product & Agile,Senior,3,Masculino,5.7,18574,Hibrido
TECH_01162,2024,Sudeste,SP,Cientista de Dados,Data & AI,Junior,1,Masculino,0.5,4833,Presencial
TECH_01163,2022,Sudeste,RJ,Engenheira(o) de Dados,Data & AI,Lead / Staff Specialist,4,Masculino,10.6,24384,Hibrido
TECH_01164,2022,Centro-Oeste,DF,Product Manager (PM),Product & Agile,Junior,1,Masculino,0.5,4854,Remoto
TECH_01165,2023,Sudeste,MG,DevOps & Cloud Specialist,Cloud & Infrastructure,Junior,1,Masculino,0.5,4938,Remoto
TECH_01166,2021,Sul,RS,Engenheira(o) de Software,Software Engineering,Junior,1,Feminino,2.0,4733,Remoto
TECH_01167,2023,Sudeste,RJ,Tech Lead / Engineering Manager,Leadership & Management,Pleno,2,Masculino,2.2,8785,Remoto
TECH_01168,2023,Sudeste,RJ,Especialista em Ciberseguranca,Security,Pleno,2,Masculino,1.9,11145,Remoto
TECH_01169,2023,Sudeste,MG,Engenheira(o) de Dados,Data & AI,Diretoria / C-Level,5,Masculino,15.9,43610,Hibrido
TECH_01170,2024,Sudeste,SP,Especialista em Ciberseguranca,Security,Senior,3,Masculino,7.3,16497,Remoto
TECH_01171,2021,Sudeste,MG,Product Manager (PM),Product & Agile,Junior,1,Masculino,1.9,5237,Hibrido
TECH_01172,2022,Sudeste,MG,DevOps & Cloud Specialist,Cloud & Infrastructure,Junior,1,Masculino,0.5,4708,Remoto
TECH_01173,2024,Sudeste,MG,Tech Lead / Engineering Manager,Leadership & Management,Pleno,2,Masculino,4.2,9359,Hibrido
TECH_01174,2021,Centro-Oeste,DF,DevOps & Cloud Specialist,Cloud & Infrastructure,Pleno,2,Masculino,3.2,7663,Hibrido
TECH_01175,2022,Sudeste,MG,Engenheira(o) de Dados,Data & AI,Senior,3,Masculino,6.3,17606,Presencial
TECH_01176,2022,Sul,PR,Engenheira(o) de Software,Software Engineering,Senior,3,Masculino,6.7,19898,Remoto
TECH_01177,2023,Nordeste,PE,Engenheira(o) de Dados,Data & AI,Lead / Staff Specialist,4,Masculino,11.2,30936,Remoto
TECH_01178,2022,Sul,PR,Engenheira(o) de Software,Software Engineering,Pleno,2,Feminino,3.0,8491,Remoto
TECH_01179,2021,Sudeste,RJ,Analista de Dados / BI,Data & AI,Junior,1,Masculino,1.9,5735,Hibrido
TECH_01180,2022,Sul,RS,DevOps & Cloud Specialist,Cloud & Infrastructure,Junior,1,Masculino,0.5,5068,Remoto
TECH_01181,2024,Nordeste,BA,Tech Lead / Engineering Manager,Leadership & Management,Pleno,2,Masculino,2.9,10538,Remoto
TECH_01182,2023,Sul,SC,Product Manager (PM),Product & Agile,Lead / Staff Specialist,4,Masculino,11.1,25103,Hibrido
TECH_01183,2021,Sudeste,MG,Tech Lead / Engineering Manager,Leadership & Management,Pleno,2,Masculino,3.2,8287,Remoto
TECH_01184,2022,Centro-Oeste,DF,DevOps & Cloud Specialist,Cloud & Infrastructure,Senior,3,Masculino,9.6,18028,Remoto
TECH_01185,2024,Nordeste,CE,DevOps & Cloud Specialist,Cloud & Infrastructure,Senior,3,Masculino,8.8,20933,Presencial
TECH_01186,2022,Sudeste,RJ,Cientista de Dados,Data & AI,Junior,1,Masculino,0.6,5157,Remoto
TECH_01187,2021,Norte,AM,Analista de Dados / BI,Data & AI,Senior,3,Masculino,5.5,16556,Remoto
TECH_01188,2024,Centro-Oeste,DF,Tech Lead / Engineering Manager,Leadership & Management,Pleno,2,Masculino,3.9,9514,Remoto
TECH_01189,2023,Sul,PR,DevOps & Cloud Specialist,Cloud & Infrastructure,Senior,3,Masculino,6.6,19341,Hibrido
TECH_01190,2022,Sudeste,MG,Tech Lead / Engineering Manager,Leadership & Management,Pleno,2,Masculino,3.2,8420,Hibrido
TECH_01191,2023,Nordeste,CE,Engenheira(o) de Dados,Data & AI,Senior,3,Masculino,7.5,18974,Hibrido
TECH_01192,2021,Sudeste,SP,Engenheira(o) de Dados,Data & AI,Pleno,2,Masculino,3.4,9487,Hibrido
TECH_01193,2021,Sudeste,MG,Product Manager (PM),Product & Agile,Senior,3,Masculino,7.7,15614,Remoto
TECH_01194,2022,Sul,RS,Especialista em Ciberseguranca,Security,Junior,1,Masculino,0.5,5113,Hibrido
TECH_01195,2023,Sudeste,SP,Engenheira(o) de Software,Software Engineering,Pleno,2,Masculino,3.6,9895,Remoto
TECH_01196,2022,Sudeste,MG,Tech Lead / Engineering Manager,Leadership & Management,Senior,3,Masculino,7.6,18762,Hibrido
TECH_01197,2024,Sudeste,MG,Tech Lead / Engineering Manager,Leadership & Management,Junior,1,Masculino,0.7,6399,Remoto
TECH_01198,2023,Sudeste,MG,Product Manager (PM),Product & Agile,Junior,1,Feminino,2.0,5118,Hibrido
TECH_01199,2024,Nordeste,BA,Engenheira(o) de Dados,Data & AI,Pleno,2,Masculino,1.3,11108,Hibrido
TECH_01200,2022,Sul,RS,Engenheira(o) de Dados,Data & AI,Junior,1,Masculino,1.9,4898,Hibrido
TECH_01201,2023,Nordeste,PE,Analista de Dados / BI,Data & AI,Junior,1,Feminino,2.4,5573,Remoto
TECH_01202,2021,Sudeste,SP,Engenheira(o) de Dados,Data & AI,Junior,1,Feminino,3.4,4042,Hibrido
TECH_01203,2023,Sul,SC,Product Manager (PM),Product & Agile,Diretoria / C-Level,5,Masculino,13.7,53283,Remoto
TECH_01204,2024,Sudeste,MG,Especialista em Ciberseguranca,Security,Pleno,2,Masculino,2.8,8057,Hibrido
TECH_01205,2024,Sudeste,MG,Tech Lead / Engineering Manager,Leadership & Management,Lead / Staff Specialist,4,Masculino,12.5,26656,Hibrido
TECH_01206,2021,Sudeste,SP,DevOps & Cloud Specialist,Cloud & Infrastructure,Diretoria / C-Level,5,Masculino,14.0,38458,Remoto
TECH_01207,2023,Sul,PR,Product Manager (PM),Product & Agile,Pleno,2,Masculino,4.7,9582,Remoto
TECH_01208,2022,Sudeste,MG,Engenheira(o) de Dados,Data & AI,Junior,1,Masculino,0.5,4731,Hibrido
TECH_01209,2024,Sudeste,MG,DevOps & Cloud Specialist,Cloud & Infrastructure,Junior,1,Masculino,0.5,6942,Remoto
TECH_01210,2023,Sudeste,SP,Especialista em Ciberseguranca,Security,Lead / Staff Specialist,4,Feminino,8.7,21345,Remoto
TECH_01211,2024,Sul,RS,Product Manager (PM),Product & Agile,Junior,1,Masculino,0.8,6942,Remoto
TECH_01212,2022,Norte,PA,Cientista de Dados,Data & AI,Pleno,2,Masculino,3.2,10876,Remoto
TECH_01213,2023,Sul,SC,Analista de Dados / BI,Data & AI,Lead / Staff Specialist,4,Masculino,12.9,23043,Hibrido
TECH_01214,2023,Sudeste,RJ,Product Manager (PM),Product & Agile,Pleno,2,Masculino,2.5,9187,Presencial
TECH_01215,2024,Sul,SC,Cientista de Dados,Data & AI,Junior,1,Masculino,0.5,5513,Remoto
TECH_01216,2024,Centro-Oeste,GO,DevOps & Cloud Specialist,Cloud & Infrastructure,Lead / Staff Specialist,4,Masculino,10.8,29936,Hibrido
TECH_01217,2024,Nordeste,PE,Engenheira(o) de Dados,Data & AI,Pleno,2,Masculino,4.0,12155,Remoto
TECH_01218,2023,Sudeste,MG,DevOps & Cloud Specialist,Cloud & Infrastructure,Lead / Staff Specialist,4,Masculino,11.3,25471,Remoto
TECH_01219,2022,Sudeste,MG,Analista de Dados / BI,Data & AI,Junior,1,Masculino,1.8,5252,Hibrido
TECH_01220,2021,Sudeste,MG,DevOps & Cloud Specialist,Cloud & Infrastructure,Junior,1,Feminino,0.5,4009,Hibrido
TECH_01221,2021,Nordeste,CE,Engenheira(o) de Dados,Data & AI,Junior,1,Masculino,1.9,4679,Remoto
TECH_01222,2023,Nordeste,BA,Engenheira(o) de Dados,Data & AI,Junior,1,Masculino,1.1,5782,Presencial
TECH_01223,2021,Sudeste,SP,Cientista de Dados,Data & AI,Pleno,2,Feminino,5.8,9285,Presencial
TECH_01224,2024,Norte,PA,Product Manager (PM),Product & Agile,Senior,3,Feminino,9.2,17519,Remoto
TECH_01225,2023,Sudeste,SP,Product Manager (PM),Product & Agile,Lead / Staff Specialist,4,Masculino,10.4,23906,Hibrido
TECH_01226,2021,Sudeste,RJ,Engenheira(o) de Software,Software Engineering,Junior,1,Masculino,1.8,5518,Hibrido
TECH_01227,2021,Centro-Oeste,DF,Cientista de Dados,Data & AI,Junior,1,Feminino,1.5,4511,Hibrido
TECH_01228,2023,Nordeste,PE,Tech Lead / Engineering Manager,Leadership & Management,Junior,1,Masculino,1.1,5166,Hibrido
TECH_01229,2023,Nordeste,BA,Engenheira(o) de Dados,Data & AI,Lead / Staff Specialist,4,Masculino,10.7,28824,Remoto
TECH_01230,2024,Sul,SC,Cientista de Dados,Data & AI,Lead / Staff Specialist,4,Masculino,10.4,27165,Remoto
TECH_01231,2022,Sudeste,SP,Especialista em Ciberseguranca,Security,Junior,1,Masculino,0.5,4999,Remoto
TECH_01232,2023,Sul,SC,Tech Lead / Engineering Manager,Leadership & Management,Pleno,2,Masculino,4.5,10343,Remoto
TECH_01233,2022,Centro-Oeste,DF,Especialista em Ciberseguranca,Security,Senior,3,Masculino,6.4,18233,Presencial
TECH_01234,2023,Sudeste,RJ,Cientista de Dados,Data & AI,Pleno,2,Masculino,2.3,9653,Hibrido
TECH_01235,2023,Sudeste,SP,Engenheira(o) de Dados,Data & AI,Senior,3,Masculino,8.4,17139,Remoto
TECH_01236,2022,Sul,PR,Engenheira(o) de Software,Software Engineering,Pleno,2,Masculino,5.1,8683,Remoto
TECH_01237,2022,Sudeste,RJ,Engenheira(o) de Dados,Data & AI,Lead / Staff Specialist,4,Masculino,9.9,27012,Remoto
TECH_01238,2024,Sul,RS,Engenheira(o) de Dados,Data & AI,Junior,1,Masculino,1.8,5851,Remoto
TECH_01239,2024,Sudeste,SP,Analista de Dados / BI,Data & AI,Pleno,2,Masculino,4.6,11559,Remoto
TECH_01240,2023,Nordeste,PE,Analista de Dados / BI,Data & AI,Senior,3,Masculino,6.7,18016,Remoto
TECH_01241,2024,Sul,SC,Engenheira(o) de Dados,Data & AI,Pleno,2,Masculino,4.7,11141,Remoto
TECH_01242,2022,Sudeste,MG,Cientista de Dados,Data & AI,Pleno,2,Masculino,3.6,10765,Hibrido
TECH_01243,2021,Sudeste,SP,Product Manager (PM),Product & Agile,Senior,3,Masculino,6.8,17642,Remoto
TECH_01244,2023,Sudeste,RJ,Analista de Dados / BI,Data & AI,Junior,1,Masculino,1.7,5685,Hibrido
TECH_01245,2024,Sudeste,SP,Engenheira(o) de Software,Software Engineering,Pleno,2,Masculino,4.1,9627,Hibrido
TECH_01246,2023,Sudeste,SP,Tech Lead / Engineering Manager,Leadership & Management,Junior,1,Masculino,1.8,4665,Hibrido
TECH_01247,2023,Sudeste,MG,DevOps & Cloud Specialist,Cloud & Infrastructure,Senior,3,Masculino,8.6,19976,Remoto
TECH_01248,2022,Sudeste,RJ,Product Manager (PM),Product & Agile,Junior,1,Feminino,1.5,4089,Hibrido
TECH_01249,2022,Centro-Oeste,GO,Product Manager (PM),Product & Agile,Lead / Staff Specialist,4,Masculino,9.7,23891,Hibrido
TECH_01250,2023,Nordeste,CE,Cientista de Dados,Data & AI,Junior,1,Masculino,2.7,4392,Remoto
TECH_01251,2022,Sul,RS,Especialista em Ciberseguranca,Security,Pleno,2,Feminino,4.9,8575,Remoto
TECH_01252,2022,Nordeste,PE,Product Manager (PM),Product & Agile,Pleno,2,Feminino,4.9,9159,Remoto
TECH_01253,2021,Centro-Oeste,DF,Engenheira(o) de Dados,Data & AI,Pleno,2,Masculino,2.1,9604,Remoto
TECH_01254,2024,Sul,SC,Cientista de Dados,Data & AI,Senior,3,Masculino,9.8,17748,Remoto
TECH_01255,2022,Nordeste,BA,Engenheira(o) de Software,Software Engineering,Pleno,2,Feminino,2.7,7120,Remoto
TECH_01256,2023,Sul,PR,Product Manager (PM),Product & Agile,Pleno,2,Masculino,1.7,9576,Remoto
TECH_01257,2022,Sudeste,MG,Product Manager (PM),Product & Agile,Lead / Staff Specialist,4,Masculino,10.4,23258,Remoto
TECH_01258,2022,Sudeste,RJ,Analista de Dados / BI,Data & AI,Senior,3,Masculino,7.9,17537,Remoto
TECH_01259,2023,Norte,PA,Tech Lead / Engineering Manager,Leadership & Management,Pleno,2,Masculino,4.2,10995,Remoto
TECH_01260,2024,Sudeste,SP,DevOps & Cloud Specialist,Cloud & Infrastructure,Pleno,2,Masculino,4.7,11488,Hibrido
TECH_01261,2021,Sul,PR,Product Manager (PM),Product & Agile,Pleno,2,Masculino,4.6,10202,Remoto
TECH_01262,2023,Centro-Oeste,DF,Especialista em Ciberseguranca,Security,Senior,3,Masculino,9.8,20145,Hibrido
TECH_01263,2024,Sudeste,RJ,Product Manager (PM),Product & Agile,Senior,3,Masculino,7.0,19413,Remoto
TECH_01264,2023,Nordeste,BA,Engenheira(o) de Dados,Data & AI,Junior,1,Feminino,0.5,4846,Remoto
TECH_01265,2024,Sul,SC,Engenheira(o) de Software,Software Engineering,Senior,3,Masculino,5.9,17179,Hibrido
TECH_01266,2022,Sul,SC,Tech Lead / Engineering Manager,Leadership & Management,Junior,1,Masculino,2.9,5103,Remoto
TECH_01267,2024,Nordeste,BA,Engenheira(o) de Software,Software Engineering,Pleno,2,Masculino,5.3,9583,Hibrido
TECH_01268,2023,Sul,PR,Tech Lead / Engineering Manager,Leadership & Management,Pleno,2,Masculino,4.9,10212,Hibrido
TECH_01269,2021,Sudeste,RJ,Engenheira(o) de Dados,Data & AI,Junior,1,Masculino,0.5,5030,Remoto
TECH_01270,2023,Centro-Oeste,GO,Engenheira(o) de Dados,Data & AI,Lead / Staff Specialist,4,Masculino,12.0,30338,Remoto
TECH_01271,2024,Sul,PR,Tech Lead / Engineering Manager,Leadership & Management,Junior,1,Masculino,2.1,5395,Presencial
TECH_01272,2022,Sul,SC,Cientista de Dados,Data & AI,Pleno,2,Masculino,5.1,8208,Remoto
TECH_01273,2023,Sudeste,RJ,Especialista em Ciberseguranca,Security,Junior,1,Feminino,1.7,4356,Remoto
TECH_01274,2021,Sudeste,MG,Especialista em Ciberseguranca,Security,Pleno,2,Masculino,1.9,8999,Remoto
TECH_01275,2023,Centro-Oeste,GO,Analista de Dados / BI,Data & AI,Senior,3,Feminino,6.5,15348,Presencial
TECH_01276,2024,Nordeste,CE,DevOps & Cloud Specialist,Cloud & Infrastructure,Junior,1,Masculino,2.4,5886,Hibrido
TECH_01277,2022,Nordeste,CE,Product Manager (PM),Product & Agile,Junior,1,Feminino,1.3,4806,Remoto
TECH_01278,2022,Norte,PA,Tech Lead / Engineering Manager,Leadership & Management,Senior,3,Masculino,5.1,15634,Hibrido
TECH_01279,2024,Nordeste,CE,DevOps & Cloud Specialist,Cloud & Infrastructure,Senior,3,Masculino,8.2,21688,Remoto
TECH_01280,2022,Sul,PR,Especialista em Ciberseguranca,Security,Junior,1,Masculino,3.4,6413,Remoto
TECH_01281,2023,Sudeste,RJ,Analista de Dados / BI,Data & AI,Senior,3,Masculino,6.1,17370,Remoto
TECH_01282,2021,Sudeste,RJ,Analista de Dados / BI,Data & AI,Pleno,2,Masculino,3.6,7309,Remoto
TECH_01283,2021,Sul,SC,Cientista de Dados,Data & AI,Senior,3,Masculino,7.7,16200,Presencial
TECH_01284,2023,Sul,SC,Tech Lead / Engineering Manager,Leadership & Management,Pleno,2,Masculino,3.4,9539,Remoto
TECH_01285,2024,Sudeste,RJ,Cientista de Dados,Data & AI,Senior,3,Masculino,6.3,21057,Remoto
TECH_01286,2021,Sul,SC,DevOps & Cloud Specialist,Cloud & Infrastructure,Pleno,2,Masculino,2.7,10275,Remoto
TECH_01287,2024,Sudeste,SP,Especialista em Ciberseguranca,Security,Junior,1,Masculino,2.4,5629,Remoto
TECH_01288,2022,Sudeste,MG,Cientista de Dados,Data & AI,Junior,1,Masculino,2.8,5178,Hibrido
TECH_01289,2022,Sul,SC,DevOps & Cloud Specialist,Cloud & Infrastructure,Pleno,2,Feminino,4.4,8179,Remoto
TECH_01290,2022,Sudeste,RJ,Engenheira(o) de Software,Software Engineering,Junior,1,Feminino,1.8,4907,Hibrido
TECH_01291,2024,Sudeste,SP,Analista de Dados / BI,Data & AI,Lead / Staff Specialist,4,Masculino,10.9,25404,Hibrido
TECH_01292,2024,Sudeste,SP,Tech Lead / Engineering Manager,Leadership & Management,Pleno,2,Masculino,3.9,10402,Hibrido
TECH_01293,2024,Sudeste,MG,Especialista em Ciberseguranca,Security,Pleno,2,Masculino,4.7,10791,Hibrido
TECH_01294,2021,Sudeste,MG,Analista de Dados / BI,Data & AI,Pleno,2,Masculino,3.2,10166,Remoto
TECH_01295,2024,Sul,PR,Especialista em Ciberseguranca,Security,Pleno,2,Masculino,3.9,11112,Remoto
TECH_01296,2024,Sudeste,MG,Especialista em Ciberseguranca,Security,Lead / Staff Specialist,4,Masculino,11.6,31494,Remoto
TECH_01297,2021,Sul,PR,Tech Lead / Engineering Manager,Leadership & Management,Junior,1,Masculino,2.3,4422,Hibrido
TECH_01298,2023,Sudeste,MG,Engenheira(o) de Software,Software Engineering,Lead / Staff Specialist,4,Masculino,8.9,23974,Remoto
TECH_01299,2021,Nordeste,PE,Cientista de Dados,Data & AI,Pleno,2,Masculino,3.3,9196,Hibrido
TECH_01300,2024,Sudeste,MG,Product Manager (PM),Product & Agile,Junior,1,Masculino,2.6,5909,Hibrido
TECH_01301,2023,Sul,PR,Analista de Dados / BI,Data & AI,Pleno,2,Masculino,5.0,12371,Hibrido
TECH_01302,2023,Nordeste,CE,Cientista de Dados,Data & AI,Senior,3,Masculino,8.3,15517,Remoto
TECH_01303,2023,Nordeste,PE,Tech Lead / Engineering Manager,Leadership & Management,Junior,1,Masculino,0.8,5090,Remoto
TECH_01304,2022,Sul,SC,Cientista de Dados,Data & AI,Junior,1,Masculino,1.3,5172,Remoto
TECH_01305,2021,Sudeste,RJ,Product Manager (PM),Product & Agile,Junior,1,Masculino,3.8,4715,Remoto
TECH_01306,2023,Sudeste,RJ,Especialista em Ciberseguranca,Security,Pleno,2,Feminino,2.5,6451,Hibrido
TECH_01307,2023,Sudeste,MG,Product Manager (PM),Product & Agile,Pleno,2,Masculino,5.7,10285,Remoto
TECH_01308,2022,Nordeste,CE,DevOps & Cloud Specialist,Cloud & Infrastructure,Senior,3,Masculino,9.3,18316,Remoto
TECH_01309,2024,Norte,PA,Tech Lead / Engineering Manager,Leadership & Management,Lead / Staff Specialist,4,Feminino,10.1,23628,Remoto
TECH_01310,2022,Sudeste,MG,Analista de Dados / BI,Data & AI,Lead / Staff Specialist,4,Masculino,10.2,26888,Remoto
TECH_01311,2023,Sudeste,SP,Tech Lead / Engineering Manager,Leadership & Management,Senior,3,Masculino,5.6,19168,Remoto
TECH_01312,2021,Sudeste,MG,Especialista em Ciberseguranca,Security,Pleno,2,Feminino,5.4,8348,Remoto
TECH_01313,2023,Centro-Oeste,DF,Cientista de Dados,Data & AI,Pleno,2,Masculino,5.0,8454,Hibrido
TECH_01314,2024,Sudeste,RJ,Especialista em Ciberseguranca,Security,Lead / Staff Specialist,4,Feminino,10.5,20451,Hibrido
TECH_01315,2024,Centro-Oeste,GO,Engenheira(o) de Software,Software Engineering,Pleno,2,Masculino,4.0,12094,Remoto
TECH_01316,2024,Sudeste,SP,Engenheira(o) de Dados,Data & AI,Lead / Staff Specialist,4,Masculino,9.5,24758,Remoto
TECH_01317,2021,Sul,PR,Cientista de Dados,Data & AI,Lead / Staff Specialist,4,Masculino,9.5,20616,Hibrido
TECH_01318,2023,Nordeste,BA,DevOps & Cloud Specialist,Cloud & Infrastructure,Lead / Staff Specialist,4,Masculino,10.8,23320,Remoto
TECH_01319,2022,Nordeste,PE,Cientista de Dados,Data & AI,Pleno,2,Masculino,2.0,11168,Hibrido
TECH_01320,2022,Sudeste,RJ,Cientista de Dados,Data & AI,Junior,1,Masculino,0.5,4511,Hibrido
TECH_01321,2022,Nordeste,PE,Analista de Dados / BI,Data & AI,Pleno,2,Feminino,3.3,7848,Presencial
TECH_01322,2022,Sul,SC,Engenheira(o) de Dados,Data & AI,Junior,1,Feminino,1.6,5229,Hibrido
TECH_01323,2023,Sudeste,MG,Tech Lead / Engineering Manager,Leadership & Management,Junior,1,Masculino,1.2,5337,Hibrido
TECH_01324,2024,Sudeste,MG,Engenheira(o) de Software,Software Engineering,Lead / Staff Specialist,4,Masculino,10.0,23566,Hibrido
TECH_01325,2022,Sudeste,MG,Cientista de Dados,Data & AI,Pleno,2,Masculino,2.7,8730,Remoto
TECH_01326,2024,Nordeste,BA,DevOps & Cloud Specialist,Cloud & Infrastructure,Senior,3,Masculino,6.6,23817,Hibrido
TECH_01327,2022,Sul,SC,Especialista em Ciberseguranca,Security,Pleno,2,Feminino,1.4,8543,Hibrido
TECH_01328,2024,Sul,SC,Engenheira(o) de Dados,Data & AI,Pleno,2,Masculino,3.1,11350,Remoto
TECH_01329,2021,Sudeste,RJ,Cientista de Dados,Data & AI,Junior,1,Masculino,2.1,4946,Hibrido
TECH_01330,2021,Sudeste,RJ,Tech Lead / Engineering Manager,Leadership & Management,Pleno,2,Feminino,4.1,7239,Hibrido
TECH_01331,2024,Sudeste,MG,Cientista de Dados,Data & AI,Pleno,2,Masculino,4.1,10745,Hibrido
TECH_01332,2022,Sudeste,SP,Analista de Dados / BI,Data & AI,Pleno,2,Masculino,2.7,8264,Presencial
TECH_01333,2022,Sudeste,RJ,Engenheira(o) de Software,Software Engineering,Senior,3,Masculino,8.1,17341,Hibrido
TECH_01334,2021,Nordeste,PE,Cientista de Dados,Data & AI,Pleno,2,Feminino,2.7,8693,Hibrido
TECH_01335,2022,Sul,PR,Cientista de Dados,Data & AI,Senior,3,Masculino,7.3,18305,Hibrido
TECH_01336,2024,Sudeste,MG,Tech Lead / Engineering Manager,Leadership & Management,Junior,1,Feminino,2.1,5562,Remoto
TECH_01337,2021,Nordeste,BA,Product Manager (PM),Product & Agile,Junior,1,Masculino,0.5,5427,Remoto
TECH_01338,2023,Centro-Oeste,GO,Engenheira(o) de Dados,Data & AI,Senior,3,Masculino,7.6,21433,Remoto
TECH_01339,2023,Nordeste,PE,Engenheira(o) de Software,Software Engineering,Pleno,2,Masculino,3.4,10416,Hibrido
TECH_01340,2021,Sudeste,SP,Tech Lead / Engineering Manager,Leadership & Management,Senior,3,Masculino,8.8,18405,Hibrido
TECH_01341,2021,Sul,PR,Analista de Dados / BI,Data & AI,Junior,1,Feminino,1.2,4337,Remoto
TECH_01342,2021,Sul,PR,Cientista de Dados,Data & AI,Junior,1,Masculino,0.5,4810,Hibrido
TECH_01343,2022,Sudeste,MG,Product Manager (PM),Product & Agile,Lead / Staff Specialist,4,Masculino,10.6,24909,Hibrido
TECH_01344,2022,Sudeste,MG,Product Manager (PM),Product & Agile,Pleno,2,Masculino,6.2,9212,Hibrido
TECH_01345,2022,Sul,SC,Engenheira(o) de Dados,Data & AI,Pleno,2,Masculino,3.8,8538,Hibrido
TECH_01346,2023,Sul,RS,Cientista de Dados,Data & AI,Junior,1,Masculino,3.7,4548,Hibrido
TECH_01347,2022,Sudeste,SP,Engenheira(o) de Software,Software Engineering,Pleno,2,Masculino,4.5,10221,Remoto
TECH_01348,2024,Sudeste,SP,Especialista em Ciberseguranca,Security,Senior,3,Masculino,6.5,17137,Remoto
TECH_01349,2022,Sudeste,RJ,Especialista em Ciberseguranca,Security,Pleno,2,Masculino,4.2,9562,Remoto
TECH_01350,2024,Sudeste,MG,Tech Lead / Engineering Manager,Leadership & Management,Lead / Staff Specialist,4,Masculino,10.2,23600,Remoto
TECH_01351,2023,Sudeste,MG,Cientista de Dados,Data & AI,Pleno,2,Feminino,3.3,9681,Remoto
TECH_01352,2022,Sul,SC,Tech Lead / Engineering Manager,Leadership & Management,Pleno,2,Feminino,5.0,7665,Hibrido
TECH_01353,2021,Sudeste,SP,Engenheira(o) de Dados,Data & AI,Senior,3,Masculino,6.6,15877,Remoto
TECH_01354,2023,Nordeste,BA,Engenheira(o) de Software,Software Engineering,Lead / Staff Specialist,4,Masculino,9.4,28374,Remoto
TECH_01355,2024,Sudeste,SP,Cientista de Dados,Data & AI,Junior,1,Masculino,0.5,5892,Remoto
TECH_01356,2022,Sudeste,RJ,Cientista de Dados,Data & AI,Junior,1,Masculino,1.6,5000,Remoto
TECH_01357,2023,Sudeste,MG,Engenheira(o) de Dados,Data & AI,Senior,3,Masculino,7.9,17018,Remoto
TECH_01358,2021,Sudeste,RJ,Engenheira(o) de Software,Software Engineering,Pleno,2,Masculino,2.7,8148,Remoto
TECH_01359,2023,Sul,SC,Engenheira(o) de Dados,Data & AI,Senior,3,Masculino,8.9,12754,Hibrido
TECH_01360,2023,Sudeste,RJ,Tech Lead / Engineering Manager,Leadership & Management,Junior,1,Masculino,1.2,5913,Remoto
TECH_01361,2024,Nordeste,CE,Especialista em Ciberseguranca,Security,Pleno,2,Masculino,4.3,10296,Remoto
TECH_01362,2023,Sudeste,MG,Engenheira(o) de Software,Software Engineering,Lead / Staff Specialist,4,Masculino,12.0,24079,Remoto
TECH_01363,2023,Nordeste,PE,Especialista em Ciberseguranca,Security,Junior,1,Masculino,1.5,5448,Remoto
TECH_01364,2024,Nordeste,CE,Engenheira(o) de Dados,Data & AI,Junior,1,Masculino,0.7,5595,Remoto
TECH_01365,2024,Sudeste,MG,Engenheira(o) de Dados,Data & AI,Junior,1,Masculino,2.1,6613,Remoto
TECH_01366,2024,Nordeste,CE,Especialista em Ciberseguranca,Security,Senior,3,Masculino,8.8,19222,Presencial
TECH_01367,2021,Sudeste,MG,Engenheira(o) de Dados,Data & AI,Junior,1,Masculino,0.5,4670,Remoto
TECH_01368,2022,Sudeste,SP,Tech Lead / Engineering Manager,Leadership & Management,Senior,3,Masculino,8.5,12649,Remoto
TECH_01369,2023,Sul,SC,Engenheira(o) de Software,Software Engineering,Junior,1,Feminino,1.9,4666,Remoto
TECH_01370,2024,Centro-Oeste,DF,Cientista de Dados,Data & AI,Lead / Staff Specialist,4,Masculino,8.9,27247,Hibrido
TECH_01371,2024,Nordeste,BA,Analista de Dados / BI,Data & AI,Junior,1,Masculino,0.5,5961,Remoto
TECH_01372,2023,Centro-Oeste,GO,Engenheira(o) de Software,Software Engineering,Pleno,2,Masculino,2.7,9259,Hibrido
TECH_01373,2022,Nordeste,BA,Especialista em Ciberseguranca,Security,Junior,1,Masculino,3.6,5255,Remoto
TECH_01374,2022,Nordeste,BA,Analista de Dados / BI,Data & AI,Pleno,2,Feminino,5.6,7946,Hibrido
TECH_01375,2023,Sul,SC,Analista de Dados / BI,Data & AI,Pleno,2,Masculino,3.0,9524,Presencial
TECH_01376,2021,Sudeste,RJ,Cientista de Dados,Data & AI,Senior,3,Feminino,8.0,14406,Remoto
TECH_01377,2024,Sudeste,MG,Especialista em Ciberseguranca,Security,Junior,1,Masculino,2.4,5993,Remoto
TECH_01378,2023,Nordeste,CE,Analista de Dados / BI,Data & AI,Pleno,2,Feminino,3.9,7785,Hibrido
TECH_01379,2021,Sudeste,RJ,Especialista em Ciberseguranca,Security,Junior,1,Feminino,3.5,3956,Remoto
TECH_01380,2024,Nordeste,CE,Engenheira(o) de Dados,Data & AI,Senior,3,Feminino,8.9,15597,Presencial
TECH_01381,2022,Nordeste,PE,Product Manager (PM),Product & Agile,Junior,1,Masculino,2.6,4225,Remoto
TECH_01382,2023,Nordeste,CE,Engenheira(o) de Software,Software Engineering,Lead / Staff Specialist,4,Masculino,10.2,29540,Remoto
TECH_01383,2023,Centro-Oeste,GO,Engenheira(o) de Dados,Data & AI,Diretoria / C-Level,5,Masculino,15.2,47594,Hibrido
TECH_01384,2024,Sudeste,SP,Engenheira(o) de Dados,Data & AI,Senior,3,Masculino,8.1,16438,Remoto
TECH_01385,2021,Sudeste,SP,Analista de Dados / BI,Data & AI,Pleno,2,Masculino,5.0,8454,Hibrido
TECH_01386,2023,Norte,PA,Tech Lead / Engineering Manager,Leadership & Management,Junior,1,Feminino,0.9,5379,Remoto
TECH_01387,2024,Sudeste,SP,Engenheira(o) de Software,Software Engineering,Junior,1,Masculino,0.5,5804,Remoto
TECH_01388,2023,Centro-Oeste,DF,Engenheira(o) de Software,Software Engineering,Junior,1,Masculino,2.3,5687,Hibrido
TECH_01389,2021,Nordeste,BA,Analista de Dados / BI,Data & AI,Junior,1,Masculino,0.5,5284,Hibrido
TECH_01390,2023,Sudeste,MG,DevOps & Cloud Specialist,Cloud & Infrastructure,Pleno,2,Feminino,4.3,8414,Remoto
TECH_01391,2024,Sudeste,SP,Especialista em Ciberseguranca,Security,Pleno,2,Feminino,3.0,9397,Hibrido
TECH_01392,2023,Sul,PR,Product Manager (PM),Product & Agile,Junior,1,Masculino,0.5,5631,Remoto
TECH_01393,2022,Sul,PR,Tech Lead / Engineering Manager,Leadership & Management,Diretoria / C-Level,5,Masculino,13.7,42894,Hibrido
TECH_01394,2023,Sul,PR,Engenheira(o) de Dados,Data & AI,Junior,1,Masculino,1.8,5239,Remoto
TECH_01395,2023,Centro-Oeste,GO,Tech Lead / Engineering Manager,Leadership & Management,Pleno,2,Masculino,4.6,10275,Remoto
TECH_01396,2022,Sudeste,SP,Engenheira(o) de Dados,Data & AI,Senior,3,Masculino,8.2,16999,Hibrido
TECH_01397,2022,Centro-Oeste,DF,Tech Lead / Engineering Manager,Leadership & Management,Junior,1,Masculino,2.1,3872,Presencial
TECH_01398,2024,Sudeste,SP,Tech Lead / Engineering Manager,Leadership & Management,Pleno,2,Masculino,4.2,10484,Presencial
TECH_01399,2024,Nordeste,BA,Product Manager (PM),Product & Agile,Junior,1,Feminino,0.5,4873,Remoto
TECH_01400,2023,Sudeste,SP,Cientista de Dados,Data & AI,Lead / Staff Specialist,4,Masculino,11.5,27884,Remoto
TECH_01401,2021,Sudeste,MG,Engenheira(o) de Software,Software Engineering,Senior,3,Masculino,7.1,17112,Remoto
TECH_01402,2022,Nordeste,BA,Analista de Dados / BI,Data & AI,Pleno,2,Masculino,5.7,9429,Presencial
TECH_01403,2024,Sudeste,SP,DevOps & Cloud Specialist,Cloud & Infrastructure,Junior,1,Masculino,2.8,5403,Remoto
TECH_01404,2023,Norte,AM,Product Manager (PM),Product & Agile,Pleno,2,Masculino,4.4,9208,Remoto
TECH_01405,2024,Sudeste,SP,Especialista em Ciberseguranca,Security,Pleno,2,Feminino,3.2,7945,Remoto
TECH_01406,2023,Sul,SC,Tech Lead / Engineering Manager,Leadership & Management,Pleno,2,Masculino,4.4,9788,Hibrido
TECH_01407,2022,Sudeste,RJ,Product Manager (PM),Product & Agile,Pleno,2,Masculino,3.9,9051,Hibrido
TECH_01408,2023,Sudeste,MG,Especialista em Ciberseguranca,Security,Junior,1,Masculino,3.1,5063,Hibrido
TECH_01409,2023,Sudeste,RJ,Especialista em Ciberseguranca,Security,Diretoria / C-Level,5,Masculino,13.6,40516,Remoto
TECH_01410,2021,Sudeste,RJ,DevOps & Cloud Specialist,Cloud & Infrastructure,Senior,3,Masculino,6.5,16797,Hibrido
TECH_01411,2024,Nordeste,CE,Analista de Dados / BI,Data & AI,Pleno,2,Feminino,3.7,8515,Remoto
TECH_01412,2021,Sudeste,SP,Tech Lead / Engineering Manager,Leadership & Management,Junior,1,Masculino,2.0,3498,Remoto
TECH_01413,2024,Sul,SC,Product Manager (PM),Product & Agile,Pleno,2,Masculino,3.2,9563,Remoto
TECH_01414,2024,Sudeste,RJ,DevOps & Cloud Specialist,Cloud & Infrastructure,Lead / Staff Specialist,4,Masculino,11.5,26370,Remoto
TECH_01415,2023,Sudeste,SP,Analista de Dados / BI,Data & AI,Pleno,2,Feminino,4.3,9161,Remoto
TECH_01416,2023,Sul,PR,Especialista em Ciberseguranca,Security,Senior,3,Masculino,8.5,16962,Remoto
TECH_01417,2022,Sudeste,RJ,Cientista de Dados,Data & AI,Lead / Staff Specialist,4,Masculino,13.2,24088,Remoto
TECH_01418,2022,Norte,PA,Product Manager (PM),Product & Agile,Junior,1,Masculino,1.5,4868,Remoto
TECH_01419,2023,Sudeste,MG,Engenheira(o) de Dados,Data & AI,Junior,1,Masculino,0.5,5193,Remoto
TECH_01420,2024,Nordeste,PE,Cientista de Dados,Data & AI,Lead / Staff Specialist,4,Masculino,9.7,27714,Hibrido
TECH_01421,2021,Sul,PR,Especialista em Ciberseguranca,Security,Pleno,2,Feminino,2.6,8678,Hibrido
TECH_01422,2024,Sudeste,RJ,Engenheira(o) de Dados,Data & AI,Senior,3,Masculino,8.8,18804,Hibrido
TECH_01423,2023,Sudeste,MG,Especialista em Ciberseguranca,Security,Junior,1,Masculino,4.3,6072,Presencial
TECH_01424,2023,Sul,PR,Analista de Dados / BI,Data & AI,Junior,1,Feminino,0.8,4874,Hibrido
TECH_01425,2022,Sul,SC,DevOps & Cloud Specialist,Cloud & Infrastructure,Lead / Staff Specialist,4,Masculino,9.8,21752,Hibrido
TECH_01426,2021,Sudeste,SP,DevOps & Cloud Specialist,Cloud & Infrastructure,Junior,1,Masculino,4.4,5528,Remoto
TECH_01427,2024,Sul,PR,Especialista em Ciberseguranca,Security,Junior,1,Masculino,0.5,5721,Remoto
TECH_01428,2023,Sudeste,SP,Cientista de Dados,Data & AI,Pleno,2,Feminino,2.2,7028,Hibrido
TECH_01429,2021,Norte,PA,Engenheira(o) de Software,Software Engineering,Junior,1,Masculino,0.5,5505,Hibrido
TECH_01430,2023,Sul,PR,DevOps & Cloud Specialist,Cloud & Infrastructure,Junior,1,Masculino,2.4,5290,Remoto
TECH_01431,2023,Norte,PA,Cientista de Dados,Data & AI,Junior,1,Masculino,1.4,5965,Remoto
TECH_01432,2024,Nordeste,PE,Especialista em Ciberseguranca,Security,Senior,3,Masculino,5.8,22445,Remoto
TECH_01433,2022,Norte,PA,Cientista de Dados,Data & AI,Pleno,2,Masculino,3.5,7917,Hibrido
TECH_01434,2023,Sudeste,MG,Engenheira(o) de Dados,Data & AI,Junior,1,Masculino,2.4,5263,Remoto
TECH_01435,2022,Sul,RS,Tech Lead / Engineering Manager,Leadership & Management,Pleno,2,Masculino,4.1,9342,Remoto
TECH_01436,2022,Sul,SC,Product Manager (PM),Product & Agile,Junior,1,Feminino,1.2,4893,Hibrido
TECH_01437,2022,Sul,PR,Engenheira(o) de Dados,Data & AI,Senior,3,Masculino,6.9,18475,Remoto
TECH_01438,2023,Centro-Oeste,DF,DevOps & Cloud Specialist,Cloud & Infrastructure,Lead / Staff Specialist,4,Masculino,9.1,28034,Remoto
TECH_01439,2024,Sul,RS,Cientista de Dados,Data & AI,Senior,3,Masculino,7.9,20958,Hibrido
TECH_01440,2022,Sudeste,SP,Product Manager (PM),Product & Agile,Lead / Staff Specialist,4,Masculino,11.0,21064,Remoto
TECH_01441,2024,Nordeste,BA,Engenheira(o) de Software,Software Engineering,Lead / Staff Specialist,4,Masculino,9.1,28738,Remoto
TECH_01442,2024,Sudeste,RJ,DevOps & Cloud Specialist,Cloud & Infrastructure,Junior,1,Masculino,0.5,6651,Remoto
TECH_01443,2023,Sudeste,SP,Cientista de Dados,Data & AI,Pleno,2,Masculino,4.6,11701,Remoto
TECH_01444,2024,Sul,PR,Tech Lead / Engineering Manager,Leadership & Management,Junior,1,Masculino,0.5,5656,Hibrido
TECH_01445,2022,Sudeste,SP,Product Manager (PM),Product & Agile,Pleno,2,Feminino,4.1,7804,Remoto
TECH_01446,2021,Sudeste,SP,Product Manager (PM),Product & Agile,Junior,1,Feminino,2.5,4641,Remoto
TECH_01447,2023,Sudeste,RJ,Engenheira(o) de Dados,Data & AI,Lead / Staff Specialist,4,Masculino,10.2,27180,Hibrido
TECH_01448,2022,Sul,PR,Engenheira(o) de Software,Software Engineering,Pleno,2,Masculino,5.2,12743,Remoto
TECH_01449,2024,Sudeste,RJ,Engenheira(o) de Dados,Data & AI,Pleno,2,Feminino,7.5,9422,Remoto
TECH_01450,2021,Norte,AM,Engenheira(o) de Dados,Data & AI,Senior,3,Masculino,7.4,19154,Remoto
TECH_01451,2021,Sudeste,RJ,Engenheira(o) de Dados,Data & AI,Diretoria / C-Level,5,Feminino,11.9,23845,Remoto
TECH_01452,2023,Sudeste,MG,DevOps & Cloud Specialist,Cloud & Infrastructure,Junior,1,Masculino,2.2,5554,Hibrido
TECH_01453,2023,Sudeste,MG,Analista de Dados / BI,Data & AI,Junior,1,Masculino,1.1,6159,Remoto
TECH_01454,2023,Sul,PR,Especialista em Ciberseguranca,Security,Pleno,2,Feminino,6.0,10603,Remoto
TECH_01455,2023,Nordeste,CE,Product Manager (PM),Product & Agile,Junior,1,Masculino,3.1,5030,Remoto
TECH_01456,2024,Nordeste,CE,Tech Lead / Engineering Manager,Leadership & Management,Senior,3,Masculino,5.7,20348,Remoto
TECH_01457,2024,Sul,RS,Cientista de Dados,Data & AI,Junior,1,Masculino,1.5,4717,Hibrido
TECH_01458,2023,Sudeste,MG,Especialista em Ciberseguranca,Security,Junior,1,Feminino,1.7,6190,Remoto
TECH_01459,2021,Sudeste,MG,Product Manager (PM),Product & Agile,Pleno,2,Masculino,4.0,10302,Hibrido
TECH_01460,2022,Sul,RS,Tech Lead / Engineering Manager,Leadership & Management,Senior,3,Feminino,7.1,14892,Hibrido
TECH_01461,2022,Sul,SC,Analista de Dados / BI,Data & AI,Lead / Staff Specialist,4,Masculino,11.9,26600,Hibrido
TECH_01462,2024,Sudeste,SP,Tech Lead / Engineering Manager,Leadership & Management,Junior,1,Masculino,2.2,5119,Remoto
TECH_01463,2023,Sul,RS,Especialista em Ciberseguranca,Security,Pleno,2,Masculino,3.2,10363,Hibrido
TECH_01464,2022,Sudeste,MG,Especialista em Ciberseguranca,Security,Junior,1,Masculino,1.3,4932,Remoto
TECH_01465,2023,Sudeste,RJ,Engenheira(o) de Software,Software Engineering,Junior,1,Masculino,1.1,5419,Presencial
TECH_01466,2023,Sudeste,RJ,Tech Lead / Engineering Manager,Leadership & Management,Junior,1,Masculino,2.8,5487,Remoto
TECH_01467,2024,Sudeste,RJ,Analista de Dados / BI,Data & AI,Pleno,2,Masculino,4.8,9506,Remoto
TECH_01468,2023,Sul,RS,Analista de Dados / BI,Data & AI,Junior,1,Masculino,0.7,5347,Remoto
TECH_01469,2023,Centro-Oeste,DF,DevOps & Cloud Specialist,Cloud & Infrastructure,Junior,1,Masculino,0.5,5515,Hibrido
TECH_01470,2024,Centro-Oeste,GO,Cientista de Dados,Data & AI,Junior,1,Masculino,2.4,5839,Remoto
TECH_01471,2023,Sul,SC,Analista de Dados / BI,Data & AI,Pleno,2,Masculino,3.3,9446,Hibrido
TECH_01472,2023,Nordeste,CE,Engenheira(o) de Software,Software Engineering,Diretoria / C-Level,5,Masculino,12.9,38621,Hibrido
TECH_01473,2024,Norte,PA,Product Manager (PM),Product & Agile,Pleno,2,Masculino,4.4,10153,Hibrido
TECH_01474,2024,Sudeste,SP,Especialista em Ciberseguranca,Security,Pleno,2,Masculino,4.6,10781,Hibrido
TECH_01475,2022,Nordeste,PE,DevOps & Cloud Specialist,Cloud & Infrastructure,Junior,1,Feminino,3.2,4830,Remoto
TECH_01476,2021,Nordeste,CE,Tech Lead / Engineering Manager,Leadership & Management,Lead / Staff Specialist,4,Masculino,9.1,20722,Remoto
TECH_01477,2021,Sudeste,SP,Engenheira(o) de Dados,Data & AI,Senior,3,Masculino,8.0,12032,Remoto
TECH_01478,2023,Norte,AM,Engenheira(o) de Dados,Data & AI,Junior,1,Feminino,0.7,4318,Hibrido
TECH_01479,2024,Sudeste,RJ,Tech Lead / Engineering Manager,Leadership & Management,Pleno,2,Masculino,2.4,10547,Remoto
TECH_01480,2023,Nordeste,BA,Analista de Dados / BI,Data & AI,Junior,1,Feminino,1.6,5322,Hibrido
TECH_01481,2021,Sul,SC,Especialista em Ciberseguranca,Security,Junior,1,Feminino,2.0,4814,Remoto
TECH_01482,2024,Sudeste,RJ,Product Manager (PM),Product & Agile,Junior,1,Masculino,2.5,4210,Hibrido
TECH_01483,2022,Norte,AM,Cientista de Dados,Data & AI,Diretoria / C-Level,5,Masculino,13.8,43974,Hibrido
TECH_01484,2024,Nordeste,CE,Especialista em Ciberseguranca,Security,Junior,1,Masculino,1.3,5918,Remoto
TECH_01485,2022,Sul,PR,Engenheira(o) de Software,Software Engineering,Pleno,2,Masculino,2.6,11132,Presencial
TECH_01486,2023,Sudeste,SP,Product Manager (PM),Product & Agile,Pleno,2,Masculino,3.8,10750,Remoto
TECH_01487,2021,Nordeste,PE,Analista de Dados / BI,Data & AI,Pleno,2,Masculino,4.9,8559,Hibrido
TECH_01488,2022,Sudeste,SP,Cientista de Dados,Data & AI,Junior,1,Masculino,0.5,4268,Remoto
TECH_01489,2021,Nordeste,BA,Product Manager (PM),Product & Agile,Pleno,2,Masculino,5.5,7975,Remoto
TECH_01490,2024,Nordeste,CE,Engenheira(o) de Dados,Data & AI,Senior,3,Feminino,7.4,16733,Hibrido
TECH_01491,2022,Sul,PR,Engenheira(o) de Software,Software Engineering,Lead / Staff Specialist,4,Masculino,8.0,25942,Remoto
TECH_01492,2022,Sudeste,SP,Tech Lead / Engineering Manager,Leadership & Management,Junior,1,Masculino,0.5,4571,Hibrido
TECH_01493,2021,Sudeste,MG,Engenheira(o) de Software,Software Engineering,Pleno,2,Masculino,2.5,8682,Hibrido
TECH_01494,2024,Sudeste,RJ,Engenheira(o) de Software,Software Engineering,Junior,1,Feminino,2.9,4536,Remoto
TECH_01495,2024,Sudeste,RJ,Product Manager (PM),Product & Agile,Senior,3,Feminino,5.2,14950,Remoto
TECH_01496,2022,Sudeste,MG,Cientista de Dados,Data & AI,Senior,3,Masculino,9.0,13956,Remoto
TECH_01497,2023,Sudeste,RJ,Product Manager (PM),Product & Agile,Pleno,2,Masculino,5.6,9683,Hibrido
TECH_01498,2024,Sudeste,RJ,Especialista em Ciberseguranca,Security,Lead / Staff Specialist,4,Feminino,10.3,24534,Remoto
TECH_01499,2023,Sudeste,RJ,Tech Lead / Engineering Manager,Leadership & Management,Senior,3,Masculino,7.6,17875,Hibrido
TECH_01500,2024,Nordeste,CE,Engenheira(o) de Software,Software Engineering,Senior,3,Masculino,8.3,22666,Presencial
TECH_01501,2024,Nordeste,PE,Tech Lead / Engineering Manager,Leadership & Management,Pleno,2,Masculino,1.6,11122,Remoto
TECH_01502,2023,Sudeste,MG,Product Manager (PM),Product & Agile,Pleno,2,Masculino,2.2,10237,Remoto
TECH_01503,2023,Nordeste,CE,Especialista em Ciberseguranca,Security,Junior,1,Masculino,1.2,5538,Remoto
TECH_01504,2022,Sudeste,RJ,DevOps & Cloud Specialist,Cloud & Infrastructure,Pleno,2,Feminino,3.7,7806,Remoto
TECH_01505,2023,Sudeste,RJ,Product Manager (PM),Product & Agile,Senior,3,Masculino,7.9,18779,Hibrido
TECH_01506,2023,Sudeste,RJ,Tech Lead / Engineering Manager,Leadership & Management,Pleno,2,Feminino,3.7,9636,Remoto
TECH_01507,2023,Norte,AM,Engenheira(o) de Software,Software Engineering,Pleno,2,Masculino,6.1,11041,Hibrido
TECH_01508,2021,Sudeste,MG,DevOps & Cloud Specialist,Cloud & Infrastructure,Lead / Staff Specialist,4,Feminino,13.8,18437,Remoto
TECH_01509,2024,Sudeste,SP,Especialista em Ciberseguranca,Security,Senior,3,Masculino,8.0,18640,Remoto
TECH_01510,2022,Nordeste,PE,Especialista em Ciberseguranca,Security,Pleno,2,Masculino,3.1,9865,Hibrido
TECH_01511,2023,Sudeste,MG,Engenheira(o) de Dados,Data & AI,Junior,1,Masculino,1.3,6482,Remoto
TECH_01512,2022,Sudeste,RJ,Cientista de Dados,Data & AI,Junior,1,Feminino,2.0,3822,Presencial
TECH_01513,2023,Nordeste,CE,Engenheira(o) de Software,Software Engineering,Senior,3,Masculino,5.8,18146,Remoto
TECH_01514,2023,Sudeste,MG,Engenheira(o) de Software,Software Engineering,Junior,1,Feminino,2.6,5024,Remoto
TECH_01515,2023,Sudeste,MG,Product Manager (PM),Product & Agile,Senior,3,Masculino,7.2,17031,Hibrido
TECH_01516,2021,Sul,SC,Engenheira(o) de Software,Software Engineering,Senior,3,Masculino,7.1,16742,Presencial
TECH_01517,2024,Sudeste,RJ,Especialista em Ciberseguranca,Security,Junior,1,Masculino,1.2,6485,Remoto
TECH_01518,2022,Sudeste,SP,Tech Lead / Engineering Manager,Leadership & Management,Lead / Staff Specialist,4,Masculino,11.7,21742,Hibrido
TECH_01519,2023,Sul,PR,DevOps & Cloud Specialist,Cloud & Infrastructure,Lead / Staff Specialist,4,Masculino,9.5,27817,Remoto
TECH_01520,2022,Nordeste,CE,Engenheira(o) de Software,Software Engineering,Pleno,2,Masculino,1.8,9489,Hibrido
TECH_01521,2024,Sudeste,RJ,Cientista de Dados,Data & AI,Senior,3,Masculino,6.4,17965,Remoto
TECH_01522,2022,Sudeste,SP,Product Manager (PM),Product & Agile,Lead / Staff Specialist,4,Masculino,10.2,25033,Remoto
TECH_01523,2023,Sudeste,SP,Engenheira(o) de Dados,Data & AI,Senior,3,Masculino,7.3,19601,Remoto
TECH_01524,2023,Sudeste,SP,DevOps & Cloud Specialist,Cloud & Infrastructure,Pleno,2,Feminino,4.0,8788,Remoto
TECH_01525,2022,Sudeste,SP,Cientista de Dados,Data & AI,Pleno,2,Feminino,4.7,7064,Hibrido
TECH_01526,2023,Nordeste,CE,Cientista de Dados,Data & AI,Junior,1,Feminino,3.7,5069,Remoto
TECH_01527,2023,Sudeste,SP,Especialista em Ciberseguranca,Security,Senior,3,Masculino,8.6,17836,Remoto
TECH_01528,2023,Nordeste,PE,Cientista de Dados,Data & AI,Pleno,2,Masculino,4.5,10753,Hibrido
TECH_01529,2023,Sudeste,MG,Cientista de Dados,Data & AI,Lead / Staff Specialist,4,Masculino,10.3,23339,Remoto
TECH_01530,2024,Sul,SC,Especialista em Ciberseguranca,Security,Junior,1,Masculino,1.2,6580,Remoto
TECH_01531,2024,Sudeste,SP,Engenheira(o) de Software,Software Engineering,Lead / Staff Specialist,4,Masculino,9.9,28516,Remoto
TECH_01532,2021,Sudeste,MG,Especialista em Ciberseguranca,Security,Junior,1,Feminino,0.9,4852,Remoto
TECH_01533,2022,Sul,SC,Engenheira(o) de Software,Software Engineering,Senior,3,Masculino,6.9,17572,Hibrido
TECH_01534,2021,Sul,RS,Engenheira(o) de Software,Software Engineering,Junior,1,Masculino,2.4,3990,Presencial
TECH_01535,2022,Nordeste,CE,Analista de Dados / BI,Data & AI,Junior,1,Masculino,2.4,5428,Presencial
TECH_01536,2021,Sudeste,MG,Product Manager (PM),Product & Agile,Junior,1,Masculino,0.5,4829,Remoto
TECH_01537,2023,Nordeste,CE,Product Manager (PM),Product & Agile,Pleno,2,Masculino,3.2,9931,Remoto
TECH_01538,2021,Sudeste,MG,Tech Lead / Engineering Manager,Leadership & Management,Pleno,2,Feminino,5.5,9465,Remoto
TECH_01539,2024,Sudeste,RJ,Engenheira(o) de Dados,Data & AI,Junior,1,Masculino,3.1,5224,Remoto
TECH_01540,2021,Nordeste,BA,Product Manager (PM),Product & Agile,Lead / Staff Specialist,4,Feminino,12.6,18618,Remoto
TECH_01541,2022,Nordeste,PE,Product Manager (PM),Product & Agile,Lead / Staff Specialist,4,Masculino,7.8,24633,Remoto
TECH_01542,2024,Sudeste,SP,Especialista em Ciberseguranca,Security,Pleno,2,Masculino,4.3,11511,Remoto
TECH_01543,2024,Sul,RS,Cientista de Dados,Data & AI,Junior,1,Feminino,3.7,4591,Hibrido
TECH_01544,2024,Sudeste,SP,Engenheira(o) de Dados,Data & AI,Junior,1,Feminino,2.0,4356,Remoto
TECH_01545,2021,Sudeste,MG,Engenheira(o) de Dados,Data & AI,Pleno,2,Masculino,3.2,7958,Remoto
TECH_01546,2022,Centro-Oeste,GO,Especialista em Ciberseguranca,Security,Pleno,2,Masculino,3.6,9840,Presencial
TECH_01547,2021,Sul,SC,Especialista em Ciberseguranca,Security,Pleno,2,Masculino,2.1,8830,Remoto
TECH_01548,2022,Norte,AM,Cientista de Dados,Data & AI,Pleno,2,Feminino,3.5,8655,Remoto
TECH_01549,2022,Centro-Oeste,DF,Engenheira(o) de Software,Software Engineering,Junior,1,Masculino,2.1,4240,Remoto
TECH_01550,2023,Sudeste,MG,Tech Lead / Engineering Manager,Leadership & Management,Lead / Staff Specialist,4,Masculino,12.3,27737,Remoto
TECH_01551,2023,Nordeste,BA,Analista de Dados / BI,Data & AI,Junior,1,Feminino,3.2,4362,Hibrido
TECH_01552,2021,Nordeste,PE,Tech Lead / Engineering Manager,Leadership & Management,Pleno,2,Masculino,4.2,8921,Remoto
TECH_01553,2023,Sudeste,SP,Analista de Dados / BI,Data & AI,Pleno,2,Masculino,4.8,10296,Hibrido
TECH_01554,2023,Centro-Oeste,DF,Engenheira(o) de Dados,Data & AI,Pleno,2,Feminino,5.9,9358,Hibrido
TECH_01555,2021,Sudeste,RJ,Engenheira(o) de Software,Software Engineering,Pleno,2,Feminino,3.8,8101,Remoto
TECH_01556,2024,Sudeste,RJ,Analista de Dados / BI,Data & AI,Lead / Staff Specialist,4,Masculino,12.2,26368,Remoto
TECH_01557,2022,Norte,AM,Especialista em Ciberseguranca,Security,Junior,1,Feminino,0.5,4599,Hibrido
TECH_01558,2022,Sudeste,RJ,Tech Lead / Engineering Manager,Leadership & Management,Junior,1,Feminino,1.5,4443,Remoto
TECH_01559,2022,Nordeste,BA,DevOps & Cloud Specialist,Cloud & Infrastructure,Senior,3,Masculino,8.4,17525,Remoto
TECH_01560,2023,Nordeste,BA,DevOps & Cloud Specialist,Cloud & Infrastructure,Junior,1,Masculino,2.3,5550,Remoto
TECH_01561,2021,Sudeste,RJ,Cientista de Dados,Data & AI,Junior,1,Feminino,1.1,4294,Presencial
TECH_01562,2021,Sudeste,SP,Cientista de Dados,Data & AI,Lead / Staff Specialist,4,Masculino,10.2,23385,Hibrido
TECH_01563,2023,Sudeste,MG,Tech Lead / Engineering Manager,Leadership & Management,Senior,3,Masculino,7.0,15716,Remoto
TECH_01564,2024,Sudeste,RJ,Analista de Dados / BI,Data & AI,Junior,1,Masculino,1.4,5531,Hibrido
TECH_01565,2021,Sudeste,SP,Cientista de Dados,Data & AI,Pleno,2,Feminino,4.6,7651,Remoto
TECH_01566,2022,Sul,SC,Product Manager (PM),Product & Agile,Junior,1,Masculino,2.4,4522,Remoto
TECH_01567,2024,Norte,PA,Engenheira(o) de Dados,Data & AI,Junior,1,Masculino,1.9,5442,Hibrido
TECH_01568,2023,Sul,PR,Cientista de Dados,Data & AI,Senior,3,Masculino,6.8,17305,Remoto
TECH_01569,2024,Sudeste,RJ,Analista de Dados / BI,Data & AI,Pleno,2,Masculino,1.8,12317,Remoto
TECH_01570,2023,Centro-Oeste,GO,Product Manager (PM),Product & Agile,Junior,1,Feminino,2.8,5081,Remoto
TECH_01571,2022,Norte,PA,DevOps & Cloud Specialist,Cloud & Infrastructure,Pleno,2,Masculino,4.9,8840,Remoto
TECH_01572,2023,Sudeste,SP,Cientista de Dados,Data & AI,Senior,3,Masculino,7.8,16962,Hibrido
TECH_01573,2024,Nordeste,BA,Analista de Dados / BI,Data & AI,Junior,1,Masculino,1.3,4803,Remoto
TECH_01574,2023,Sudeste,SP,Analista de Dados / BI,Data & AI,Junior,1,Masculino,1.9,5390,Hibrido
TECH_01575,2024,Norte,PA,Cientista de Dados,Data & AI,Senior,3,Feminino,9.1,15910,Remoto
TECH_01576,2024,Nordeste,CE,Tech Lead / Engineering Manager,Leadership & Management,Lead / Staff Specialist,4,Masculino,11.0,26250,Remoto
TECH_01577,2024,Sul,RS,Cientista de Dados,Data & AI,Pleno,2,Masculino,5.6,9372,Presencial
TECH_01578,2022,Sul,SC,Product Manager (PM),Product & Agile,Senior,3,Masculino,8.8,16656,Remoto
TECH_01579,2024,Norte,AM,DevOps & Cloud Specialist,Cloud & Infrastructure,Pleno,2,Masculino,3.9,10968,Hibrido
TECH_01580,2022,Sudeste,RJ,Tech Lead / Engineering Manager,Leadership & Management,Lead / Staff Specialist,4,Masculino,9.8,22518,Remoto
TECH_01581,2024,Sudeste,SP,Engenheira(o) de Dados,Data & AI,Junior,1,Feminino,1.8,5749,Hibrido
TECH_01582,2023,Norte,AM,Especialista em Ciberseguranca,Security,Pleno,2,Masculino,5.1,10031,Presencial
TECH_01583,2023,Sudeste,MG,Tech Lead / Engineering Manager,Leadership & Management,Pleno,2,Masculino,4.2,9292,Remoto
TECH_01584,2023,Sudeste,RJ,Tech Lead / Engineering Manager,Leadership & Management,Senior,3,Masculino,8.1,21779,Remoto
TECH_01585,2023,Sudeste,SP,Product Manager (PM),Product & Agile,Lead / Staff Specialist,4,Masculino,9.3,23778,Hibrido
TECH_01586,2023,Sudeste,MG,Engenheira(o) de Dados,Data & AI,Pleno,2,Masculino,2.9,10994,Remoto
TECH_01587,2023,Sudeste,SP,DevOps & Cloud Specialist,Cloud & Infrastructure,Pleno,2,Feminino,2.6,9716,Remoto
TECH_01588,2023,Norte,AM,Engenheira(o) de Software,Software Engineering,Junior,1,Masculino,1.7,4721,Presencial
TECH_01589,2022,Sudeste,SP,Cientista de Dados,Data & AI,Senior,3,Masculino,6.8,17243,Remoto
TECH_01590,2024,Sul,RS,Tech Lead / Engineering Manager,Leadership & Management,Junior,1,Feminino,2.1,5707,Remoto
TECH_01591,2023,Nordeste,BA,DevOps & Cloud Specialist,Cloud & Infrastructure,Pleno,2,Masculino,4.7,8590,Remoto
TECH_01592,2023,Sudeste,RJ,Analista de Dados / BI,Data & AI,Lead / Staff Specialist,4,Masculino,9.7,24645,Hibrido
TECH_01593,2022,Centro-Oeste,DF,Engenheira(o) de Software,Software Engineering,Pleno,2,Masculino,6.2,10067,Remoto
TECH_01594,2023,Nordeste,BA,Tech Lead / Engineering Manager,Leadership & Management,Senior,3,Masculino,8.7,16407,Remoto
TECH_01595,2024,Sudeste,MG,Tech Lead / Engineering Manager,Leadership & Management,Junior,1,Feminino,0.5,5314,Remoto
TECH_01596,2024,Sul,SC,Engenheira(o) de Software,Software Engineering,Junior,1,Masculino,0.5,6216,Hibrido
TECH_01597,2023,Sudeste,RJ,Engenheira(o) de Dados,Data & AI,Pleno,2,Masculino,7.0,10329,Remoto
TECH_01598,2022,Sul,SC,Product Manager (PM),Product & Agile,Pleno,2,Masculino,3.7,9845,Remoto
TECH_01599,2023,Sudeste,SP,Cientista de Dados,Data & AI,Junior,1,Masculino,1.0,5495,Remoto
TECH_01600,2024,Sudeste,MG,Tech Lead / Engineering Manager,Leadership & Management,Lead / Staff Specialist,4,Masculino,11.2,25472,Presencial
TECH_01601,2023,Sul,SC,Cientista de Dados,Data & AI,Pleno,2,Masculino,4.2,10965,Hibrido
TECH_01602,2022,Sudeste,MG,Analista de Dados / BI,Data & AI,Junior,1,Masculino,2.6,4746,Hibrido
TECH_01603,2023,Sudeste,SP,Product Manager (PM),Product & Agile,Diretoria / C-Level,5,Masculino,12.8,40009,Hibrido
TECH_01604,2024,Sudeste,SP,Engenheira(o) de Dados,Data & AI,Junior,1,Masculino,4.1,5684,Remoto
TECH_01605,2023,Sudeste,MG,Engenheira(o) de Software,Software Engineering,Pleno,2,Masculino,3.1,9829,Remoto
TECH_01606,2023,Sul,SC,Analista de Dados / BI,Data & AI,Junior,1,Feminino,0.5,4968,Hibrido
TECH_01607,2022,Sul,SC,Engenheira(o) de Software,Software Engineering,Junior,1,Masculino,1.5,5129,Hibrido
TECH_01608,2023,Centro-Oeste,DF,Product Manager (PM),Product & Agile,Junior,1,Masculino,2.4,5432,Remoto
TECH_01609,2023,Sudeste,RJ,Tech Lead / Engineering Manager,Leadership & Management,Senior,3,Masculino,5.9,21656,Remoto
TECH_01610,2024,Sudeste,SP,Engenheira(o) de Dados,Data & AI,Junior,1,Feminino,3.6,4776,Remoto
TECH_01611,2024,Sudeste,RJ,Engenheira(o) de Dados,Data & AI,Lead / Staff Specialist,4,Masculino,9.9,26398,Hibrido
TECH_01612,2024,Sudeste,SP,Especialista em Ciberseguranca,Security,Senior,3,Masculino,8.6,18869,Remoto
TECH_01613,2022,Sudeste,MG,Cientista de Dados,Data & AI,Lead / Staff Specialist,4,Masculino,10.2,24206,Hibrido
TECH_01614,2024,Sudeste,MG,Cientista de Dados,Data & AI,Junior,1,Masculino,1.6,5036,Hibrido
TECH_01615,2023,Sudeste,MG,Engenheira(o) de Software,Software Engineering,Pleno,2,Masculino,2.5,10209,Remoto
TECH_01616,2024,Sudeste,MG,Cientista de Dados,Data & AI,Pleno,2,Masculino,4.9,10420,Remoto
TECH_01617,2022,Sudeste,SP,Product Manager (PM),Product & Agile,Junior,1,Feminino,2.5,4013,Remoto
TECH_01618,2023,Sul,RS,Analista de Dados / BI,Data & AI,Senior,3,Masculino,4.4,18446,Remoto
TECH_01619,2024,Sudeste,SP,Analista de Dados / BI,Data & AI,Pleno,2,Masculino,5.6,10366,Hibrido
TECH_01620,2023,Sul,PR,Analista de Dados / BI,Data & AI,Lead / Staff Specialist,4,Masculino,9.9,25234,Remoto
TECH_01621,2024,Sudeste,SP,Especialista em Ciberseguranca,Security,Senior,3,Masculino,7.3,21090,Hibrido
TECH_01622,2022,Sudeste,SP,Especialista em Ciberseguranca,Security,Junior,1,Masculino,0.5,5511,Remoto
TECH_01623,2021,Nordeste,BA,Engenheira(o) de Dados,Data & AI,Senior,3,Masculino,7.5,15238,Remoto
TECH_01624,2024,Sudeste,MG,Tech Lead / Engineering Manager,Leadership & Management,Junior,1,Masculino,1.8,6318,Hibrido
TECH_01625,2023,Centro-Oeste,GO,Analista de Dados / BI,Data & AI,Senior,3,Masculino,6.7,19328,Remoto
TECH_01626,2022,Sudeste,MG,Cientista de Dados,Data & AI,Pleno,2,Masculino,3.8,8887,Remoto
TECH_01627,2021,Sudeste,MG,Tech Lead / Engineering Manager,Leadership & Management,Junior,1,Masculino,0.5,5724,Remoto
TECH_01628,2022,Sul,SC,Engenheira(o) de Software,Software Engineering,Junior,1,Feminino,1.3,5089,Hibrido
TECH_01629,2023,Centro-Oeste,GO,Especialista em Ciberseguranca,Security,Pleno,2,Masculino,3.3,10646,Remoto
TECH_01630,2024,Nordeste,CE,Engenheira(o) de Dados,Data & AI,Pleno,2,Masculino,6.2,10172,Remoto
TECH_01631,2024,Nordeste,BA,Engenheira(o) de Software,Software Engineering,Junior,1,Feminino,3.6,4736,Hibrido
TECH_01632,2022,Sul,RS,Engenheira(o) de Dados,Data & AI,Junior,1,Masculino,1.8,5891,Hibrido
TECH_01633,2023,Norte,PA,Especialista em Ciberseguranca,Security,Pleno,2,Feminino,3.6,7983,Remoto
TECH_01634,2024,Norte,PA,Cientista de Dados,Data & AI,Pleno,2,Masculino,4.6,12104,Remoto
TECH_01635,2024,Nordeste,CE,Especialista em Ciberseguranca,Security,Lead / Staff Specialist,4,Masculino,13.4,28581,Presencial
TECH_01636,2022,Sudeste,RJ,Engenheira(o) de Software,Software Engineering,Lead / Staff Specialist,4,Masculino,11.3,25501,Remoto
TECH_01637,2023,Sul,RS,Especialista em Ciberseguranca,Security,Pleno,2,Masculino,5.2,9921,Remoto
TECH_01638,2022,Sudeste,SP,DevOps & Cloud Specialist,Cloud & Infrastructure,Pleno,2,Masculino,3.0,11646,Hibrido
TECH_01639,2021,Sudeste,MG,DevOps & Cloud Specialist,Cloud & Infrastructure,Pleno,2,Masculino,5.9,8575,Hibrido
TECH_01640,2024,Sudeste,MG,Engenheira(o) de Software,Software Engineering,Pleno,2,Masculino,4.1,9307,Remoto
TECH_01641,2023,Sudeste,MG,Product Manager (PM),Product & Agile,Pleno,2,Feminino,6.1,9355,Hibrido
TECH_01642,2022,Nordeste,CE,Analista de Dados / BI,Data & AI,Junior,1,Masculino,0.5,5234,Hibrido
TECH_01643,2024,Sudeste,SP,Cientista de Dados,Data & AI,Pleno,2,Masculino,3.7,9962,Remoto
TECH_01644,2024,Sudeste,MG,Product Manager (PM),Product & Agile,Senior,3,Masculino,8.4,18536,Remoto
TECH_01645,2023,Norte,AM,Engenheira(o) de Dados,Data & AI,Pleno,2,Feminino,3.9,8632,Presencial
TECH_01646,2024,Sul,SC,Engenheira(o) de Software,Software Engineering,Junior,1,Feminino,0.5,5498,Remoto
TECH_01647,2023,Centro-Oeste,DF,Especialista em Ciberseguranca,Security,Junior,1,Masculino,2.3,6133,Remoto
TECH_01648,2023,Sudeste,RJ,Tech Lead / Engineering Manager,Leadership & Management,Pleno,2,Masculino,3.1,10527,Hibrido
TECH_01649,2022,Sudeste,MG,Analista de Dados / BI,Data & AI,Pleno,2,Masculino,6.2,9681,Remoto
TECH_01650,2024,Sudeste,MG,Product Manager (PM),Product & Agile,Junior,1,Feminino,1.0,5511,Remoto
TECH_01651,2022,Sudeste,MG,DevOps & Cloud Specialist,Cloud & Infrastructure,Junior,1,Masculino,0.5,5812,Hibrido
TECH_01652,2023,Sudeste,MG,Tech Lead / Engineering Manager,Leadership & Management,Senior,3,Masculino,8.1,18082,Remoto
TECH_01653,2022,Sudeste,MG,Product Manager (PM),Product & Agile,Pleno,2,Masculino,4.8,9952,Remoto
TECH_01654,2024,Sudeste,RJ,Engenheira(o) de Dados,Data & AI,Pleno,2,Masculino,5.1,11255,Presencial
TECH_01655,2023,Sul,RS,Especialista em Ciberseguranca,Security,Pleno,2,Masculino,4.1,10406,Presencial
TECH_01656,2022,Sul,SC,Engenheira(o) de Dados,Data & AI,Lead / Staff Specialist,4,Masculino,9.8,26194,Remoto
TECH_01657,2024,Sul,PR,Especialista em Ciberseguranca,Security,Junior,1,Masculino,2.1,5255,Remoto
TECH_01658,2024,Sul,PR,Engenheira(o) de Software,Software Engineering,Pleno,2,Masculino,5.3,10144,Hibrido
TECH_01659,2023,Sudeste,MG,Engenheira(o) de Dados,Data & AI,Senior,3,Feminino,8.1,15332,Remoto
TECH_01660,2022,Nordeste,PE,Analista de Dados / BI,Data & AI,Pleno,2,Masculino,2.6,10084,Remoto
TECH_01661,2024,Sul,PR,Tech Lead / Engineering Manager,Leadership & Management,Senior,3,Masculino,7.6,21256,Hibrido
TECH_01662,2024,Nordeste,BA,DevOps & Cloud Specialist,Cloud & Infrastructure,Senior,3,Masculino,7.7,16991,Presencial
TECH_01663,2023,Nordeste,BA,DevOps & Cloud Specialist,Cloud & Infrastructure,Pleno,2,Masculino,5.0,7806,Remoto
TECH_01664,2024,Sudeste,SP,Engenheira(o) de Dados,Data & AI,Junior,1,Feminino,0.5,5202,Hibrido
TECH_01665,2021,Sudeste,RJ,Especialista em Ciberseguranca,Security,Junior,1,Masculino,2.1,4962,Remoto
TECH_01666,2023,Sudeste,MG,Engenheira(o) de Dados,Data & AI,Junior,1,Masculino,1.3,5028,Remoto
TECH_01667,2024,Sudeste,RJ,Engenheira(o) de Software,Software Engineering,Pleno,2,Masculino,4.0,10927,Presencial
TECH_01668,2023,Sudeste,MG,Especialista em Ciberseguranca,Security,Junior,1,Masculino,0.5,4888,Remoto
TECH_01669,2022,Sul,RS,Cientista de Dados,Data & AI,Junior,1,Feminino,3.0,5169,Presencial
TECH_01670,2021,Nordeste,CE,Analista de Dados / BI,Data & AI,Pleno,2,Feminino,2.2,7640,Remoto
TECH_01671,2023,Nordeste,BA,Analista de Dados / BI,Data & AI,Senior,3,Masculino,8.6,16088,Hibrido
TECH_01672,2024,Sudeste,MG,Engenheira(o) de Dados,Data & AI,Senior,3,Masculino,8.9,16479,Hibrido
TECH_01673,2023,Sul,PR,Engenheira(o) de Dados,Data & AI,Junior,1,Masculino,0.5,5722,Presencial
TECH_01674,2022,Sudeste,MG,Especialista em Ciberseguranca,Security,Junior,1,Masculino,0.9,5123,Presencial
TECH_01675,2021,Sul,SC,Analista de Dados / BI,Data & AI,Junior,1,Masculino,0.7,5093,Hibrido
TECH_01676,2024,Centro-Oeste,GO,Tech Lead / Engineering Manager,Leadership & Management,Lead / Staff Specialist,4,Masculino,9.7,25764,Remoto
TECH_01677,2022,Sudeste,RJ,Especialista em Ciberseguranca,Security,Pleno,2,Masculino,2.6,9260,Remoto
TECH_01678,2023,Sudeste,RJ,Engenheira(o) de Dados,Data & AI,Pleno,2,Masculino,4.4,9779,Hibrido
TECH_01679,2024,Sul,PR,DevOps & Cloud Specialist,Cloud & Infrastructure,Pleno,2,Masculino,4.4,11564,Remoto
TECH_01680,2022,Nordeste,CE,Especialista em Ciberseguranca,Security,Pleno,2,Feminino,6.3,8354,Hibrido
TECH_01681,2023,Sudeste,RJ,Engenheira(o) de Dados,Data & AI,Senior,3,Masculino,9.1,21733,Presencial
TECH_01682,2021,Sudeste,RJ,Tech Lead / Engineering Manager,Leadership & Management,Pleno,2,Feminino,4.0,8830,Remoto
TECH_01683,2022,Centro-Oeste,GO,Tech Lead / Engineering Manager,Leadership & Management,Junior,1,Feminino,2.9,4862,Remoto
TECH_01684,2022,Sudeste,MG,Engenheira(o) de Software,Software Engineering,Junior,1,Masculino,1.9,5148,Remoto
TECH_01685,2022,Sul,RS,Cientista de Dados,Data & AI,Pleno,2,Masculino,4.4,11782,Hibrido
TECH_01686,2022,Nordeste,PE,Analista de Dados / BI,Data & AI,Junior,1,Masculino,4.3,5196,Hibrido
TECH_01687,2022,Nordeste,CE,Engenheira(o) de Dados,Data & AI,Pleno,2,Masculino,3.1,10331,Remoto
TECH_01688,2021,Sul,PR,Engenheira(o) de Dados,Data & AI,Pleno,2,Feminino,5.5,8021,Remoto
TECH_01689,2024,Nordeste,BA,Product Manager (PM),Product & Agile,Junior,1,Masculino,2.3,5867,Hibrido
TECH_01690,2022,Sudeste,MG,DevOps & Cloud Specialist,Cloud & Infrastructure,Junior,1,Masculino,0.5,4589,Hibrido
TECH_01691,2022,Centro-Oeste,GO,Engenheira(o) de Software,Software Engineering,Pleno,2,Masculino,3.5,9803,Presencial
TECH_01692,2023,Sudeste,SP,Product Manager (PM),Product & Agile,Lead / Staff Specialist,4,Feminino,10.8,23678,Remoto
TECH_01693,2024,Nordeste,BA,Cientista de Dados,Data & AI,Junior,1,Feminino,2.0,5362,Hibrido
TECH_01694,2022,Nordeste,CE,Engenheira(o) de Dados,Data & AI,Junior,1,Masculino,3.2,5464,Hibrido
TECH_01695,2023,Sudeste,SP,Engenheira(o) de Dados,Data & AI,Senior,3,Feminino,7.4,16223,Remoto
TECH_01696,2023,Nordeste,PE,Engenheira(o) de Software,Software Engineering,Junior,1,Masculino,2.0,5917,Remoto
TECH_01697,2021,Nordeste,CE,Tech Lead / Engineering Manager,Leadership & Management,Lead / Staff Specialist,4,Masculino,11.1,24635,Hibrido
TECH_01698,2023,Centro-Oeste,DF,Analista de Dados / BI,Data & AI,Pleno,2,Feminino,4.5,7411,Remoto
TECH_01699,2022,Sul,SC,Engenheira(o) de Dados,Data & AI,Senior,3,Masculino,6.2,17900,Remoto
TECH_01700,2023,Nordeste,CE,DevOps & Cloud Specialist,Cloud & Infrastructure,Junior,1,Masculino,1.6,5697,Hibrido
TECH_01701,2024,Nordeste,CE,Product Manager (PM),Product & Agile,Lead / Staff Specialist,4,Masculino,11.7,28198,Hibrido
TECH_01702,2024,Sudeste,RJ,Product Manager (PM),Product & Agile,Junior,1,Masculino,1.6,5659,Hibrido
TECH_01703,2024,Sudeste,RJ,Analista de Dados / BI,Data & AI,Pleno,2,Masculino,4.5,8894,Hibrido
TECH_01704,2023,Centro-Oeste,DF,Tech Lead / Engineering Manager,Leadership & Management,Diretoria / C-Level,5,Masculino,13.4,35615,Remoto
TECH_01705,2021,Sudeste,SP,Tech Lead / Engineering Manager,Leadership & Management,Senior,3,Masculino,8.8,15225,Hibrido
TECH_01706,2024,Sul,RS,Product Manager (PM),Product & Agile,Junior,1,Masculino,0.5,5314,Remoto
TECH_01707,2022,Sudeste,SP,Engenheira(o) de Software,Software Engineering,Pleno,2,Masculino,3.6,8691,Remoto
TECH_01708,2023,Sudeste,MG,Cientista de Dados,Data & AI,Pleno,2,Masculino,1.8,9000,Remoto
TECH_01709,2023,Sul,PR,Engenheira(o) de Software,Software Engineering,Senior,3,Masculino,6.8,19270,Hibrido
TECH_01710,2021,Sul,RS,Cientista de Dados,Data & AI,Junior,1,Masculino,0.5,5391,Remoto
TECH_01711,2023,Centro-Oeste,GO,Tech Lead / Engineering Manager,Leadership & Management,Diretoria / C-Level,5,Masculino,15.6,43892,Remoto
TECH_01712,2021,Sul,PR,Analista de Dados / BI,Data & AI,Senior,3,Feminino,7.9,13057,Hibrido
TECH_01713,2023,Sudeste,RJ,Engenheira(o) de Software,Software Engineering,Junior,1,Masculino,0.5,5836,Hibrido
TECH_01714,2023,Centro-Oeste,DF,Especialista em Ciberseguranca,Security,Pleno,2,Feminino,4.1,7172,Hibrido
TECH_01715,2022,Sudeste,RJ,Tech Lead / Engineering Manager,Leadership & Management,Pleno,2,Masculino,4.0,10981,Hibrido
TECH_01716,2023,Nordeste,CE,Especialista em Ciberseguranca,Security,Junior,1,Masculino,2.9,5531,Hibrido
TECH_01717,2022,Sudeste,MG,Engenheira(o) de Dados,Data & AI,Senior,3,Feminino,6.8,12919,Remoto
TECH_01718,2022,Nordeste,PE,Engenheira(o) de Dados,Data & AI,Pleno,2,Masculino,4.9,8834,Remoto
TECH_01719,2023,Nordeste,PE,Cientista de Dados,Data & AI,Lead / Staff Specialist,4,Masculino,11.6,26475,Hibrido
TECH_01720,2023,Nordeste,PE,DevOps & Cloud Specialist,Cloud & Infrastructure,Pleno,2,Feminino,4.8,7550,Hibrido
TECH_01721,2024,Sul,PR,Product Manager (PM),Product & Agile,Pleno,2,Masculino,4.5,9987,Remoto
TECH_01722,2021,Sul,PR,Especialista em Ciberseguranca,Security,Senior,3,Masculino,7.7,17212,Remoto
TECH_01723,2022,Sul,RS,Tech Lead / Engineering Manager,Leadership & Management,Senior,3,Masculino,8.6,16015,Remoto
TECH_01724,2022,Sudeste,RJ,Engenheira(o) de Software,Software Engineering,Pleno,2,Masculino,4.8,8745,Hibrido
TECH_01725,2022,Sudeste,MG,Engenheira(o) de Software,Software Engineering,Pleno,2,Masculino,4.2,8466,Remoto
TECH_01726,2023,Sudeste,RJ,Cientista de Dados,Data & AI,Senior,3,Masculino,7.4,21602,Remoto
TECH_01727,2021,Sudeste,SP,Cientista de Dados,Data & AI,Junior,1,Feminino,0.5,4730,Remoto
TECH_01728,2024,Sudeste,RJ,Product Manager (PM),Product & Agile,Pleno,2,Masculino,2.9,10418,Remoto
TECH_01729,2021,Sul,SC,Especialista em Ciberseguranca,Security,Senior,3,Masculino,6.8,17387,Hibrido
TECH_01730,2022,Sul,SC,DevOps & Cloud Specialist,Cloud & Infrastructure,Pleno,2,Feminino,2.6,8340,Remoto
TECH_01731,2021,Sudeste,SP,Product Manager (PM),Product & Agile,Senior,3,Feminino,8.4,14697,Hibrido
TECH_01732,2022,Sul,SC,Tech Lead / Engineering Manager,Leadership & Management,Junior,1,Masculino,0.9,4784,Remoto
TECH_01733,2024,Sul,RS,Tech Lead / Engineering Manager,Leadership & Management,Pleno,2,Masculino,3.8,10796,Remoto
TECH_01734,2021,Norte,AM,Analista de Dados / BI,Data & AI,Lead / Staff Specialist,4,Masculino,10.0,23207,Remoto
TECH_01735,2023,Sudeste,MG,Tech Lead / Engineering Manager,Leadership & Management,Pleno,2,Masculino,6.3,10655,Hibrido
TECH_01736,2021,Sudeste,RJ,Tech Lead / Engineering Manager,Leadership & Management,Junior,1,Masculino,0.6,3943,Presencial
TECH_01737,2022,Sul,SC,Especialista em Ciberseguranca,Security,Pleno,2,Masculino,5.2,8414,Remoto
TECH_01738,2022,Sudeste,MG,Tech Lead / Engineering Manager,Leadership & Management,Pleno,2,Masculino,3.8,9629,Remoto
TECH_01739,2024,Sul,RS,Tech Lead / Engineering Manager,Leadership & Management,Junior,1,Masculino,0.5,6191,Hibrido
TECH_01740,2023,Centro-Oeste,GO,Cientista de Dados,Data & AI,Junior,1,Masculino,0.5,4350,Hibrido
TECH_01741,2021,Sudeste,RJ,Tech Lead / Engineering Manager,Leadership & Management,Junior,1,Feminino,1.9,4907,Hibrido
TECH_01742,2023,Nordeste,BA,Cientista de Dados,Data & AI,Senior,3,Masculino,7.9,16202,Hibrido
TECH_01743,2023,Sul,PR,Cientista de Dados,Data & AI,Junior,1,Masculino,1.6,4951,Hibrido
TECH_01744,2024,Nordeste,BA,Analista de Dados / BI,Data & AI,Lead / Staff Specialist,4,Masculino,13.0,30686,Remoto
TECH_01745,2024,Sudeste,RJ,Especialista em Ciberseguranca,Security,Senior,3,Masculino,7.5,21469,Hibrido
TECH_01746,2022,Sudeste,SP,Product Manager (PM),Product & Agile,Lead / Staff Specialist,4,Masculino,10.3,25551,Remoto
TECH_01747,2024,Sul,RS,Tech Lead / Engineering Manager,Leadership & Management,Pleno,2,Masculino,4.0,12444,Hibrido
TECH_01748,2023,Sudeste,RJ,Especialista em Ciberseguranca,Security,Pleno,2,Masculino,3.8,10568,Remoto
TECH_01749,2022,Sul,RS,Engenheira(o) de Dados,Data & AI,Pleno,2,Masculino,3.0,9860,Hibrido
TECH_01750,2023,Sul,PR,Analista de Dados / BI,Data & AI,Senior,3,Masculino,6.4,18836,Remoto
TECH_01751,2024,Sudeste,RJ,Cientista de Dados,Data & AI,Junior,1,Masculino,0.5,5675,Remoto
TECH_01752,2024,Sudeste,SP,Product Manager (PM),Product & Agile,Pleno,2,Masculino,5.7,9396,Remoto
TECH_01753,2024,Sudeste,SP,DevOps & Cloud Specialist,Cloud & Infrastructure,Senior,3,Masculino,7.4,19312,Hibrido
TECH_01754,2024,Sudeste,SP,Tech Lead / Engineering Manager,Leadership & Management,Junior,1,Masculino,1.4,5535,Remoto
TECH_01755,2023,Sudeste,SP,Analista de Dados / BI,Data & AI,Junior,1,Masculino,0.7,6087,Hibrido
TECH_01756,2022,Sudeste,RJ,Analista de Dados / BI,Data & AI,Lead / Staff Specialist,4,Masculino,10.6,23405,Presencial
TECH_01757,2024,Sul,PR,Engenheira(o) de Dados,Data & AI,Lead / Staff Specialist,4,Masculino,9.0,26577,Remoto
TECH_01758,2023,Sudeste,SP,Especialista em Ciberseguranca,Security,Junior,1,Masculino,1.1,5605,Hibrido
TECH_01759,2021,Sudeste,SP,Cientista de Dados,Data & AI,Junior,1,Feminino,2.7,4019,Remoto
TECH_01760,2022,Sul,PR,Product Manager (PM),Product & Agile,Junior,1,Masculino,1.2,5237,Hibrido
TECH_01761,2023,Centro-Oeste,DF,DevOps & Cloud Specialist,Cloud & Infrastructure,Senior,3,Masculino,9.1,18825,Hibrido
TECH_01762,2024,Sudeste,SP,Product Manager (PM),Product & Agile,Lead / Staff Specialist,4,Masculino,11.2,27092,Remoto
TECH_01763,2022,Sudeste,MG,Cientista de Dados,Data & AI,Lead / Staff Specialist,4,Masculino,10.6,29052,Remoto
TECH_01764,2021,Sudeste,RJ,DevOps & Cloud Specialist,Cloud & Infrastructure,Lead / Staff Specialist,4,Masculino,10.7,23904,Remoto
TECH_01765,2022,Sul,SC,Product Manager (PM),Product & Agile,Senior,3,Masculino,8.3,18202,Remoto
TECH_01766,2022,Sudeste,MG,DevOps & Cloud Specialist,Cloud & Infrastructure,Junior,1,Feminino,2.5,4759,Remoto
TECH_01767,2022,Nordeste,CE,DevOps & Cloud Specialist,Cloud & Infrastructure,Lead / Staff Specialist,4,Masculino,10.7,21582,Hibrido
TECH_01768,2023,Sul,RS,Cientista de Dados,Data & AI,Pleno,2,Masculino,6.2,9595,Remoto
TECH_01769,2022,Sudeste,RJ,Engenheira(o) de Software,Software Engineering,Junior,1,Masculino,1.0,5592,Remoto
TECH_01770,2024,Sudeste,SP,DevOps & Cloud Specialist,Cloud & Infrastructure,Junior,1,Masculino,0.5,5417,Remoto
TECH_01771,2023,Sudeste,RJ,DevOps & Cloud Specialist,Cloud & Infrastructure,Senior,3,Masculino,6.1,19111,Remoto
TECH_01772,2021,Nordeste,CE,Product Manager (PM),Product & Agile,Senior,3,Masculino,6.9,17860,Remoto
TECH_01773,2024,Nordeste,CE,Product Manager (PM),Product & Agile,Junior,1,Masculino,1.2,5756,Hibrido
TECH_01774,2023,Sudeste,SP,Engenheira(o) de Dados,Data & AI,Junior,1,Feminino,0.5,5226,Remoto
TECH_01775,2024,Sudeste,SP,Engenheira(o) de Dados,Data & AI,Senior,3,Masculino,7.4,18644,Hibrido
TECH_01776,2022,Nordeste,CE,Analista de Dados / BI,Data & AI,Lead / Staff Specialist,4,Masculino,8.8,23882,Hibrido
TECH_01777,2022,Sudeste,RJ,Tech Lead / Engineering Manager,Leadership & Management,Senior,3,Masculino,5.4,15856,Remoto
TECH_01778,2023,Sul,PR,Product Manager (PM),Product & Agile,Junior,1,Masculino,2.3,6440,Remoto
TECH_01779,2024,Sudeste,SP,Especialista em Ciberseguranca,Security,Pleno,2,Masculino,3.2,10246,Remoto
TECH_01780,2023,Sudeste,RJ,Tech Lead / Engineering Manager,Leadership & Management,Junior,1,Masculino,2.3,5870,Hibrido
TECH_01781,2021,Norte,AM,Analista de Dados / BI,Data & AI,Diretoria / C-Level,5,Masculino,11.4,36399,Remoto
TECH_01782,2024,Nordeste,PE,Product Manager (PM),Product & Agile,Senior,3,Masculino,7.8,16411,Remoto
TECH_01783,2023,Sudeste,RJ,Especialista em Ciberseguranca,Security,Pleno,2,Masculino,4.8,10654,Hibrido
TECH_01784,2023,Sudeste,SP,Especialista em Ciberseguranca,Security,Lead / Staff Specialist,4,Masculino,11.7,23384,Hibrido
TECH_01785,2022,Sudeste,SP,Analista de Dados / BI,Data & AI,Pleno,2,Masculino,3.9,11106,Hibrido
TECH_01786,2022,Sul,SC,Tech Lead / Engineering Manager,Leadership & Management,Pleno,2,Masculino,3.2,10953,Hibrido
TECH_01787,2024,Sul,PR,Especialista em Ciberseguranca,Security,Senior,3,Feminino,7.6,17872,Remoto
TECH_01788,2021,Sudeste,RJ,Tech Lead / Engineering Manager,Leadership & Management,Junior,1,Masculino,1.3,5122,Remoto
TECH_01789,2023,Sudeste,SP,Product Manager (PM),Product & Agile,Junior,1,Masculino,0.8,4713,Hibrido
TECH_01790,2022,Centro-Oeste,GO,Especialista em Ciberseguranca,Security,Lead / Staff Specialist,4,Masculino,9.1,27900,Hibrido
TECH_01791,2022,Sudeste,MG,Engenheira(o) de Software,Software Engineering,Senior,3,Masculino,10.7,18608,Remoto
TECH_01792,2024,Nordeste,BA,Tech Lead / Engineering Manager,Leadership & Management,Pleno,2,Masculino,4.4,11783,Remoto
TECH_01793,2023,Sul,RS,Analista de Dados / BI,Data & AI,Junior,1,Masculino,0.5,6344,Remoto
TECH_01794,2024,Sul,SC,Engenheira(o) de Dados,Data & AI,Pleno,2,Masculino,3.1,12088,Presencial
TECH_01795,2021,Norte,PA,Especialista em Ciberseguranca,Security,Junior,1,Masculino,2.2,3774,Hibrido
TECH_01796,2024,Sudeste,MG,Engenheira(o) de Dados,Data & AI,Junior,1,Feminino,0.8,5277,Hibrido
TECH_01797,2023,Sudeste,SP,Engenheira(o) de Software,Software Engineering,Senior,3,Masculino,6.4,19182,Remoto
TECH_01798,2022,Sudeste,MG,DevOps & Cloud Specialist,Cloud & Infrastructure,Senior,3,Feminino,8.4,14110,Remoto
TECH_01799,2023,Nordeste,CE,Especialista em Ciberseguranca,Security,Senior,3,Masculino,8.6,19498,Hibrido
TECH_01800,2023,Sudeste,SP,Engenheira(o) de Dados,Data & AI,Lead / Staff Specialist,4,Masculino,11.2,25239,Hibrido
TECH_01801,2022,Sul,SC,Product Manager (PM),Product & Agile,Senior,3,Masculino,7.9,17015,Remoto
TECH_01802,2024,Sudeste,SP,Analista de Dados / BI,Data & AI,Junior,1,Feminino,2.1,5285,Hibrido
TECH_01803,2023,Sul,SC,Engenheira(o) de Dados,Data & AI,Pleno,2,Masculino,6.0,8621,Remoto
TECH_01804,2023,Nordeste,BA,Product Manager (PM),Product & Agile,Pleno,2,Masculino,3.8,11347,Remoto
TECH_01805,2024,Sul,SC,Engenheira(o) de Dados,Data & AI,Junior,1,Feminino,2.1,5407,Hibrido
TECH_01806,2021,Sul,SC,Analista de Dados / BI,Data & AI,Pleno,2,Masculino,3.0,9097,Hibrido
TECH_01807,2024,Norte,AM,Engenheira(o) de Dados,Data & AI,Senior,3,Masculino,8.9,22066,Presencial
TECH_01808,2024,Centro-Oeste,GO,Analista de Dados / BI,Data & AI,Senior,3,Feminino,7.9,17872,Remoto
TECH_01809,2021,Sul,SC,DevOps & Cloud Specialist,Cloud & Infrastructure,Pleno,2,Masculino,1.4,8321,Remoto
TECH_01810,2022,Sudeste,SP,Tech Lead / Engineering Manager,Leadership & Management,Pleno,2,Masculino,3.3,7056,Remoto
TECH_01811,2022,Sul,RS,Cientista de Dados,Data & AI,Junior,1,Feminino,3.3,4056,Remoto
TECH_01812,2022,Sudeste,RJ,Engenheira(o) de Software,Software Engineering,Pleno,2,Feminino,4.0,7905,Remoto
TECH_01813,2021,Sudeste,RJ,Analista de Dados / BI,Data & AI,Senior,3,Masculino,8.2,18789,Remoto
TECH_01814,2022,Sul,SC,DevOps & Cloud Specialist,Cloud & Infrastructure,Pleno,2,Masculino,0.6,9554,Remoto
TECH_01815,2023,Sudeste,MG,Engenheira(o) de Software,Software Engineering,Lead / Staff Specialist,4,Masculino,10.9,25177,Remoto
TECH_01816,2022,Nordeste,BA,DevOps & Cloud Specialist,Cloud & Infrastructure,Junior,1,Masculino,0.5,5696,Hibrido
TECH_01817,2023,Nordeste,BA,DevOps & Cloud Specialist,Cloud & Infrastructure,Pleno,2,Feminino,3.2,7394,Hibrido
TECH_01818,2021,Sudeste,RJ,Product Manager (PM),Product & Agile,Senior,3,Masculino,7.6,16122,Hibrido
TECH_01819,2024,Norte,PA,Engenheira(o) de Dados,Data & AI,Pleno,2,Feminino,3.9,8722,Hibrido
TECH_01820,2023,Sudeste,RJ,Engenheira(o) de Dados,Data & AI,Senior,3,Masculino,7.6,18435,Hibrido
TECH_01821,2023,Sudeste,MG,DevOps & Cloud Specialist,Cloud & Infrastructure,Pleno,2,Masculino,3.1,9511,Hibrido
TECH_01822,2023,Nordeste,BA,Analista de Dados / BI,Data & AI,Senior,3,Masculino,7.8,20056,Presencial
TECH_01823,2024,Sudeste,MG,DevOps & Cloud Specialist,Cloud & Infrastructure,Pleno,2,Masculino,5.7,11133,Remoto
TECH_01824,2022,Sudeste,RJ,Tech Lead / Engineering Manager,Leadership & Management,Senior,3,Masculino,6.8,17731,Remoto
TECH_01825,2024,Sudeste,SP,Engenheira(o) de Dados,Data & AI,Senior,3,Masculino,9.6,19271,Hibrido
TECH_01826,2024,Sudeste,RJ,Engenheira(o) de Dados,Data & AI,Senior,3,Masculino,7.9,18371,Remoto
TECH_01827,2022,Sudeste,MG,Tech Lead / Engineering Manager,Leadership & Management,Pleno,2,Feminino,4.7,8937,Remoto
TECH_01828,2021,Sudeste,MG,Engenheira(o) de Software,Software Engineering,Lead / Staff Specialist,4,Masculino,9.9,24831,Hibrido
TECH_01829,2024,Sudeste,SP,Analista de Dados / BI,Data & AI,Junior,1,Masculino,0.9,5532,Presencial
TECH_01830,2023,Nordeste,PE,Especialista em Ciberseguranca,Security,Senior,3,Masculino,7.6,16080,Hibrido
TECH_01831,2022,Sudeste,MG,Engenheira(o) de Software,Software Engineering,Senior,3,Masculino,7.5,15512,Remoto
TECH_01832,2022,Sudeste,SP,Analista de Dados / BI,Data & AI,Diretoria / C-Level,5,Masculino,11.5,36989,Remoto
TECH_01833,2024,Sul,RS,Engenheira(o) de Software,Software Engineering,Lead / Staff Specialist,4,Masculino,11.4,30746,Remoto
TECH_01834,2022,Centro-Oeste,DF,Especialista em Ciberseguranca,Security,Pleno,2,Masculino,3.8,11471,Remoto
TECH_01835,2022,Nordeste,BA,Cientista de Dados,Data & AI,Junior,1,Masculino,0.9,4774,Hibrido
TECH_01836,2024,Sudeste,SP,Tech Lead / Engineering Manager,Leadership & Management,Junior,1,Masculino,2.8,6055,Remoto
TECH_01837,2022,Sudeste,MG,Engenheira(o) de Software,Software Engineering,Lead / Staff Specialist,4,Masculino,9.9,21289,Remoto
TECH_01838,2023,Sudeste,MG,Engenheira(o) de Software,Software Engineering,Senior,3,Masculino,8.0,19611,Hibrido
TECH_01839,2024,Sudeste,MG,Tech Lead / Engineering Manager,Leadership & Management,Lead / Staff Specialist,4,Masculino,9.3,28112,Remoto
TECH_01840,2022,Sudeste,SP,Tech Lead / Engineering Manager,Leadership & Management,Pleno,2,Masculino,3.6,9075,Remoto
TECH_01841,2024,Sudeste,RJ,Product Manager (PM),Product & Agile,Senior,3,Masculino,8.6,22189,Presencial
TECH_01842,2022,Norte,AM,Especialista em Ciberseguranca,Security,Pleno,2,Masculino,3.4,9917,Remoto
TECH_01843,2024,Sul,PR,Cientista de Dados,Data & AI,Senior,3,Masculino,6.6,20473,Presencial
TECH_01844,2022,Sudeste,RJ,Analista de Dados / BI,Data & AI,Junior,1,Masculino,2.3,6002,Remoto
TECH_01845,2023,Sudeste,SP,Engenheira(o) de Dados,Data & AI,Senior,3,Masculino,5.9,20397,Remoto
TECH_01846,2021,Nordeste,PE,Engenheira(o) de Dados,Data & AI,Junior,1,Masculino,3.3,4644,Remoto
TECH_01847,2021,Sudeste,RJ,Engenheira(o) de Software,Software Engineering,Pleno,2,Feminino,6.0,8512,Remoto
TECH_01848,2022,Sul,SC,Engenheira(o) de Dados,Data & AI,Pleno,2,Feminino,5.6,7157,Remoto
TECH_01849,2024,Sudeste,MG,Engenheira(o) de Software,Software Engineering,Diretoria / C-Level,5,Masculino,13.1,46816,Remoto
TECH_01850,2023,Sudeste,SP,Cientista de Dados,Data & AI,Junior,1,Masculino,0.9,5474,Hibrido
TECH_01851,2022,Sudeste,MG,DevOps & Cloud Specialist,Cloud & Infrastructure,Pleno,2,Masculino,4.3,9458,Hibrido
TECH_01852,2021,Sudeste,MG,DevOps & Cloud Specialist,Cloud & Infrastructure,Pleno,2,Feminino,2.4,7430,Remoto
TECH_01853,2024,Sudeste,RJ,Especialista em Ciberseguranca,Security,Pleno,2,Masculino,4.8,9262,Hibrido
TECH_01854,2022,Norte,PA,Cientista de Dados,Data & AI,Senior,3,Masculino,5.9,17208,Remoto
TECH_01855,2024,Sudeste,SP,DevOps & Cloud Specialist,Cloud & Infrastructure,Junior,1,Masculino,1.8,6905,Hibrido
TECH_01856,2024,Sudeste,RJ,Engenheira(o) de Dados,Data & AI,Junior,1,Masculino,3.2,5232,Remoto
TECH_01857,2023,Nordeste,CE,Engenheira(o) de Dados,Data & AI,Pleno,2,Feminino,5.4,7051,Remoto
TECH_01858,2024,Centro-Oeste,GO,Engenheira(o) de Dados,Data & AI,Pleno,2,Masculino,2.3,10266,Remoto
TECH_01859,2021,Sudeste,MG,Engenheira(o) de Dados,Data & AI,Senior,3,Masculino,8.8,17374,Hibrido
TECH_01860,2021,Sudeste,RJ,Product Manager (PM),Product & Agile,Junior,1,Masculino,1.9,4979,Presencial
TECH_01861,2022,Sudeste,MG,Product Manager (PM),Product & Agile,Junior,1,Masculino,0.5,5563,Presencial
TECH_01862,2023,Sudeste,SP,Especialista em Ciberseguranca,Security,Junior,1,Feminino,1.0,5033,Remoto
TECH_01863,2024,Sul,SC,Cientista de Dados,Data & AI,Lead / Staff Specialist,4,Masculino,10.8,28440,Hibrido
TECH_01864,2024,Sul,RS,Especialista em Ciberseguranca,Security,Senior,3,Masculino,7.6,23709,Remoto
TECH_01865,2022,Sudeste,SP,Especialista em Ciberseguranca,Security,Junior,1,Masculino,1.0,6050,Remoto
TECH_01866,2022,Sudeste,RJ,Engenheira(o) de Software,Software Engineering,Junior,1,Masculino,0.7,5381,Hibrido
TECH_01867,2023,Nordeste,BA,Engenheira(o) de Dados,Data & AI,Diretoria / C-Level,5,Masculino,14.4,49688,Remoto
TECH_01868,2021,Sudeste,RJ,Analista de Dados / BI,Data & AI,Junior,1,Feminino,2.6,3699,Hibrido
TECH_01869,2022,Sul,PR,Especialista em Ciberseguranca,Security,Junior,1,Masculino,2.5,5117,Remoto
TECH_01870,2023,Sudeste,RJ,DevOps & Cloud Specialist,Cloud & Infrastructure,Senior,3,Feminino,7.6,16351,Remoto
TECH_01871,2023,Sudeste,MG,Especialista em Ciberseguranca,Security,Pleno,2,Feminino,4.5,9238,Remoto
TECH_01872,2022,Sudeste,MG,Engenheira(o) de Software,Software Engineering,Junior,1,Masculino,0.5,4526,Hibrido
TECH_01873,2024,Sul,RS,Product Manager (PM),Product & Agile,Pleno,2,Feminino,3.8,8792,Hibrido
TECH_01874,2024,Sudeste,MG,Cientista de Dados,Data & AI,Junior,1,Masculino,0.5,5191,Presencial
TECH_01875,2024,Nordeste,PE,Analista de Dados / BI,Data & AI,Senior,3,Masculino,8.1,19667,Remoto
TECH_01876,2024,Sudeste,RJ,Engenheira(o) de Software,Software Engineering,Junior,1,Masculino,2.9,5580,Remoto
TECH_01877,2023,Norte,AM,Analista de Dados / BI,Data & AI,Senior,3,Masculino,8.2,16977,Hibrido
TECH_01878,2021,Sudeste,MG,DevOps & Cloud Specialist,Cloud & Infrastructure,Senior,3,Masculino,4.9,15695,Hibrido
TECH_01879,2024,Sul,PR,Product Manager (PM),Product & Agile,Pleno,2,Masculino,3.5,11787,Remoto
TECH_01880,2024,Sudeste,RJ,Product Manager (PM),Product & Agile,Junior,1,Masculino,1.4,5386,Remoto
TECH_01881,2024,Norte,AM,Analista de Dados / BI,Data & AI,Senior,3,Masculino,7.8,18655,Remoto
TECH_01882,2021,Sudeste,MG,DevOps & Cloud Specialist,Cloud & Infrastructure,Lead / Staff Specialist,4,Masculino,10.5,19510,Hibrido
TECH_01883,2024,Sul,PR,Product Manager (PM),Product & Agile,Junior,1,Masculino,1.7,5328,Hibrido
TECH_01884,2023,Nordeste,BA,Engenheira(o) de Dados,Data & AI,Junior,1,Masculino,1.4,5837,Hibrido
TECH_01885,2023,Sudeste,SP,Cientista de Dados,Data & AI,Junior,1,Feminino,0.6,5231,Remoto
TECH_01886,2022,Sul,SC,Tech Lead / Engineering Manager,Leadership & Management,Junior,1,Feminino,0.5,4342,Hibrido
TECH_01887,2024,Sul,PR,Engenheira(o) de Software,Software Engineering,Senior,3,Masculino,9.1,20350,Hibrido
TECH_01888,2023,Sudeste,SP,Analista de Dados / BI,Data & AI,Junior,1,Masculino,2.1,5632,Remoto
TECH_01889,2022,Sudeste,MG,Analista de Dados / BI,Data & AI,Lead / Staff Specialist,4,Masculino,10.5,24927,Hibrido
TECH_01890,2024,Nordeste,BA,Product Manager (PM),Product & Agile,Junior,1,Masculino,2.3,5850,Hibrido
TECH_01891,2024,Sul,SC,Analista de Dados / BI,Data & AI,Pleno,2,Masculino,4.9,10236,Presencial
TECH_01892,2022,Sudeste,SP,Cientista de Dados,Data & AI,Pleno,2,Masculino,3.8,9658,Remoto
TECH_01893,2021,Sudeste,RJ,DevOps & Cloud Specialist,Cloud & Infrastructure,Junior,1,Feminino,2.6,4348,Hibrido
TECH_01894,2023,Nordeste,PE,Engenheira(o) de Software,Software Engineering,Lead / Staff Specialist,4,Masculino,10.6,28296,Remoto
TECH_01895,2024,Sul,PR,Tech Lead / Engineering Manager,Leadership & Management,Junior,1,Masculino,1.7,6228,Hibrido
TECH_01896,2024,Nordeste,BA,DevOps & Cloud Specialist,Cloud & Infrastructure,Junior,1,Feminino,2.6,5741,Remoto
TECH_01897,2023,Nordeste,PE,DevOps & Cloud Specialist,Cloud & Infrastructure,Senior,3,Masculino,7.6,19681,Remoto
TECH_01898,2023,Norte,PA,Tech Lead / Engineering Manager,Leadership & Management,Junior,1,Masculino,1.1,5411,Remoto
TECH_01899,2023,Sudeste,MG,Engenheira(o) de Software,Software Engineering,Senior,3,Masculino,6.4,17568,Hibrido
TECH_01900,2023,Sul,RS,Tech Lead / Engineering Manager,Leadership & Management,Pleno,2,Masculino,2.6,9690,Hibrido
TECH_01901,2022,Sudeste,RJ,Engenheira(o) de Software,Software Engineering,Junior,1,Masculino,4.6,5292,Remoto
TECH_01902,2023,Sudeste,MG,Product Manager (PM),Product & Agile,Pleno,2,Masculino,5.0,10285,Remoto
TECH_01903,2021,Sudeste,MG,Especialista em Ciberseguranca,Security,Senior,3,Masculino,7.2,13799,Hibrido
TECH_01904,2024,Sul,PR,Analista de Dados / BI,Data & AI,Pleno,2,Masculino,4.0,12341,Presencial
TECH_01905,2023,Sudeste,MG,Engenheira(o) de Software,Software Engineering,Junior,1,Feminino,3.1,4576,Remoto
TECH_01906,2021,Sul,PR,Especialista em Ciberseguranca,Security,Lead / Staff Specialist,4,Masculino,9.4,24636,Hibrido
TECH_01907,2024,Centro-Oeste,GO,Analista de Dados / BI,Data & AI,Pleno,2,Masculino,3.8,9938,Presencial
TECH_01908,2023,Norte,AM,Especialista em Ciberseguranca,Security,Senior,3,Masculino,8.1,18481,Remoto
TECH_01909,2024,Sul,SC,Cientista de Dados,Data & AI,Lead / Staff Specialist,4,Masculino,10.0,30398,Hibrido
TECH_01910,2023,Sudeste,MG,DevOps & Cloud Specialist,Cloud & Infrastructure,Junior,1,Masculino,1.7,4589,Remoto
TECH_01911,2023,Sudeste,MG,Especialista em Ciberseguranca,Security,Senior,3,Masculino,7.9,20044,Hibrido
TECH_01912,2022,Sudeste,MG,Engenheira(o) de Dados,Data & AI,Pleno,2,Masculino,3.4,8306,Hibrido
TECH_01913,2022,Norte,PA,Tech Lead / Engineering Manager,Leadership & Management,Pleno,2,Feminino,4.7,9087,Hibrido
TECH_01914,2024,Sul,RS,Product Manager (PM),Product & Agile,Pleno,2,Feminino,3.6,10626,Hibrido
TECH_01915,2023,Sudeste,MG,DevOps & Cloud Specialist,Cloud & Infrastructure,Junior,1,Masculino,0.5,5851,Presencial
TECH_01916,2021,Sul,PR,Analista de Dados / BI,Data & AI,Junior,1,Feminino,1.9,4481,Remoto
TECH_01917,2022,Norte,PA,DevOps & Cloud Specialist,Cloud & Infrastructure,Pleno,2,Masculino,5.0,8556,Presencial
TECH_01918,2023,Nordeste,CE,Tech Lead / Engineering Manager,Leadership & Management,Pleno,2,Feminino,3.1,9910,Remoto
TECH_01919,2024,Nordeste,CE,Analista de Dados / BI,Data & AI,Junior,1,Masculino,1.8,5692,Presencial
TECH_01920,2024,Norte,AM,Especialista em Ciberseguranca,Security,Senior,3,Masculino,7.6,18439,Hibrido
TECH_01921,2022,Sudeste,RJ,Especialista em Ciberseguranca,Security,Pleno,2,Masculino,4.3,11842,Remoto
TECH_01922,2023,Sudeste,RJ,Tech Lead / Engineering Manager,Leadership & Management,Junior,1,Masculino,3.8,4872,Presencial
TECH_01923,2021,Sudeste,MG,Product Manager (PM),Product & Agile,Pleno,2,Masculino,4.7,8750,Presencial
TECH_01924,2023,Sudeste,RJ,Product Manager (PM),Product & Agile,Senior,3,Masculino,7.1,17592,Hibrido
TECH_01925,2022,Sul,RS,Especialista em Ciberseguranca,Security,Junior,1,Masculino,1.1,5841,Presencial
TECH_01926,2023,Sudeste,RJ,Cientista de Dados,Data & AI,Pleno,2,Masculino,3.4,11830,Hibrido
TECH_01927,2023,Sudeste,RJ,DevOps & Cloud Specialist,Cloud & Infrastructure,Senior,3,Masculino,8.2,19409,Hibrido
TECH_01928,2024,Nordeste,BA,Engenheira(o) de Software,Software Engineering,Junior,1,Masculino,0.5,5477,Hibrido
TECH_01929,2024,Sudeste,MG,Engenheira(o) de Software,Software Engineering,Pleno,2,Masculino,5.2,12106,Hibrido
TECH_01930,2021,Sudeste,RJ,Especialista em Ciberseguranca,Security,Lead / Staff Specialist,4,Masculino,10.6,24871,Hibrido
TECH_01931,2021,Sudeste,MG,Cientista de Dados,Data & AI,Junior,1,Masculino,1.1,4673,Remoto
TECH_01932,2023,Sudeste,SP,Engenheira(o) de Software,Software Engineering,Junior,1,Masculino,0.7,5281,Hibrido
TECH_01933,2024,Centro-Oeste,GO,Especialista em Ciberseguranca,Security,Pleno,2,Feminino,4.5,7406,Remoto
TECH_01934,2024,Sul,RS,Analista de Dados / BI,Data & AI,Junior,1,Masculino,2.3,5982,Hibrido
TECH_01935,2022,Sul,PR,Especialista em Ciberseguranca,Security,Diretoria / C-Level,5,Masculino,15.1,35692,Presencial
TECH_01936,2022,Sudeste,RJ,Cientista de Dados,Data & AI,Junior,1,Feminino,2.5,4502,Remoto
TECH_01937,2023,Nordeste,BA,Engenheira(o) de Dados,Data & AI,Diretoria / C-Level,5,Masculino,14.9,48090,Remoto
TECH_01938,2023,Sudeste,SP,Tech Lead / Engineering Manager,Leadership & Management,Pleno,2,Masculino,3.5,9798,Presencial
TECH_01939,2024,Norte,AM,Engenheira(o) de Dados,Data & AI,Junior,1,Masculino,0.5,5651,Hibrido
TECH_01940,2022,Sudeste,RJ,Engenheira(o) de Dados,Data & AI,Pleno,2,Masculino,7.3,7877,Remoto
TECH_01941,2024,Centro-Oeste,DF,Engenheira(o) de Software,Software Engineering,Junior,1,Masculino,3.0,5928,Remoto
TECH_01942,2022,Sudeste,RJ,Cientista de Dados,Data & AI,Pleno,2,Masculino,3.7,8797,Presencial
TECH_01943,2022,Sudeste,SP,Engenheira(o) de Dados,Data & AI,Pleno,2,Feminino,3.7,8126,Remoto
TECH_01944,2024,Sudeste,MG,DevOps & Cloud Specialist,Cloud & Infrastructure,Senior,3,Masculino,5.7,15415,Remoto
TECH_01945,2022,Sudeste,RJ,Analista de Dados / BI,Data & AI,Pleno,2,Masculino,5.2,10490,Hibrido
TECH_01946,2022,Centro-Oeste,GO,Especialista em Ciberseguranca,Security,Senior,3,Masculino,8.1,18281,Presencial
TECH_01947,2022,Sul,RS,Analista de Dados / BI,Data & AI,Junior,1,Masculino,2.4,5565,Presencial
TECH_01948,2022,Nordeste,CE,Especialista em Ciberseguranca,Security,Diretoria / C-Level,5,Masculino,16.0,38472,Presencial
TECH_01949,2024,Sul,PR,Cientista de Dados,Data & AI,Senior,3,Masculino,6.2,19832,Remoto
TECH_01950,2021,Sul,PR,Cientista de Dados,Data & AI,Senior,3,Masculino,6.6,16485,Remoto
TECH_01951,2023,Nordeste,PE,Especialista em Ciberseguranca,Security,Pleno,2,Masculino,2.8,9976,Remoto
TECH_01952,2023,Sudeste,RJ,Especialista em Ciberseguranca,Security,Junior,1,Masculino,1.9,4663,Hibrido
TECH_01953,2024,Sudeste,MG,DevOps & Cloud Specialist,Cloud & Infrastructure,Junior,1,Masculino,0.6,5111,Presencial
TECH_01954,2024,Sudeste,RJ,Especialista em Ciberseguranca,Security,Junior,1,Masculino,0.5,5328,Remoto
TECH_01955,2024,Nordeste,CE,Engenheira(o) de Dados,Data & AI,Junior,1,Feminino,0.5,5084,Remoto
TECH_01956,2022,Sudeste,SP,Engenheira(o) de Software,Software Engineering,Junior,1,Masculino,3.0,5204,Remoto
TECH_01957,2024,Sudeste,RJ,Engenheira(o) de Software,Software Engineering,Senior,3,Masculino,8.5,18667,Presencial
TECH_01958,2024,Nordeste,BA,Engenheira(o) de Dados,Data & AI,Junior,1,Feminino,0.5,5981,Hibrido
TECH_01959,2022,Sul,PR,Engenheira(o) de Dados,Data & AI,Pleno,2,Masculino,4.2,9630,Remoto
TECH_01960,2024,Sudeste,SP,DevOps & Cloud Specialist,Cloud & Infrastructure,Junior,1,Feminino,5.4,4783,Remoto
TECH_01961,2021,Nordeste,PE,Analista de Dados / BI,Data & AI,Junior,1,Masculino,3.2,4260,Presencial
TECH_01962,2021,Sudeste,MG,Especialista em Ciberseguranca,Security,Pleno,2,Masculino,3.5,9151,Hibrido
TECH_01963,2024,Sul,PR,Tech Lead / Engineering Manager,Leadership & Management,Junior,1,Feminino,1.0,4490,Presencial
TECH_01964,2023,Sudeste,MG,Cientista de Dados,Data & AI,Pleno,2,Masculino,1.5,9116,Hibrido
TECH_01965,2022,Sudeste,SP,DevOps & Cloud Specialist,Cloud & Infrastructure,Junior,1,Feminino,2.9,4373,Hibrido
TECH_01966,2023,Nordeste,BA,Engenheira(o) de Software,Software Engineering,Lead / Staff Specialist,4,Masculino,8.6,21521,Remoto
TECH_01967,2024,Sudeste,MG,Engenheira(o) de Software,Software Engineering,Pleno,2,Masculino,3.2,11924,Hibrido
TECH_01968,2023,Norte,AM,Analista de Dados / BI,Data & AI,Junior,1,Feminino,0.5,5040,Hibrido
TECH_01969,2024,Sudeste,RJ,Tech Lead / Engineering Manager,Leadership & Management,Lead / Staff Specialist,4,Masculino,9.8,24069,Remoto
TECH_01970,2022,Sul,RS,Engenheira(o) de Dados,Data & AI,Pleno,2,Masculino,4.6,9556,Hibrido
TECH_01971,2023,Sudeste,MG,Especialista em Ciberseguranca,Security,Junior,1,Feminino,0.8,4127,Remoto
TECH_01972,2022,Sudeste,RJ,Engenheira(o) de Dados,Data & AI,Pleno,2,Feminino,3.8,8839,Remoto
TECH_01973,2022,Sul,RS,DevOps & Cloud Specialist,Cloud & Infrastructure,Junior,1,Masculino,3.4,5145,Hibrido
TECH_01974,2024,Sudeste,RJ,Cientista de Dados,Data & AI,Lead / Staff Specialist,4,Feminino,7.0,26262,Hibrido
TECH_01975,2022,Sudeste,RJ,Analista de Dados / BI,Data & AI,Junior,1,Feminino,0.9,4602,Remoto
TECH_01976,2022,Sudeste,MG,Cientista de Dados,Data & AI,Junior,1,Masculino,2.0,5564,Remoto
TECH_01977,2023,Sul,RS,Analista de Dados / BI,Data & AI,Lead / Staff Specialist,4,Masculino,11.5,26422,Hibrido
TECH_01978,2023,Sudeste,MG,Engenheira(o) de Dados,Data & AI,Pleno,2,Masculino,4.8,9390,Remoto
TECH_01979,2023,Sul,RS,Cientista de Dados,Data & AI,Junior,1,Feminino,2.0,4799,Remoto
TECH_01980,2022,Nordeste,PE,Especialista em Ciberseguranca,Security,Junior,1,Masculino,2.0,4949,Hibrido
TECH_01981,2023,Sudeste,MG,Engenheira(o) de Software,Software Engineering,Pleno,2,Masculino,2.8,10969,Remoto
TECH_01982,2023,Nordeste,BA,Especialista em Ciberseguranca,Security,Senior,3,Masculino,6.0,18318,Remoto
TECH_01983,2022,Sul,SC,Especialista em Ciberseguranca,Security,Junior,1,Masculino,2.5,5068,Remoto
TECH_01984,2022,Sudeste,SP,Tech Lead / Engineering Manager,Leadership & Management,Senior,3,Masculino,10.5,18019,Remoto
TECH_01985,2022,Centro-Oeste,DF,Especialista em Ciberseguranca,Security,Senior,3,Masculino,7.5,17520,Remoto
TECH_01986,2022,Sudeste,RJ,Product Manager (PM),Product & Agile,Diretoria / C-Level,5,Masculino,12.6,35912,Remoto
TECH_01987,2024,Sudeste,RJ,Engenheira(o) de Software,Software Engineering,Lead / Staff Specialist,4,Masculino,10.1,30741,Hibrido
TECH_01988,2023,Sudeste,RJ,Especialista em Ciberseguranca,Security,Pleno,2,Masculino,2.9,11792,Hibrido
TECH_01989,2022,Sudeste,RJ,DevOps & Cloud Specialist,Cloud & Infrastructure,Pleno,2,Masculino,2.2,10247,Hibrido
TECH_01990,2021,Sudeste,RJ,Cientista de Dados,Data & AI,Pleno,2,Feminino,2.8,7028,Remoto
TECH_01991,2021,Sudeste,SP,Product Manager (PM),Product & Agile,Senior,3,Masculino,8.3,16815,Remoto
TECH_01992,2023,Sudeste,MG,Analista de Dados / BI,Data & AI,Senior,3,Masculino,7.4,17520,Hibrido
TECH_01993,2022,Sul,PR,Tech Lead / Engineering Manager,Leadership & Management,Junior,1,Masculino,1.1,6078,Remoto
TECH_01994,2023,Norte,AM,Engenheira(o) de Software,Software Engineering,Pleno,2,Masculino,4.1,9492,Remoto
TECH_01995,2021,Sudeste,MG,DevOps & Cloud Specialist,Cloud & Infrastructure,Pleno,2,Feminino,1.9,8121,Remoto
TECH_01996,2023,Sudeste,RJ,Engenheira(o) de Software,Software Engineering,Junior,1,Feminino,3.2,4851,Hibrido
TECH_01997,2022,Sudeste,MG,DevOps & Cloud Specialist,Cloud & Infrastructure,Junior,1,Masculino,4.6,4903,Remoto
TECH_01998,2022,Sudeste,SP,Especialista em Ciberseguranca,Security,Lead / Staff Specialist,4,Masculino,10.9,25778,Presencial
TECH_01999,2023,Norte,PA,Cientista de Dados,Data & AI,Junior,1,Masculino,1.4,5523,Remoto
TECH_02000,2023,Sul,PR,DevOps & Cloud Specialist,Cloud & Infrastructure,Senior,3,Masculino,7.1,19560,Remoto
TECH_02001,2022,Sudeste,RJ,DevOps & Cloud Specialist,Cloud & Infrastructure,Junior,1,Masculino,0.6,4169,Hibrido
TECH_02002,2022,Nordeste,PE,Especialista em Ciberseguranca,Security,Pleno,2,Masculino,4.3,10544,Remoto
TECH_02003,2023,Sudeste,MG,Engenheira(o) de Software,Software Engineering,Junior,1,Masculino,2.4,5526,Remoto
TECH_02004,2024,Sudeste,SP,Product Manager (PM),Product & Agile,Junior,1,Masculino,2.2,6088,Remoto
TECH_02005,2024,Sudeste,SP,Engenheira(o) de Software,Software Engineering,Pleno,2,Masculino,5.0,10046,Hibrido
TECH_02006,2021,Sul,RS,DevOps & Cloud Specialist,Cloud & Infrastructure,Junior,1,Masculino,0.5,4610,Hibrido
TECH_02007,2021,Nordeste,PE,Product Manager (PM),Product & Agile,Pleno,2,Masculino,4.0,9156,Hibrido
TECH_02008,2023,Sudeste,RJ,Analista de Dados / BI,Data & AI,Lead / Staff Specialist,4,Masculino,8.6,26245,Hibrido
TECH_02009,2024,Nordeste,CE,DevOps & Cloud Specialist,Cloud & Infrastructure,Junior,1,Feminino,0.6,4454,Hibrido
TECH_02010,2024,Sudeste,SP,Engenheira(o) de Software,Software Engineering,Senior,3,Masculino,8.0,16786,Remoto
TECH_02011,2024,Sudeste,SP,Cientista de Dados,Data & AI,Pleno,2,Feminino,3.5,8589,Hibrido
TECH_02012,2023,Sul,SC,Engenheira(o) de Dados,Data & AI,Pleno,2,Masculino,4.9,11338,Remoto
TECH_02013,2021,Nordeste,PE,Especialista em Ciberseguranca,Security,Pleno,2,Masculino,2.6,9600,Remoto
TECH_02014,2021,Nordeste,PE,Cientista de Dados,Data & AI,Lead / Staff Specialist,4,Masculino,11.5,23007,Remoto
TECH_02015,2024,Sudeste,RJ,Analista de Dados / BI,Data & AI,Lead / Staff Specialist,4,Feminino,10.1,22540,Hibrido
TECH_02016,2024,Centro-Oeste,DF,Engenheira(o) de Dados,Data & AI,Junior,1,Masculino,2.3,4813,Remoto
TECH_02017,2021,Nordeste,CE,Tech Lead / Engineering Manager,Leadership & Management,Pleno,2,Masculino,4.9,9564,Hibrido
TECH_02018,2023,Sudeste,MG,Engenheira(o) de Software,Software Engineering,Pleno,2,Feminino,3.5,9606,Remoto
TECH_02019,2024,Centro-Oeste,GO,Tech Lead / Engineering Manager,Leadership & Management,Pleno,2,Masculino,3.8,10955,Hibrido
TECH_02020,2024,Sudeste,MG,DevOps & Cloud Specialist,Cloud & Infrastructure,Lead / Staff Specialist,4,Masculino,9.5,29268,Hibrido
TECH_02021,2024,Sudeste,RJ,Cientista de Dados,Data & AI,Senior,3,Masculino,7.9,19579,Hibrido
TECH_02022,2023,Sul,PR,Engenheira(o) de Dados,Data & AI,Junior,1,Masculino,1.3,4792,Hibrido
TECH_02023,2021,Sul,RS,Engenheira(o) de Software,Software Engineering,Pleno,2,Masculino,4.7,8341,Remoto
TECH_02024,2021,Sudeste,RJ,Analista de Dados / BI,Data & AI,Pleno,2,Masculino,2.3,8278,Hibrido
TECH_02025,2023,Sudeste,SP,Analista de Dados / BI,Data & AI,Lead / Staff Specialist,4,Masculino,10.3,25059,Remoto
TECH_02026,2023,Nordeste,CE,Engenheira(o) de Dados,Data & AI,Senior,3,Masculino,5.3,16842,Hibrido
TECH_02027,2024,Sudeste,MG,Especialista em Ciberseguranca,Security,Junior,1,Feminino,0.8,5207,Presencial
TECH_02028,2024,Nordeste,CE,Tech Lead / Engineering Manager,Leadership & Management,Junior,1,Masculino,2.3,6374,Hibrido
TECH_02029,2024,Sudeste,RJ,Analista de Dados / BI,Data & AI,Pleno,2,Feminino,4.7,8818,Hibrido
TECH_02030,2022,Sudeste,SP,Analista de Dados / BI,Data & AI,Lead / Staff Specialist,4,Masculino,9.6,23598,Remoto
TECH_02031,2021,Sudeste,MG,Analista de Dados / BI,Data & AI,Pleno,2,Masculino,4.7,7562,Remoto
TECH_02032,2024,Nordeste,PE,Analista de Dados / BI,Data & AI,Pleno,2,Masculino,3.9,10610,Presencial
TECH_02033,2021,Sul,RS,Cientista de Dados,Data & AI,Junior,1,Feminino,1.1,4660,Hibrido
TECH_02034,2024,Nordeste,CE,Analista de Dados / BI,Data & AI,Senior,3,Masculino,8.2,17711,Remoto
TECH_02035,2022,Sudeste,RJ,Tech Lead / Engineering Manager,Leadership & Management,Junior,1,Masculino,0.5,5174,Hibrido
TECH_02036,2023,Centro-Oeste,GO,Analista de Dados / BI,Data & AI,Junior,1,Masculino,2.3,4778,Remoto
TECH_02037,2023,Norte,PA,Especialista em Ciberseguranca,Security,Junior,1,Masculino,0.5,4610,Hibrido
TECH_02038,2024,Norte,AM,Engenheira(o) de Dados,Data & AI,Pleno,2,Feminino,3.0,9592,Presencial
TECH_02039,2024,Sudeste,RJ,Analista de Dados / BI,Data & AI,Pleno,2,Masculino,6.0,11877,Hibrido
TECH_02040,2024,Sul,SC,Cientista de Dados,Data & AI,Diretoria / C-Level,5,Masculino,14.4,42255,Presencial
TECH_02041,2021,Sudeste,MG,Especialista em Ciberseguranca,Security,Junior,1,Masculino,1.7,4842,Presencial
TECH_02042,2023,Sul,PR,Especialista em Ciberseguranca,Security,Senior,3,Feminino,8.6,13752,Remoto
TECH_02043,2021,Nordeste,PE,Product Manager (PM),Product & Agile,Junior,1,Feminino,0.6,4180,Hibrido
TECH_02044,2022,Nordeste,BA,Engenheira(o) de Software,Software Engineering,Pleno,2,Masculino,5.3,11381,Presencial
TECH_02045,2022,Sul,SC,DevOps & Cloud Specialist,Cloud & Infrastructure,Junior,1,Feminino,2.3,4123,Remoto
TECH_02046,2022,Sudeste,SP,Analista de Dados / BI,Data & AI,Junior,1,Masculino,2.2,5160,Hibrido
TECH_02047,2024,Sudeste,MG,Cientista de Dados,Data & AI,Pleno,2,Masculino,4.6,9451,Hibrido
TECH_02048,2023,Norte,AM,Cientista de Dados,Data & AI,Pleno,2,Masculino,4.1,11227,Remoto
TECH_02049,2023,Centro-Oeste,DF,Cientista de Dados,Data & AI,Senior,3,Masculino,6.1,18668,Hibrido
TECH_02050,2024,Sul,RS,Product Manager (PM),Product & Agile,Junior,1,Masculino,2.0,5966,Remoto
TECH_02051,2024,Centro-Oeste,DF,Tech Lead / Engineering Manager,Leadership & Management,Pleno,2,Masculino,4.7,13214,Hibrido
TECH_02052,2022,Centro-Oeste,DF,Especialista em Ciberseguranca,Security,Pleno,2,Feminino,3.2,7042,Remoto
TECH_02053,2024,Sudeste,RJ,Especialista em Ciberseguranca,Security,Pleno,2,Masculino,3.7,11791,Hibrido
TECH_02054,2022,Nordeste,BA,Engenheira(o) de Dados,Data & AI,Pleno,2,Masculino,4.2,9919,Remoto
TECH_02055,2022,Nordeste,PE,Tech Lead / Engineering Manager,Leadership & Management,Senior,3,Masculino,8.6,16320,Presencial
TECH_02056,2024,Sul,PR,Especialista em Ciberseguranca,Security,Pleno,2,Masculino,3.5,12178,Hibrido
TECH_02057,2022,Nordeste,BA,Engenheira(o) de Dados,Data & AI,Pleno,2,Masculino,4.0,10860,Remoto
TECH_02058,2023,Nordeste,PE,Engenheira(o) de Software,Software Engineering,Lead / Staff Specialist,4,Masculino,10.8,28282,Remoto
TECH_02059,2023,Sudeste,MG,Engenheira(o) de Dados,Data & AI,Senior,3,Masculino,7.2,16216,Remoto
TECH_02060,2024,Sudeste,SP,Tech Lead / Engineering Manager,Leadership & Management,Pleno,2,Masculino,3.2,9157,Hibrido
TECH_02061,2024,Nordeste,CE,Engenheira(o) de Software,Software Engineering,Junior,1,Masculino,2.1,6004,Hibrido
TECH_02062,2023,Centro-Oeste,DF,Engenheira(o) de Software,Software Engineering,Junior,1,Masculino,2.9,5444,Remoto
TECH_02063,2024,Sudeste,SP,Engenheira(o) de Dados,Data & AI,Junior,1,Masculino,0.5,6462,Remoto
TECH_02064,2023,Nordeste,PE,Cientista de Dados,Data & AI,Junior,1,Feminino,1.3,5136,Remoto
TECH_02065,2024,Sul,RS,Engenheira(o) de Software,Software Engineering,Diretoria / C-Level,5,Masculino,11.1,44911,Hibrido
TECH_02066,2022,Sudeste,SP,Product Manager (PM),Product & Agile,Pleno,2,Masculino,4.8,8602,Hibrido
TECH_02067,2022,Nordeste,BA,DevOps & Cloud Specialist,Cloud & Infrastructure,Senior,3,Feminino,8.1,14696,Presencial
TECH_02068,2022,Sudeste,MG,Especialista em Ciberseguranca,Security,Lead / Staff Specialist,4,Masculino,9.4,23739,Presencial
TECH_02069,2023,Sudeste,SP,Product Manager (PM),Product & Agile,Pleno,2,Masculino,4.7,9919,Remoto
TECH_02070,2023,Sudeste,RJ,Tech Lead / Engineering Manager,Leadership & Management,Junior,1,Masculino,1.3,5377,Remoto
TECH_02071,2021,Sudeste,RJ,DevOps & Cloud Specialist,Cloud & Infrastructure,Junior,1,Masculino,3.7,5115,Remoto
TECH_02072,2023,Sudeste,MG,Engenheira(o) de Dados,Data & AI,Junior,1,Feminino,0.6,4677,Hibrido
TECH_02073,2024,Sudeste,MG,Tech Lead / Engineering Manager,Leadership & Management,Senior,3,Masculino,7.4,19225,Hibrido
TECH_02074,2023,Nordeste,PE,Engenheira(o) de Software,Software Engineering,Lead / Staff Specialist,4,Masculino,10.8,22240,Remoto
TECH_02075,2022,Sul,RS,Product Manager (PM),Product & Agile,Pleno,2,Masculino,3.0,11075,Hibrido
TECH_02076,2021,Sudeste,RJ,Especialista em Ciberseguranca,Security,Pleno,2,Masculino,4.3,9173,Remoto
TECH_02077,2024,Sul,RS,Engenheira(o) de Software,Software Engineering,Junior,1,Feminino,0.5,4059,Hibrido
TECH_02078,2023,Sul,SC,Engenheira(o) de Dados,Data & AI,Senior,3,Masculino,6.4,16667,Hibrido
TECH_02079,2022,Sul,SC,Product Manager (PM),Product & Agile,Lead / Staff Specialist,4,Masculino,10.2,27999,Remoto
TECH_02080,2024,Sul,SC,Cientista de Dados,Data & AI,Pleno,2,Feminino,4.6,9066,Remoto
TECH_02081,2021,Sudeste,RJ,Engenheira(o) de Software,Software Engineering,Junior,1,Feminino,3.1,4292,Hibrido
TECH_02082,2023,Sudeste,RJ,Tech Lead / Engineering Manager,Leadership & Management,Senior,3,Feminino,7.4,17060,Hibrido
TECH_02083,2022,Sudeste,RJ,Engenheira(o) de Dados,Data & AI,Lead / Staff Specialist,4,Masculino,10.8,25021,Remoto
TECH_02084,2024,Nordeste,CE,DevOps & Cloud Specialist,Cloud & Infrastructure,Pleno,2,Masculino,4.4,11520,Presencial
TECH_02085,2021,Sudeste,SP,Tech Lead / Engineering Manager,Leadership & Management,Junior,1,Masculino,2.5,4958,Remoto
TECH_02086,2021,Sul,PR,Tech Lead / Engineering Manager,Leadership & Management,Junior,1,Masculino,2.2,5002,Remoto
TECH_02087,2023,Norte,PA,Engenheira(o) de Dados,Data & AI,Junior,1,Masculino,3.0,5431,Remoto
TECH_02088,2023,Centro-Oeste,GO,Product Manager (PM),Product & Agile,Junior,1,Feminino,0.5,4326,Hibrido
TECH_02089,2022,Sudeste,MG,Engenheira(o) de Software,Software Engineering,Pleno,2,Masculino,4.7,10076,Remoto
TECH_02090,2023,Sudeste,MG,Tech Lead / Engineering Manager,Leadership & Management,Senior,3,Masculino,7.6,19976,Remoto
TECH_02091,2021,Sul,PR,DevOps & Cloud Specialist,Cloud & Infrastructure,Senior,3,Masculino,6.7,16998,Remoto
TECH_02092,2021,Sudeste,RJ,Analista de Dados / BI,Data & AI,Pleno,2,Masculino,2.6,10373,Remoto
TECH_02093,2022,Nordeste,BA,DevOps & Cloud Specialist,Cloud & Infrastructure,Junior,1,Masculino,1.7,5388,Hibrido
TECH_02094,2023,Sul,PR,Product Manager (PM),Product & Agile,Junior,1,Masculino,1.2,4570,Hibrido
TECH_02095,2022,Sudeste,SP,Analista de Dados / BI,Data & AI,Pleno,2,Masculino,4.0,10865,Hibrido
TECH_02096,2021,Sudeste,MG,Engenheira(o) de Software,Software Engineering,Pleno,2,Masculino,4.1,9175,Hibrido
TECH_02097,2022,Nordeste,BA,Analista de Dados / BI,Data & AI,Pleno,2,Feminino,3.3,9248,Presencial
TECH_02098,2024,Centro-Oeste,GO,Engenheira(o) de Software,Software Engineering,Pleno,2,Masculino,4.8,9275,Hibrido
TECH_02099,2021,Sudeste,RJ,Cientista de Dados,Data & AI,Lead / Staff Specialist,4,Feminino,11.4,18535,Remoto
TECH_02100,2024,Sudeste,MG,Analista de Dados / BI,Data & AI,Pleno,2,Masculino,2.8,9876,Remoto
TECH_02101,2023,Centro-Oeste,DF,Analista de Dados / BI,Data & AI,Junior,1,Masculino,1.3,4917,Hibrido
TECH_02102,2021,Sudeste,MG,Product Manager (PM),Product & Agile,Senior,3,Masculino,9.0,15942,Hibrido
TECH_02103,2024,Sudeste,SP,Product Manager (PM),Product & Agile,Junior,1,Masculino,1.2,5552,Remoto
TECH_02104,2022,Sul,RS,Especialista em Ciberseguranca,Security,Pleno,2,Masculino,3.4,9964,Hibrido
TECH_02105,2023,Sudeste,MG,Especialista em Ciberseguranca,Security,Pleno,2,Feminino,3.2,7672,Remoto
TECH_02106,2022,Sul,PR,Engenheira(o) de Dados,Data & AI,Pleno,2,Masculino,5.1,11505,Hibrido
TECH_02107,2023,Sudeste,SP,Engenheira(o) de Dados,Data & AI,Senior,3,Masculino,8.5,18949,Remoto
TECH_02108,2023,Centro-Oeste,DF,Analista de Dados / BI,Data & AI,Junior,1,Masculino,0.5,5527,Remoto
TECH_02109,2024,Sudeste,RJ,Engenheira(o) de Software,Software Engineering,Pleno,2,Masculino,4.5,8857,Presencial
TECH_02110,2022,Sudeste,MG,DevOps & Cloud Specialist,Cloud & Infrastructure,Pleno,2,Feminino,5.1,7298,Remoto
TECH_02111,2023,Sudeste,RJ,Cientista de Dados,Data & AI,Pleno,2,Feminino,4.4,10052,Remoto
TECH_02112,2024,Sudeste,RJ,Engenheira(o) de Software,Software Engineering,Pleno,2,Masculino,5.1,11955,Hibrido
TECH_02113,2024,Centro-Oeste,DF,Especialista em Ciberseguranca,Security,Senior,3,Feminino,7.9,16830,Remoto
TECH_02114,2023,Centro-Oeste,DF,Tech Lead / Engineering Manager,Leadership & Management,Pleno,2,Masculino,3.5,10179,Remoto
TECH_02115,2022,Centro-Oeste,GO,Engenheira(o) de Dados,Data & AI,Pleno,2,Masculino,4.2,11006,Remoto
TECH_02116,2023,Sudeste,RJ,Product Manager (PM),Product & Agile,Pleno,2,Masculino,4.1,8927,Remoto
TECH_02117,2021,Sul,SC,Especialista em Ciberseguranca,Security,Pleno,2,Feminino,5.7,8056,Remoto
TECH_02118,2023,Nordeste,CE,Product Manager (PM),Product & Agile,Lead / Staff Specialist,4,Masculino,10.9,22686,Remoto
TECH_02119,2023,Sul,RS,Engenheira(o) de Software,Software Engineering,Lead / Staff Specialist,4,Masculino,7.9,27793,Remoto
TECH_02120,2024,Nordeste,BA,Engenheira(o) de Software,Software Engineering,Lead / Staff Specialist,4,Masculino,12.1,26881,Remoto
TECH_02121,2023,Sudeste,RJ,Cientista de Dados,Data & AI,Senior,3,Masculino,7.1,14995,Remoto
TECH_02122,2024,Sudeste,SP,Product Manager (PM),Product & Agile,Pleno,2,Masculino,4.8,9111,Presencial
TECH_02123,2024,Sul,RS,Analista de Dados / BI,Data & AI,Senior,3,Masculino,5.5,17574,Remoto
TECH_02124,2024,Sul,SC,Engenheira(o) de Dados,Data & AI,Lead / Staff Specialist,4,Masculino,10.7,23050,Remoto
TECH_02125,2022,Sul,RS,Analista de Dados / BI,Data & AI,Diretoria / C-Level,5,Masculino,14.4,30741,Remoto
TECH_02126,2024,Sul,SC,Engenheira(o) de Dados,Data & AI,Pleno,2,Masculino,6.6,11014,Hibrido
TECH_02127,2021,Sul,SC,Analista de Dados / BI,Data & AI,Junior,1,Masculino,1.9,4724,Remoto
TECH_02128,2022,Sul,SC,Especialista em Ciberseguranca,Security,Pleno,2,Masculino,4.3,9578,Remoto
TECH_02129,2024,Sul,RS,Engenheira(o) de Software,Software Engineering,Junior,1,Feminino,2.6,5453,Hibrido
TECH_02130,2023,Norte,PA,Engenheira(o) de Software,Software Engineering,Junior,1,Masculino,1.9,5500,Hibrido
TECH_02131,2022,Sul,RS,Product Manager (PM),Product & Agile,Pleno,2,Masculino,4.3,11348,Remoto
TECH_02132,2023,Norte,PA,Product Manager (PM),Product & Agile,Junior,1,Masculino,0.5,4503,Remoto
TECH_02133,2022,Sul,PR,Engenheira(o) de Software,Software Engineering,Pleno,2,Masculino,3.7,8980,Remoto
TECH_02134,2021,Sul,RS,DevOps & Cloud Specialist,Cloud & Infrastructure,Senior,3,Masculino,9.0,17912,Remoto
TECH_02135,2024,Sudeste,SP,Product Manager (PM),Product & Agile,Junior,1,Masculino,1.9,6960,Presencial
TECH_02136,2023,Norte,PA,Product Manager (PM),Product & Agile,Junior,1,Masculino,2.5,5383,Remoto
TECH_02137,2024,Sul,RS,Product Manager (PM),Product & Agile,Pleno,2,Masculino,2.7,11760,Presencial
TECH_02138,2022,Sudeste,MG,DevOps & Cloud Specialist,Cloud & Infrastructure,Junior,1,Feminino,2.0,4443,Presencial
TECH_02139,2021,Nordeste,PE,Cientista de Dados,Data & AI,Junior,1,Masculino,1.9,5843,Remoto
TECH_02140,2022,Sudeste,RJ,Engenheira(o) de Software,Software Engineering,Junior,1,Masculino,1.1,5597,Hibrido
TECH_02141,2024,Sudeste,SP,DevOps & Cloud Specialist,Cloud & Infrastructure,Junior,1,Masculino,0.9,5113,Hibrido
TECH_02142,2024,Sudeste,SP,Cientista de Dados,Data & AI,Senior,3,Masculino,4.8,14546,Remoto
TECH_02143,2024,Centro-Oeste,DF,Product Manager (PM),Product & Agile,Diretoria / C-Level,5,Feminino,15.2,33431,Remoto
TECH_02144,2022,Sul,PR,Especialista em Ciberseguranca,Security,Junior,1,Feminino,1.5,4081,Remoto
TECH_02145,2024,Sudeste,SP,Cientista de Dados,Data & AI,Junior,1,Masculino,0.5,4974,Remoto
TECH_02146,2024,Centro-Oeste,DF,Product Manager (PM),Product & Agile,Junior,1,Masculino,1.9,5143,Hibrido
TECH_02147,2024,Sul,RS,Product Manager (PM),Product & Agile,Diretoria / C-Level,5,Masculino,13.6,43901,Presencial
TECH_02148,2024,Sudeste,SP,DevOps & Cloud Specialist,Cloud & Infrastructure,Pleno,2,Masculino,5.2,9750,Hibrido
TECH_02149,2021,Centro-Oeste,DF,Tech Lead / Engineering Manager,Leadership & Management,Pleno,2,Masculino,3.1,9431,Presencial
TECH_02150,2022,Sul,SC,DevOps & Cloud Specialist,Cloud & Infrastructure,Lead / Staff Specialist,4,Masculino,11.3,23146,Remoto
TECH_02151,2021,Centro-Oeste,DF,DevOps & Cloud Specialist,Cloud & Infrastructure,Junior,1,Masculino,1.8,4612,Hibrido
TECH_02152,2023,Sudeste,RJ,Engenheira(o) de Dados,Data & AI,Pleno,2,Masculino,3.9,11272,Hibrido
TECH_02153,2024,Sudeste,SP,Tech Lead / Engineering Manager,Leadership & Management,Junior,1,Masculino,0.5,6057,Remoto
TECH_02154,2024,Sul,PR,Engenheira(o) de Dados,Data & AI,Junior,1,Masculino,2.3,6171,Remoto
TECH_02155,2021,Sul,RS,DevOps & Cloud Specialist,Cloud & Infrastructure,Pleno,2,Masculino,3.5,8136,Presencial
TECH_02156,2022,Sudeste,RJ,Engenheira(o) de Dados,Data & AI,Pleno,2,Masculino,5.5,9357,Remoto
TECH_02157,2024,Sudeste,RJ,Especialista em Ciberseguranca,Security,Junior,1,Feminino,0.5,5428,Hibrido
TECH_02158,2021,Sul,PR,Especialista em Ciberseguranca,Security,Pleno,2,Feminino,3.9,7554,Hibrido
TECH_02159,2023,Sudeste,SP,Tech Lead / Engineering Manager,Leadership & Management,Junior,1,Masculino,0.5,5603,Remoto
TECH_02160,2023,Sudeste,RJ,Product Manager (PM),Product & Agile,Pleno,2,Masculino,4.4,10798,Remoto
TECH_02161,2022,Sudeste,SP,Product Manager (PM),Product & Agile,Lead / Staff Specialist,4,Masculino,10.5,27083,Hibrido
TECH_02162,2024,Nordeste,PE,Analista de Dados / BI,Data & AI,Senior,3,Masculino,7.8,20906,Remoto
TECH_02163,2024,Centro-Oeste,GO,Especialista em Ciberseguranca,Security,Junior,1,Masculino,2.3,6492,Presencial
TECH_02164,2022,Sudeste,MG,Especialista em Ciberseguranca,Security,Junior,1,Masculino,0.9,4924,Remoto
TECH_02165,2023,Sudeste,MG,Especialista em Ciberseguranca,Security,Pleno,2,Masculino,1.9,10488,Remoto
TECH_02166,2024,Sudeste,MG,Engenheira(o) de Software,Software Engineering,Junior,1,Masculino,4.2,4865,Remoto
TECH_02167,2022,Nordeste,BA,Engenheira(o) de Software,Software Engineering,Senior,3,Masculino,7.2,17092,Hibrido
TECH_02168,2022,Sudeste,MG,Especialista em Ciberseguranca,Security,Senior,3,Masculino,8.3,15750,Remoto
TECH_02169,2022,Sudeste,SP,Product Manager (PM),Product & Agile,Pleno,2,Feminino,4.0,6709,Presencial
TECH_02170,2024,Sudeste,RJ,Engenheira(o) de Dados,Data & AI,Senior,3,Feminino,7.6,14718,Remoto
TECH_02171,2021,Sudeste,RJ,Engenheira(o) de Software,Software Engineering,Pleno,2,Masculino,3.6,8361,Presencial
TECH_02172,2024,Sudeste,MG,Analista de Dados / BI,Data & AI,Junior,1,Masculino,1.5,5923,Remoto
TECH_02173,2022,Sul,PR,DevOps & Cloud Specialist,Cloud & Infrastructure,Pleno,2,Feminino,6.7,9229,Remoto
TECH_02174,2022,Sudeste,RJ,DevOps & Cloud Specialist,Cloud & Infrastructure,Pleno,2,Masculino,4.8,10424,Remoto
TECH_02175,2024,Sudeste,RJ,Especialista em Ciberseguranca,Security,Junior,1,Feminino,2.6,4366,Remoto
TECH_02176,2022,Nordeste,CE,Especialista em Ciberseguranca,Security,Junior,1,Masculino,1.9,4812,Remoto
TECH_02177,2022,Sudeste,SP,Cientista de Dados,Data & AI,Lead / Staff Specialist,4,Masculino,11.8,24735,Presencial
TECH_02178,2023,Sul,SC,Tech Lead / Engineering Manager,Leadership & Management,Senior,3,Masculino,8.2,18478,Remoto
TECH_02179,2024,Sul,PR,Especialista em Ciberseguranca,Security,Senior,3,Masculino,7.6,20355,Remoto
TECH_02180,2022,Centro-Oeste,DF,Engenheira(o) de Software,Software Engineering,Pleno,2,Feminino,2.8,7543,Remoto
TECH_02181,2024,Sudeste,RJ,Engenheira(o) de Dados,Data & AI,Junior,1,Masculino,1.7,6348,Remoto
TECH_02182,2023,Centro-Oeste,DF,Tech Lead / Engineering Manager,Leadership & Management,Junior,1,Feminino,0.8,5606,Remoto
TECH_02183,2024,Sul,PR,Cientista de Dados,Data & AI,Junior,1,Masculino,0.5,5353,Remoto
TECH_02184,2024,Sul,PR,Engenheira(o) de Software,Software Engineering,Junior,1,Masculino,1.0,6063,Presencial
TECH_02185,2023,Sul,SC,Product Manager (PM),Product & Agile,Lead / Staff Specialist,4,Masculino,10.2,26202,Hibrido
TECH_02186,2023,Sudeste,MG,DevOps & Cloud Specialist,Cloud & Infrastructure,Junior,1,Masculino,2.3,4935,Remoto
TECH_02187,2024,Nordeste,BA,DevOps & Cloud Specialist,Cloud & Infrastructure,Junior,1,Masculino,1.8,6666,Hibrido
TECH_02188,2021,Sul,PR,DevOps & Cloud Specialist,Cloud & Infrastructure,Diretoria / C-Level,5,Masculino,14.3,38442,Remoto
TECH_02189,2024,Sudeste,SP,Product Manager (PM),Product & Agile,Senior,3,Feminino,9.2,16595,Remoto
TECH_02190,2023,Sul,SC,DevOps & Cloud Specialist,Cloud & Infrastructure,Senior,3,Masculino,7.8,15846,Remoto
TECH_02191,2024,Centro-Oeste,GO,Cientista de Dados,Data & AI,Pleno,2,Masculino,4.4,9011,Hibrido
TECH_02192,2022,Sudeste,MG,Engenheira(o) de Software,Software Engineering,Pleno,2,Masculino,3.2,8500,Remoto
TECH_02193,2022,Sudeste,RJ,Analista de Dados / BI,Data & AI,Junior,1,Feminino,2.0,4384,Remoto
TECH_02194,2022,Sul,PR,Cientista de Dados,Data & AI,Lead / Staff Specialist,4,Masculino,10.5,26854,Hibrido
TECH_02195,2022,Sudeste,SP,Analista de Dados / BI,Data & AI,Junior,1,Masculino,3.0,4692,Presencial
TECH_02196,2024,Sudeste,MG,Product Manager (PM),Product & Agile,Diretoria / C-Level,5,Masculino,14.1,42310,Remoto
TECH_02197,2024,Sudeste,RJ,Especialista em Ciberseguranca,Security,Pleno,2,Masculino,3.5,11534,Hibrido
TECH_02198,2024,Nordeste,PE,Product Manager (PM),Product & Agile,Senior,3,Masculino,6.4,20972,Remoto
TECH_02199,2024,Sudeste,SP,Analista de Dados / BI,Data & AI,Junior,1,Feminino,2.1,5591,Remoto
TECH_02200,2023,Sudeste,SP,Cientista de Dados,Data & AI,Pleno,2,Masculino,3.5,9170,Hibrido
TECH_02201,2023,Sudeste,MG,Especialista em Ciberseguranca,Security,Junior,1,Masculino,1.3,5296,Hibrido
TECH_02202,2021,Sul,RS,Product Manager (PM),Product & Agile,Junior,1,Masculino,0.5,4634,Remoto
TECH_02203,2024,Sudeste,SP,Engenheira(o) de Software,Software Engineering,Pleno,2,Feminino,5.6,9197,Hibrido
TECH_02204,2023,Centro-Oeste,GO,Especialista em Ciberseguranca,Security,Lead / Staff Specialist,4,Masculino,11.6,27238,Remoto
TECH_02205,2023,Sul,PR,Product Manager (PM),Product & Agile,Junior,1,Masculino,0.7,5176,Remoto
TECH_02206,2024,Sudeste,RJ,Engenheira(o) de Dados,Data & AI,Lead / Staff Specialist,4,Masculino,9.3,28579,Remoto
TECH_02207,2022,Sul,PR,Especialista em Ciberseguranca,Security,Junior,1,Masculino,1.4,4613,Presencial
TECH_02208,2022,Sudeste,MG,Especialista em Ciberseguranca,Security,Senior,3,Masculino,7.3,19519,Hibrido
TECH_02209,2022,Nordeste,PE,Engenheira(o) de Dados,Data & AI,Senior,3,Masculino,9.7,19091,Remoto
TECH_02210,2024,Sul,SC,Engenheira(o) de Dados,Data & AI,Pleno,2,Masculino,2.8,12351,Remoto
TECH_02211,2023,Centro-Oeste,GO,Cientista de Dados,Data & AI,Pleno,2,Masculino,5.3,10375,Remoto
TECH_02212,2024,Sudeste,MG,Engenheira(o) de Dados,Data & AI,Junior,1,Masculino,0.5,5706,Hibrido
TECH_02213,2023,Sudeste,SP,Product Manager (PM),Product & Agile,Senior,3,Masculino,7.9,20822,Remoto
TECH_02214,2023,Sul,PR,Engenheira(o) de Dados,Data & AI,Diretoria / C-Level,5,Masculino,12.6,44533,Remoto
TECH_02215,2023,Centro-Oeste,DF,Especialista em Ciberseguranca,Security,Diretoria / C-Level,5,Masculino,12.7,41117,Hibrido
TECH_02216,2023,Sudeste,RJ,Cientista de Dados,Data & AI,Pleno,2,Masculino,5.1,10008,Hibrido
TECH_02217,2022,Sudeste,MG,Tech Lead / Engineering Manager,Leadership & Management,Junior,1,Masculino,2.4,4040,Remoto
TECH_02218,2024,Centro-Oeste,GO,Engenheira(o) de Dados,Data & AI,Junior,1,Masculino,3.7,5840,Remoto
TECH_02219,2024,Centro-Oeste,DF,Especialista em Ciberseguranca,Security,Junior,1,Feminino,1.8,4391,Hibrido
TECH_02220,2022,Sul,SC,Engenheira(o) de Software,Software Engineering,Junior,1,Masculino,2.0,4550,Remoto
TECH_02221,2024,Sudeste,SP,Product Manager (PM),Product & Agile,Senior,3,Masculino,5.6,18525,Hibrido
TECH_02222,2022,Nordeste,PE,DevOps & Cloud Specialist,Cloud & Infrastructure,Junior,1,Masculino,1.8,4632,Remoto
TECH_02223,2024,Nordeste,BA,Tech Lead / Engineering Manager,Leadership & Management,Senior,3,Masculino,8.8,18817,Remoto
TECH_02224,2024,Sudeste,MG,Analista de Dados / BI,Data & AI,Pleno,2,Masculino,7.3,12235,Remoto
TECH_02225,2022,Nordeste,CE,DevOps & Cloud Specialist,Cloud & Infrastructure,Pleno,2,Masculino,4.3,10259,Remoto
TECH_02226,2024,Norte,AM,Engenheira(o) de Software,Software Engineering,Diretoria / C-Level,5,Masculino,11.6,42690,Hibrido
TECH_02227,2022,Sudeste,RJ,Especialista em Ciberseguranca,Security,Pleno,2,Masculino,3.7,10798,Remoto
TECH_02228,2023,Nordeste,CE,Engenheira(o) de Dados,Data & AI,Pleno,2,Masculino,1.8,11287,Hibrido
TECH_02229,2022,Sudeste,RJ,Especialista em Ciberseguranca,Security,Junior,1,Masculino,2.6,5139,Hibrido
TECH_02230,2021,Sul,SC,Product Manager (PM),Product & Agile,Senior,3,Masculino,9.0,13734,Remoto
TECH_02231,2023,Sudeste,SP,DevOps & Cloud Specialist,Cloud & Infrastructure,Senior,3,Masculino,7.8,15443,Remoto
TECH_02232,2023,Sudeste,SP,Analista de Dados / BI,Data & AI,Junior,1,Masculino,2.8,5420,Remoto
TECH_02233,2024,Sudeste,MG,Product Manager (PM),Product & Agile,Senior,3,Masculino,6.9,19550,Presencial
TECH_02234,2024,Sudeste,MG,DevOps & Cloud Specialist,Cloud & Infrastructure,Pleno,2,Masculino,3.0,10373,Remoto
TECH_02235,2021,Sudeste,MG,Cientista de Dados,Data & AI,Junior,1,Masculino,0.5,4872,Hibrido
TECH_02236,2024,Norte,PA,Product Manager (PM),Product & Agile,Senior,3,Masculino,7.3,18788,Remoto
TECH_02237,2023,Sul,PR,Engenheira(o) de Dados,Data & AI,Junior,1,Masculino,0.5,4618,Presencial
TECH_02238,2024,Norte,AM,Cientista de Dados,Data & AI,Pleno,2,Masculino,0.8,10461,Hibrido
TECH_02239,2023,Sudeste,SP,DevOps & Cloud Specialist,Cloud & Infrastructure,Junior,1,Feminino,1.7,4891,Remoto
TECH_02240,2021,Sudeste,SP,Tech Lead / Engineering Manager,Leadership & Management,Lead / Staff Specialist,4,Masculino,10.6,27102,Remoto
TECH_02241,2023,Sul,SC,Engenheira(o) de Software,Software Engineering,Lead / Staff Specialist,4,Masculino,10.5,26469,Remoto
TECH_02242,2023,Sudeste,RJ,Tech Lead / Engineering Manager,Leadership & Management,Senior,3,Masculino,7.4,16773,Remoto
TECH_02243,2023,Nordeste,CE,Especialista em Ciberseguranca,Security,Junior,1,Masculino,2.4,5443,Hibrido
TECH_02244,2021,Sudeste,SP,Engenheira(o) de Software,Software Engineering,Senior,3,Masculino,8.0,17985,Hibrido
TECH_02245,2021,Sudeste,MG,Especialista em Ciberseguranca,Security,Junior,1,Masculino,2.1,4626,Remoto
TECH_02246,2023,Sul,SC,Engenheira(o) de Dados,Data & AI,Junior,1,Masculino,2.0,6092,Remoto
TECH_02247,2024,Sudeste,SP,Analista de Dados / BI,Data & AI,Pleno,2,Feminino,4.2,10330,Hibrido
TECH_02248,2024,Norte,PA,Especialista em Ciberseguranca,Security,Lead / Staff Specialist,4,Masculino,10.3,27443,Remoto
TECH_02249,2024,Sudeste,SP,Especialista em Ciberseguranca,Security,Pleno,2,Masculino,5.0,10805,Remoto
TECH_02250,2022,Sul,SC,Engenheira(o) de Dados,Data & AI,Pleno,2,Masculino,3.1,8880,Hibrido
TECH_02251,2022,Sudeste,RJ,Cientista de Dados,Data & AI,Pleno,2,Masculino,3.3,9594,Remoto
TECH_02252,2023,Sul,PR,Cientista de Dados,Data & AI,Lead / Staff Specialist,4,Masculino,10.3,23798,Remoto
TECH_02253,2023,Nordeste,CE,Product Manager (PM),Product & Agile,Pleno,2,Masculino,4.3,10879,Remoto
TECH_02254,2023,Norte,AM,Cientista de Dados,Data & AI,Pleno,2,Masculino,3.2,9531,Presencial
TECH_02255,2021,Sudeste,MG,Tech Lead / Engineering Manager,Leadership & Management,Pleno,2,Masculino,4.5,8994,Presencial
TECH_02256,2022,Sudeste,SP,Analista de Dados / BI,Data & AI,Pleno,2,Masculino,1.9,8768,Remoto
TECH_02257,2023,Sul,SC,DevOps & Cloud Specialist,Cloud & Infrastructure,Senior,3,Masculino,9.2,18270,Hibrido
TECH_02258,2023,Sul,PR,Especialista em Ciberseguranca,Security,Pleno,2,Masculino,3.9,9824,Hibrido
TECH_02259,2023,Sudeste,RJ,Engenheira(o) de Software,Software Engineering,Diretoria / C-Level,5,Masculino,13.4,49140,Remoto
TECH_02260,2024,Sudeste,RJ,Product Manager (PM),Product & Agile,Pleno,2,Masculino,4.2,10195,Hibrido
TECH_02261,2024,Norte,AM,Cientista de Dados,Data & AI,Pleno,2,Feminino,5.6,7812,Hibrido
TECH_02262,2023,Nordeste,PE,DevOps & Cloud Specialist,Cloud & Infrastructure,Senior,3,Masculino,7.1,17912,Hibrido
TECH_02263,2021,Nordeste,BA,Analista de Dados / BI,Data & AI,Pleno,2,Masculino,2.4,9570,Remoto
TECH_02264,2024,Sudeste,SP,Product Manager (PM),Product & Agile,Pleno,2,Masculino,4.9,9709,Hibrido
TECH_02265,2022,Nordeste,BA,Engenheira(o) de Dados,Data & AI,Lead / Staff Specialist,4,Masculino,11.4,23343,Remoto
TECH_02266,2021,Centro-Oeste,GO,Tech Lead / Engineering Manager,Leadership & Management,Pleno,2,Masculino,3.5,10056,Hibrido
TECH_02267,2023,Sul,SC,Engenheira(o) de Dados,Data & AI,Junior,1,Masculino,2.5,5316,Remoto
TECH_02268,2023,Sudeste,RJ,Tech Lead / Engineering Manager,Leadership & Management,Pleno,2,Masculino,4.3,11373,Hibrido
TECH_02269,2023,Nordeste,PE,DevOps & Cloud Specialist,Cloud & Infrastructure,Pleno,2,Masculino,3.4,9406,Hibrido
TECH_02270,2024,Sul,PR,DevOps & Cloud Specialist,Cloud & Infrastructure,Senior,3,Masculino,8.5,19275,Presencial
TECH_02271,2023,Sudeste,SP,Product Manager (PM),Product & Agile,Pleno,2,Masculino,2.3,10118,Remoto
TECH_02272,2023,Sudeste,SP,Engenheira(o) de Dados,Data & AI,Pleno,2,Masculino,3.2,9891,Presencial
TECH_02273,2021,Sudeste,RJ,Tech Lead / Engineering Manager,Leadership & Management,Senior,3,Masculino,8.7,18148,Remoto
TECH_02274,2021,Sudeste,SP,Especialista em Ciberseguranca,Security,Senior,3,Feminino,5.5,14332,Hibrido
TECH_02275,2023,Centro-Oeste,DF,Engenheira(o) de Software,Software Engineering,Pleno,2,Masculino,3.6,10150,Presencial
TECH_02276,2023,Sudeste,SP,Engenheira(o) de Dados,Data & AI,Pleno,2,Masculino,3.7,8471,Presencial
TECH_02277,2023,Sul,SC,DevOps & Cloud Specialist,Cloud & Infrastructure,Junior,1,Feminino,3.8,4912,Remoto
TECH_02278,2022,Centro-Oeste,DF,Tech Lead / Engineering Manager,Leadership & Management,Senior,3,Masculino,8.7,16738,Hibrido
TECH_02279,2024,Sudeste,SP,Cientista de Dados,Data & AI,Senior,3,Masculino,5.7,16504,Remoto
TECH_02280,2022,Sudeste,SP,Engenheira(o) de Software,Software Engineering,Junior,1,Feminino,2.1,5078,Remoto
TECH_02281,2022,Sudeste,RJ,Tech Lead / Engineering Manager,Leadership & Management,Pleno,2,Masculino,3.0,9348,Hibrido
TECH_02282,2024,Norte,PA,Engenheira(o) de Software,Software Engineering,Senior,3,Masculino,5.8,21941,Hibrido
TECH_02283,2024,Sudeste,SP,Cientista de Dados,Data & AI,Junior,1,Masculino,0.5,5387,Hibrido
TECH_02284,2021,Sul,PR,Engenheira(o) de Software,Software Engineering,Senior,3,Masculino,7.7,18846,Hibrido
TECH_02285,2023,Sudeste,SP,Product Manager (PM),Product & Agile,Senior,3,Masculino,9.1,21338,Remoto
TECH_02286,2023,Sudeste,SP,DevOps & Cloud Specialist,Cloud & Infrastructure,Junior,1,Feminino,0.9,5501,Remoto
TECH_02287,2024,Nordeste,CE,Engenheira(o) de Dados,Data & AI,Junior,1,Feminino,2.0,6043,Hibrido
TECH_02288,2024,Sudeste,RJ,DevOps & Cloud Specialist,Cloud & Infrastructure,Lead / Staff Specialist,4,Masculino,9.4,30902,Hibrido
TECH_02289,2022,Sudeste,SP,Product Manager (PM),Product & Agile,Senior,3,Masculino,8.5,16729,Hibrido
TECH_02290,2024,Sul,SC,Cientista de Dados,Data & AI,Pleno,2,Feminino,4.0,10354,Remoto
TECH_02291,2021,Sudeste,MG,Especialista em Ciberseguranca,Security,Pleno,2,Feminino,3.9,8084,Remoto
TECH_02292,2022,Sudeste,RJ,Analista de Dados / BI,Data & AI,Junior,1,Masculino,0.5,3934,Hibrido
TECH_02293,2024,Sudeste,SP,DevOps & Cloud Specialist,Cloud & Infrastructure,Pleno,2,Feminino,2.2,7646,Hibrido
TECH_02294,2022,Sudeste,RJ,Especialista em Ciberseguranca,Security,Junior,1,Masculino,0.7,5199,Remoto
TECH_02295,2022,Nordeste,CE,Analista de Dados / BI,Data & AI,Junior,1,Masculino,2.5,5009,Remoto
TECH_02296,2022,Sudeste,SP,Analista de Dados / BI,Data & AI,Lead / Staff Specialist,4,Masculino,8.8,20450,Remoto
TECH_02297,2023,Sudeste,RJ,Engenheira(o) de Dados,Data & AI,Junior,1,Masculino,2.6,4955,Remoto
TECH_02298,2024,Centro-Oeste,DF,DevOps & Cloud Specialist,Cloud & Infrastructure,Senior,3,Feminino,6.2,16022,Presencial
TECH_02299,2022,Sul,SC,DevOps & Cloud Specialist,Cloud & Infrastructure,Lead / Staff Specialist,4,Masculino,10.0,29246,Hibrido
TECH_02300,2021,Centro-Oeste,GO,Engenheira(o) de Software,Software Engineering,Junior,1,Masculino,2.8,4784,Hibrido
TECH_02301,2024,Sudeste,RJ,Analista de Dados / BI,Data & AI,Lead / Staff Specialist,4,Masculino,7.8,22827,Remoto
TECH_02302,2024,Sudeste,RJ,Cientista de Dados,Data & AI,Junior,1,Masculino,0.8,5883,Hibrido
TECH_02303,2022,Sul,RS,Product Manager (PM),Product & Agile,Junior,1,Feminino,1.1,4481,Remoto
TECH_02304,2024,Centro-Oeste,DF,DevOps & Cloud Specialist,Cloud & Infrastructure,Junior,1,Feminino,2.5,5734,Presencial
TECH_02305,2021,Nordeste,PE,Cientista de Dados,Data & AI,Lead / Staff Specialist,4,Masculino,12.8,21554,Hibrido
TECH_02306,2022,Sudeste,MG,Analista de Dados / BI,Data & AI,Lead / Staff Specialist,4,Masculino,10.7,23054,Hibrido
TECH_02307,2023,Sudeste,RJ,Cientista de Dados,Data & AI,Pleno,2,Feminino,3.8,8793,Presencial
TECH_02308,2024,Norte,AM,Engenheira(o) de Software,Software Engineering,Lead / Staff Specialist,4,Masculino,8.7,26454,Hibrido
TECH_02309,2024,Sudeste,MG,Engenheira(o) de Software,Software Engineering,Senior,3,Masculino,6.5,21371,Remoto
TECH_02310,2022,Nordeste,PE,Especialista em Ciberseguranca,Security,Pleno,2,Masculino,4.2,10254,Presencial
TECH_02311,2023,Nordeste,CE,Analista de Dados / BI,Data & AI,Junior,1,Masculino,1.4,5499,Hibrido
TECH_02312,2023,Nordeste,BA,Cientista de Dados,Data & AI,Pleno,2,Masculino,2.7,9548,Remoto
TECH_02313,2023,Sudeste,SP,Product Manager (PM),Product & Agile,Pleno,2,Masculino,4.1,10068,Hibrido
TECH_02314,2024,Nordeste,PE,Especialista em Ciberseguranca,Security,Lead / Staff Specialist,4,Masculino,11.3,26061,Hibrido
TECH_02315,2023,Nordeste,BA,DevOps & Cloud Specialist,Cloud & Infrastructure,Pleno,2,Feminino,3.2,9247,Remoto
TECH_02316,2024,Nordeste,BA,Analista de Dados / BI,Data & AI,Lead / Staff Specialist,4,Masculino,9.3,26364,Remoto
TECH_02317,2022,Sul,RS,Tech Lead / Engineering Manager,Leadership & Management,Junior,1,Masculino,2.1,4357,Remoto
TECH_02318,2024,Sul,RS,Engenheira(o) de Software,Software Engineering,Senior,3,Feminino,9.0,17656,Hibrido
TECH_02319,2024,Sudeste,RJ,Tech Lead / Engineering Manager,Leadership & Management,Lead / Staff Specialist,4,Masculino,12.2,29002,Remoto
TECH_02320,2024,Centro-Oeste,DF,Product Manager (PM),Product & Agile,Lead / Staff Specialist,4,Masculino,11.9,26745,Hibrido
TECH_02321,2024,Norte,PA,Engenheira(o) de Dados,Data & AI,Pleno,2,Masculino,2.9,8773,Hibrido
TECH_02322,2023,Nordeste,PE,Analista de Dados / BI,Data & AI,Junior,1,Masculino,0.5,4161,Hibrido
TECH_02323,2023,Centro-Oeste,DF,Engenheira(o) de Software,Software Engineering,Pleno,2,Masculino,3.9,9460,Remoto
TECH_02324,2024,Sul,RS,DevOps & Cloud Specialist,Cloud & Infrastructure,Junior,1,Masculino,3.0,5076,Remoto
TECH_02325,2023,Sul,PR,Cientista de Dados,Data & AI,Junior,1,Masculino,3.8,5756,Remoto
TECH_02326,2023,Sudeste,RJ,DevOps & Cloud Specialist,Cloud & Infrastructure,Pleno,2,Masculino,2.2,10246,Remoto
TECH_02327,2021,Centro-Oeste,DF,Cientista de Dados,Data & AI,Senior,3,Masculino,8.6,15309,Hibrido
TECH_02328,2024,Nordeste,BA,Cientista de Dados,Data & AI,Pleno,2,Feminino,6.2,9349,Hibrido
TECH_02329,2021,Sul,RS,Engenheira(o) de Software,Software Engineering,Lead / Staff Specialist,4,Masculino,9.0,24986,Remoto
TECH_02330,2024,Sudeste,RJ,Especialista em Ciberseguranca,Security,Pleno,2,Masculino,5.4,9665,Remoto
TECH_02331,2024,Nordeste,BA,Tech Lead / Engineering Manager,Leadership & Management,Lead / Staff Specialist,4,Masculino,12.3,25504,Remoto
TECH_02332,2022,Sudeste,SP,Analista de Dados / BI,Data & AI,Pleno,2,Feminino,4.8,7515,Remoto
TECH_02333,2021,Sudeste,MG,Product Manager (PM),Product & Agile,Senior,3,Masculino,6.6,15923,Remoto
TECH_02334,2024,Sul,RS,Cientista de Dados,Data & AI,Pleno,2,Masculino,3.3,11331,Presencial
TECH_02335,2024,Sudeste,MG,Engenheira(o) de Software,Software Engineering,Junior,1,Masculino,1.2,4217,Remoto
TECH_02336,2022,Sul,PR,Tech Lead / Engineering Manager,Leadership & Management,Junior,1,Masculino,0.6,5714,Remoto
TECH_02337,2023,Nordeste,PE,DevOps & Cloud Specialist,Cloud & Infrastructure,Pleno,2,Masculino,3.5,10590,Hibrido
TECH_02338,2023,Nordeste,PE,Tech Lead / Engineering Manager,Leadership & Management,Pleno,2,Masculino,3.6,9274,Hibrido
TECH_02339,2022,Sul,RS,Analista de Dados / BI,Data & AI,Pleno,2,Masculino,3.7,9398,Hibrido
TECH_02340,2023,Nordeste,CE,Tech Lead / Engineering Manager,Leadership & Management,Junior,1,Masculino,1.6,4570,Remoto
TECH_02341,2024,Norte,AM,DevOps & Cloud Specialist,Cloud & Infrastructure,Junior,1,Feminino,0.7,5670,Hibrido
TECH_02342,2021,Nordeste,CE,Especialista em Ciberseguranca,Security,Senior,3,Masculino,7.7,15128,Hibrido
TECH_02343,2023,Sudeste,MG,Cientista de Dados,Data & AI,Diretoria / C-Level,5,Masculino,13.5,48597,Remoto
TECH_02344,2021,Sudeste,SP,Engenheira(o) de Software,Software Engineering,Junior,1,Masculino,1.5,4246,Hibrido
TECH_02345,2023,Norte,PA,Tech Lead / Engineering Manager,Leadership & Management,Pleno,2,Feminino,3.7,9724,Hibrido
TECH_02346,2023,Sul,SC,Tech Lead / Engineering Manager,Leadership & Management,Junior,1,Masculino,3.4,5372,Remoto
TECH_02347,2024,Centro-Oeste,DF,Analista de Dados / BI,Data & AI,Junior,1,Masculino,0.5,5244,Remoto
TECH_02348,2023,Sul,SC,Engenheira(o) de Software,Software Engineering,Senior,3,Masculino,8.3,16688,Hibrido
TECH_02349,2022,Sudeste,MG,Engenheira(o) de Software,Software Engineering,Pleno,2,Masculino,3.7,11208,Hibrido
TECH_02350,2023,Sul,PR,Tech Lead / Engineering Manager,Leadership & Management,Junior,1,Masculino,1.3,5095,Remoto
TECH_02351,2022,Centro-Oeste,DF,DevOps & Cloud Specialist,Cloud & Infrastructure,Lead / Staff Specialist,4,Masculino,10.0,24591,Remoto
TECH_02352,2023,Sudeste,SP,Tech Lead / Engineering Manager,Leadership & Management,Junior,1,Masculino,1.8,5384,Remoto
TECH_02353,2023,Sul,PR,Engenheira(o) de Dados,Data & AI,Pleno,2,Masculino,2.3,10148,Remoto
TECH_02354,2022,Sul,PR,Cientista de Dados,Data & AI,Junior,1,Masculino,0.5,5159,Remoto
TECH_02355,2021,Sul,SC,DevOps & Cloud Specialist,Cloud & Infrastructure,Junior,1,Feminino,2.8,4181,Remoto
TECH_02356,2021,Sul,RS,Tech Lead / Engineering Manager,Leadership & Management,Junior,1,Masculino,0.6,4516,Remoto
TECH_02357,2021,Sul,RS,Analista de Dados / BI,Data & AI,Pleno,2,Masculino,3.8,8240,Hibrido
TECH_02358,2023,Sul,SC,DevOps & Cloud Specialist,Cloud & Infrastructure,Junior,1,Feminino,1.3,4051,Hibrido
TECH_02359,2024,Sudeste,MG,DevOps & Cloud Specialist,Cloud & Infrastructure,Diretoria / C-Level,5,Masculino,13.1,45698,Hibrido
TECH_02360,2024,Nordeste,PE,DevOps & Cloud Specialist,Cloud & Infrastructure,Pleno,2,Masculino,3.1,11708,Hibrido
TECH_02361,2022,Sudeste,RJ,DevOps & Cloud Specialist,Cloud & Infrastructure,Junior,1,Masculino,2.3,4787,Remoto
TECH_02362,2024,Nordeste,PE,DevOps & Cloud Specialist,Cloud & Infrastructure,Pleno,2,Masculino,3.5,12341,Hibrido
TECH_02363,2023,Norte,AM,DevOps & Cloud Specialist,Cloud & Infrastructure,Pleno,2,Masculino,3.8,9880,Remoto
TECH_02364,2023,Sudeste,SP,Engenheira(o) de Software,Software Engineering,Pleno,2,Masculino,3.4,10504,Hibrido
TECH_02365,2024,Sul,RS,Especialista em Ciberseguranca,Security,Senior,3,Masculino,6.8,21012,Presencial
TECH_02366,2022,Centro-Oeste,DF,Tech Lead / Engineering Manager,Leadership & Management,Junior,1,Feminino,1.0,5013,Remoto
TECH_02367,2022,Norte,AM,Engenheira(o) de Software,Software Engineering,Junior,1,Masculino,1.2,5291,Hibrido
TECH_02368,2022,Sudeste,SP,DevOps & Cloud Specialist,Cloud & Infrastructure,Senior,3,Masculino,8.4,16488,Remoto
TECH_02369,2023,Sudeste,SP,Product Manager (PM),Product & Agile,Junior,1,Masculino,0.6,4531,Hibrido
TECH_02370,2023,Sudeste,MG,Engenheira(o) de Dados,Data & AI,Senior,3,Masculino,7.1,16682,Presencial
TECH_02371,2021,Sudeste,RJ,DevOps & Cloud Specialist,Cloud & Infrastructure,Junior,1,Masculino,2.3,5031,Remoto
TECH_02372,2022,Centro-Oeste,GO,Engenheira(o) de Software,Software Engineering,Junior,1,Feminino,0.5,5440,Remoto
TECH_02373,2024,Sudeste,SP,Engenheira(o) de Dados,Data & AI,Lead / Staff Specialist,4,Masculino,8.3,27764,Hibrido
TECH_02374,2022,Sudeste,MG,Engenheira(o) de Software,Software Engineering,Pleno,2,Feminino,5.5,9003,Remoto
TECH_02375,2022,Sudeste,RJ,Cientista de Dados,Data & AI,Senior,3,Masculino,7.0,16614,Remoto
TECH_02376,2021,Sudeste,SP,Engenheira(o) de Dados,Data & AI,Senior,3,Masculino,6.5,16750,Hibrido
TECH_02377,2024,Sudeste,MG,Engenheira(o) de Software,Software Engineering,Senior,3,Masculino,7.2,15541,Remoto
TECH_02378,2023,Centro-Oeste,GO,Product Manager (PM),Product & Agile,Junior,1,Masculino,0.5,5603,Remoto
TECH_02379,2024,Sul,SC,Engenheira(o) de Dados,Data & AI,Junior,1,Masculino,2.8,5717,Remoto
TECH_02380,2024,Sudeste,MG,Cientista de Dados,Data & AI,Pleno,2,Feminino,4.6,8628,Hibrido
TECH_02381,2023,Centro-Oeste,GO,Engenheira(o) de Dados,Data & AI,Junior,1,Masculino,1.0,4375,Remoto
TECH_02382,2022,Sul,SC,Product Manager (PM),Product & Agile,Pleno,2,Masculino,3.5,9883,Hibrido
TECH_02383,2022,Sudeste,MG,DevOps & Cloud Specialist,Cloud & Infrastructure,Pleno,2,Masculino,2.8,9293,Hibrido
TECH_02384,2024,Sul,RS,Engenheira(o) de Dados,Data & AI,Junior,1,Masculino,3.6,5534,Remoto
TECH_02385,2021,Sul,RS,DevOps & Cloud Specialist,Cloud & Infrastructure,Senior,3,Masculino,7.4,18880,Remoto
TECH_02386,2023,Sudeste,RJ,DevOps & Cloud Specialist,Cloud & Infrastructure,Junior,1,Masculino,3.5,5320,Remoto
TECH_02387,2024,Sudeste,MG,Engenheira(o) de Dados,Data & AI,Junior,1,Masculino,2.0,5771,Remoto
TECH_02388,2022,Nordeste,BA,Engenheira(o) de Dados,Data & AI,Lead / Staff Specialist,4,Masculino,10.1,24809,Remoto
TECH_02389,2021,Sul,PR,Engenheira(o) de Software,Software Engineering,Junior,1,Masculino,0.5,4512,Remoto
TECH_02390,2022,Nordeste,BA,Tech Lead / Engineering Manager,Leadership & Management,Junior,1,Masculino,2.3,5074,Remoto
TECH_02391,2024,Sudeste,RJ,DevOps & Cloud Specialist,Cloud & Infrastructure,Junior,1,Masculino,1.0,5750,Remoto
TECH_02392,2022,Sudeste,MG,DevOps & Cloud Specialist,Cloud & Infrastructure,Diretoria / C-Level,5,Masculino,13.9,43442,Hibrido
TECH_02393,2023,Sudeste,SP,Analista de Dados / BI,Data & AI,Pleno,2,Masculino,5.7,10286,Hibrido
TECH_02394,2023,Sudeste,RJ,DevOps & Cloud Specialist,Cloud & Infrastructure,Junior,1,Masculino,0.5,5593,Remoto
TECH_02395,2021,Sudeste,SP,Analista de Dados / BI,Data & AI,Junior,1,Feminino,3.0,4520,Remoto
TECH_02396,2021,Nordeste,BA,Tech Lead / Engineering Manager,Leadership & Management,Pleno,2,Masculino,3.8,11260,Remoto
TECH_02397,2023,Sudeste,RJ,Cientista de Dados,Data & AI,Junior,1,Feminino,0.8,4967,Hibrido
TECH_02398,2023,Sul,PR,Product Manager (PM),Product & Agile,Pleno,2,Masculino,3.0,11359,Presencial
TECH_02399,2024,Centro-Oeste,DF,Especialista em Ciberseguranca,Security,Pleno,2,Feminino,3.6,8943,Hibrido
TECH_02400,2023,Sudeste,SP,Analista de Dados / BI,Data & AI,Lead / Staff Specialist,4,Masculino,10.3,25289,Remoto
TECH_02401,2021,Sudeste,MG,Analista de Dados / BI,Data & AI,Lead / Staff Specialist,4,Masculino,12.4,23923,Hibrido
TECH_02402,2024,Sul,SC,Cientista de Dados,Data & AI,Pleno,2,Masculino,4.4,9749,Remoto
TECH_02403,2023,Norte,AM,Especialista em Ciberseguranca,Security,Junior,1,Feminino,3.9,5561,Hibrido
TECH_02404,2024,Sul,RS,Engenheira(o) de Dados,Data & AI,Pleno,2,Masculino,4.0,11756,Hibrido
TECH_02405,2021,Sudeste,RJ,Tech Lead / Engineering Manager,Leadership & Management,Junior,1,Feminino,0.5,5124,Presencial
TECH_02406,2022,Sudeste,SP,Analista de Dados / BI,Data & AI,Junior,1,Masculino,2.8,5752,Hibrido
TECH_02407,2022,Sul,RS,Cientista de Dados,Data & AI,Junior,1,Masculino,1.2,4940,Hibrido
TECH_02408,2023,Sul,PR,Engenheira(o) de Software,Software Engineering,Senior,3,Feminino,7.2,17408,Remoto
TECH_02409,2023,Sudeste,RJ,Analista de Dados / BI,Data & AI,Pleno,2,Masculino,5.1,11067,Hibrido
TECH_02410,2022,Sudeste,SP,DevOps & Cloud Specialist,Cloud & Infrastructure,Pleno,2,Masculino,2.8,10152,Remoto
TECH_02411,2021,Sudeste,SP,Engenheira(o) de Dados,Data & AI,Junior,1,Feminino,2.4,5178,Hibrido
TECH_02412,2022,Nordeste,BA,Especialista em Ciberseguranca,Security,Junior,1,Feminino,0.5,3712,Remoto
TECH_02413,2024,Sudeste,MG,Engenheira(o) de Software,Software Engineering,Pleno,2,Masculino,5.4,10418,Remoto
TECH_02414,2023,Norte,AM,Product Manager (PM),Product & Agile,Junior,1,Masculino,2.2,5317,Presencial
TECH_02415,2024,Sudeste,RJ,Cientista de Dados,Data & AI,Pleno,2,Feminino,6.0,9520,Hibrido
TECH_02416,2024,Sudeste,SP,Cientista de Dados,Data & AI,Pleno,2,Masculino,4.8,11070,Remoto
TECH_02417,2023,Norte,AM,Tech Lead / Engineering Manager,Leadership & Management,Junior,1,Feminino,0.9,5377,Hibrido
TECH_02418,2023,Norte,PA,Cientista de Dados,Data & AI,Senior,3,Feminino,5.9,15232,Hibrido
TECH_02419,2024,Sudeste,RJ,DevOps & Cloud Specialist,Cloud & Infrastructure,Senior,3,Masculino,7.2,21480,Remoto
TECH_02420,2023,Nordeste,PE,Engenheira(o) de Software,Software Engineering,Pleno,2,Masculino,4.2,10439,Hibrido
TECH_02421,2023,Sudeste,SP,Cientista de Dados,Data & AI,Pleno,2,Masculino,2.2,9938,Remoto
TECH_02422,2023,Centro-Oeste,GO,Tech Lead / Engineering Manager,Leadership & Management,Senior,3,Feminino,8.5,15565,Remoto
TECH_02423,2022,Sudeste,MG,Tech Lead / Engineering Manager,Leadership & Management,Senior,3,Feminino,5.2,11670,Presencial
TECH_02424,2022,Centro-Oeste,GO,Tech Lead / Engineering Manager,Leadership & Management,Junior,1,Masculino,2.8,5140,Remoto
TECH_02425,2024,Norte,PA,DevOps & Cloud Specialist,Cloud & Infrastructure,Lead / Staff Specialist,4,Masculino,11.7,29636,Remoto
TECH_02426,2021,Sul,SC,Engenheira(o) de Dados,Data & AI,Pleno,2,Masculino,6.9,10980,Hibrido
TECH_02427,2024,Nordeste,PE,Tech Lead / Engineering Manager,Leadership & Management,Pleno,2,Masculino,3.1,10839,Hibrido
TECH_02428,2024,Sudeste,MG,DevOps & Cloud Specialist,Cloud & Infrastructure,Pleno,2,Masculino,5.8,9456,Hibrido
TECH_02429,2023,Sul,SC,Engenheira(o) de Software,Software Engineering,Lead / Staff Specialist,4,Masculino,11.0,26259,Hibrido
TECH_02430,2022,Centro-Oeste,DF,Engenheira(o) de Software,Software Engineering,Junior,1,Masculino,4.6,5914,Hibrido
TECH_02431,2022,Norte,AM,Engenheira(o) de Software,Software Engineering,Lead / Staff Specialist,4,Masculino,9.2,29719,Hibrido
TECH_02432,2022,Sudeste,RJ,Especialista em Ciberseguranca,Security,Pleno,2,Masculino,4.2,9393,Hibrido
TECH_02433,2022,Sudeste,RJ,Engenheira(o) de Software,Software Engineering,Junior,1,Feminino,0.5,4074,Hibrido
TECH_02434,2024,Nordeste,CE,Cientista de Dados,Data & AI,Junior,1,Masculino,2.4,4674,Presencial
TECH_02435,2022,Sudeste,MG,Engenheira(o) de Software,Software Engineering,Senior,3,Masculino,8.2,16889,Remoto
TECH_02436,2023,Centro-Oeste,DF,Engenheira(o) de Software,Software Engineering,Junior,1,Masculino,2.0,4519,Hibrido
TECH_02437,2024,Sul,SC,DevOps & Cloud Specialist,Cloud & Infrastructure,Pleno,2,Feminino,2.7,8635,Hibrido
TECH_02438,2023,Sudeste,RJ,Cientista de Dados,Data & AI,Junior,1,Masculino,0.5,4862,Hibrido
TECH_02439,2021,Sul,SC,DevOps & Cloud Specialist,Cloud & Infrastructure,Pleno,2,Masculino,3.6,9154,Hibrido
TECH_02440,2023,Sudeste,MG,Tech Lead / Engineering Manager,Leadership & Management,Lead / Staff Specialist,4,Masculino,8.0,20347,Hibrido
TECH_02441,2024,Nordeste,PE,Product Manager (PM),Product & Agile,Junior,1,Masculino,2.9,6252,Presencial
TECH_02442,2023,Sul,PR,DevOps & Cloud Specialist,Cloud & Infrastructure,Junior,1,Masculino,2.3,5409,Remoto
TECH_02443,2024,Sul,RS,Engenheira(o) de Software,Software Engineering,Junior,1,Feminino,1.0,5173,Remoto
TECH_02444,2024,Sul,PR,Product Manager (PM),Product & Agile,Junior,1,Masculino,2.7,5350,Hibrido
TECH_02445,2024,Nordeste,BA,Tech Lead / Engineering Manager,Leadership & Management,Junior,1,Masculino,3.6,5142,Remoto
TECH_02446,2024,Sudeste,SP,Engenheira(o) de Software,Software Engineering,Senior,3,Feminino,8.5,16520,Hibrido
TECH_02447,2023,Norte,PA,Cientista de Dados,Data & AI,Pleno,2,Masculino,4.1,8677,Hibrido
TECH_02448,2023,Sudeste,MG,Product Manager (PM),Product & Agile,Diretoria / C-Level,5,Masculino,12.0,46710,Remoto
TECH_02449,2022,Sudeste,SP,Cientista de Dados,Data & AI,Senior,3,Masculino,7.7,15049,Presencial
TECH_02450,2023,Sul,SC,Product Manager (PM),Product & Agile,Pleno,2,Masculino,2.6,10209,Hibrido
TECH_02451,2023,Norte,PA,Analista de Dados / BI,Data & AI,Junior,1,Feminino,2.4,5566,Presencial
TECH_02452,2024,Centro-Oeste,GO,Especialista em Ciberseguranca,Security,Pleno,2,Feminino,3.3,8476,Remoto
TECH_02453,2021,Sudeste,SP,Analista de Dados / BI,Data & AI,Junior,1,Masculino,1.3,4329,Remoto
TECH_02454,2024,Sudeste,MG,Tech Lead / Engineering Manager,Leadership & Management,Pleno,2,Masculino,1.4,11785,Remoto
TECH_02455,2024,Centro-Oeste,DF,Engenheira(o) de Software,Software Engineering,Senior,3,Masculino,10.0,18899,Hibrido
TECH_02456,2022,Centro-Oeste,GO,DevOps & Cloud Specialist,Cloud & Infrastructure,Pleno,2,Masculino,4.2,10112,Remoto
TECH_02457,2022,Sudeste,SP,DevOps & Cloud Specialist,Cloud & Infrastructure,Junior,1,Feminino,1.1,4595,Remoto
TECH_02458,2022,Norte,AM,DevOps & Cloud Specialist,Cloud & Infrastructure,Junior,1,Masculino,1.1,5604,Hibrido
TECH_02459,2022,Sudeste,RJ,Product Manager (PM),Product & Agile,Pleno,2,Masculino,2.6,10480,Hibrido
TECH_02460,2022,Sudeste,MG,Analista de Dados / BI,Data & AI,Senior,3,Masculino,8.1,18848,Remoto
TECH_02461,2024,Sul,PR,Especialista em Ciberseguranca,Security,Junior,1,Masculino,1.2,4982,Remoto
TECH_02462,2024,Sudeste,RJ,Engenheira(o) de Dados,Data & AI,Junior,1,Masculino,2.2,6399,Remoto
TECH_02463,2022,Sudeste,RJ,Engenheira(o) de Dados,Data & AI,Junior,1,Masculino,0.5,5214,Remoto
TECH_02464,2022,Sudeste,MG,Cientista de Dados,Data & AI,Junior,1,Masculino,2.6,5490,Remoto
TECH_02465,2021,Sudeste,MG,Engenheira(o) de Software,Software Engineering,Pleno,2,Feminino,4.7,7424,Hibrido
TECH_02466,2023,Sul,RS,Engenheira(o) de Dados,Data & AI,Junior,1,Masculino,2.5,5157,Hibrido
TECH_02467,2024,Sudeste,MG,Engenheira(o) de Dados,Data & AI,Junior,1,Masculino,0.5,4690,Hibrido
TECH_02468,2024,Sudeste,MG,Analista de Dados / BI,Data & AI,Senior,3,Masculino,9.6,22612,Remoto
TECH_02469,2021,Sudeste,RJ,Engenheira(o) de Software,Software Engineering,Junior,1,Masculino,0.9,4521,Remoto
TECH_02470,2024,Sul,RS,Product Manager (PM),Product & Agile,Senior,3,Masculino,7.2,17409,Remoto
TECH_02471,2022,Sudeste,MG,DevOps & Cloud Specialist,Cloud & Infrastructure,Pleno,2,Masculino,1.7,10547,Hibrido
TECH_02472,2023,Sul,PR,Especialista em Ciberseguranca,Security,Senior,3,Masculino,7.1,19955,Remoto
TECH_02473,2023,Sudeste,RJ,Especialista em Ciberseguranca,Security,Pleno,2,Masculino,2.8,9620,Remoto
TECH_02474,2023,Sul,PR,Product Manager (PM),Product & Agile,Diretoria / C-Level,5,Masculino,13.8,40887,Remoto
TECH_02475,2023,Sul,RS,Engenheira(o) de Software,Software Engineering,Senior,3,Masculino,6.0,16988,Remoto
TECH_02476,2023,Sul,PR,Product Manager (PM),Product & Agile,Senior,3,Masculino,7.4,17972,Hibrido
TECH_02477,2023,Sudeste,RJ,Cientista de Dados,Data & AI,Junior,1,Feminino,1.4,4916,Hibrido
TECH_02478,2021,Sudeste,SP,Engenheira(o) de Dados,Data & AI,Junior,1,Masculino,1.3,4608,Remoto
TECH_02479,2024,Centro-Oeste,DF,Product Manager (PM),Product & Agile,Pleno,2,Masculino,5.5,10027,Presencial
TECH_02480,2023,Sudeste,RJ,Engenheira(o) de Dados,Data & AI,Pleno,2,Masculino,5.0,11025,Hibrido
TECH_02481,2023,Norte,PA,Especialista em Ciberseguranca,Security,Pleno,2,Masculino,3.7,11640,Remoto
TECH_02482,2022,Nordeste,PE,Tech Lead / Engineering Manager,Leadership & Management,Pleno,2,Masculino,3.9,9049,Remoto
TECH_02483,2022,Centro-Oeste,GO,Analista de Dados / BI,Data & AI,Pleno,2,Feminino,4.0,8166,Remoto
TECH_02484,2023,Sul,RS,Engenheira(o) de Dados,Data & AI,Junior,1,Masculino,0.5,4765,Remoto
TECH_02485,2023,Sul,SC,Engenheira(o) de Dados,Data & AI,Junior,1,Masculino,1.4,5560,Hibrido
TECH_02486,2023,Sudeste,SP,Engenheira(o) de Dados,Data & AI,Pleno,2,Masculino,4.1,10013,Hibrido
TECH_02487,2022,Sudeste,SP,Analista de Dados / BI,Data & AI,Junior,1,Masculino,2.7,4947,Hibrido
TECH_02488,2023,Sul,PR,Engenheira(o) de Dados,Data & AI,Junior,1,Feminino,1.1,4806,Remoto
TECH_02489,2021,Sul,SC,Engenheira(o) de Software,Software Engineering,Junior,1,Masculino,1.4,5060,Remoto
TECH_02490,2024,Sul,RS,Product Manager (PM),Product & Agile,Pleno,2,Feminino,0.6,9796,Remoto
TECH_02491,2022,Sudeste,SP,Analista de Dados / BI,Data & AI,Junior,1,Feminino,1.6,4936,Remoto
TECH_02492,2023,Sudeste,SP,Engenheira(o) de Software,Software Engineering,Senior,3,Masculino,7.0,18907,Hibrido
TECH_02493,2021,Sudeste,SP,Analista de Dados / BI,Data & AI,Pleno,2,Masculino,3.9,8390,Remoto
TECH_02494,2023,Sudeste,MG,Cientista de Dados,Data & AI,Junior,1,Masculino,1.8,5235,Remoto
TECH_02495,2021,Sudeste,SP,Engenheira(o) de Software,Software Engineering,Junior,1,Feminino,0.5,4833,Hibrido
TECH_02496,2022,Sudeste,MG,DevOps & Cloud Specialist,Cloud & Infrastructure,Junior,1,Masculino,1.7,5438,Hibrido
TECH_02497,2024,Sul,SC,Tech Lead / Engineering Manager,Leadership & Management,Junior,1,Masculino,0.5,6325,Hibrido
TECH_02498,2022,Sudeste,MG,Product Manager (PM),Product & Agile,Junior,1,Masculino,2.5,4260,Remoto
TECH_02499,2022,Sudeste,RJ,Engenheira(o) de Dados,Data & AI,Pleno,2,Masculino,4.3,11199,Remoto
TECH_02500,2022,Sudeste,RJ,DevOps & Cloud Specialist,Cloud & Infrastructure,Senior,3,Feminino,7.3,15038,Remoto
TECH_02501,2021,Sudeste,MG,Especialista em Ciberseguranca,Security,Junior,1,Masculino,2.6,5268,Remoto
TECH_02502,2024,Sudeste,RJ,Analista de Dados / BI,Data & AI,Junior,1,Masculino,1.1,6081,Remoto
TECH_02503,2024,Sul,PR,DevOps & Cloud Specialist,Cloud & Infrastructure,Junior,1,Feminino,1.5,4458,Hibrido
TECH_02504,2022,Sul,SC,DevOps & Cloud Specialist,Cloud & Infrastructure,Junior,1,Masculino,0.7,5378,Hibrido
TECH_02505,2023,Nordeste,BA,Cientista de Dados,Data & AI,Lead / Staff Specialist,4,Masculino,9.2,19787,Presencial
TECH_02506,2024,Sudeste,SP,Tech Lead / Engineering Manager,Leadership & Management,Pleno,2,Masculino,4.1,10610,Hibrido
TECH_02507,2023,Sul,PR,Cientista de Dados,Data & AI,Pleno,2,Feminino,3.9,9257,Hibrido
TECH_02508,2023,Sudeste,MG,DevOps & Cloud Specialist,Cloud & Infrastructure,Junior,1,Masculino,1.3,6294,Hibrido
TECH_02509,2021,Sul,RS,Tech Lead / Engineering Manager,Leadership & Management,Pleno,2,Masculino,4.5,9779,Remoto
TECH_02510,2024,Sul,RS,Cientista de Dados,Data & AI,Junior,1,Masculino,1.3,5855,Hibrido
TECH_02511,2023,Sudeste,RJ,Engenheira(o) de Software,Software Engineering,Senior,3,Masculino,6.1,17835,Remoto
TECH_02512,2022,Norte,AM,Cientista de Dados,Data & AI,Junior,1,Masculino,0.7,6148,Remoto
TECH_02513,2023,Sudeste,MG,Tech Lead / Engineering Manager,Leadership & Management,Junior,1,Masculino,0.5,5072,Presencial
TECH_02514,2022,Centro-Oeste,GO,Engenheira(o) de Dados,Data & AI,Junior,1,Feminino,4.0,4686,Hibrido
TECH_02515,2023,Sul,RS,Tech Lead / Engineering Manager,Leadership & Management,Lead / Staff Specialist,4,Masculino,10.1,25546,Hibrido
TECH_02516,2024,Sul,PR,Tech Lead / Engineering Manager,Leadership & Management,Senior,3,Masculino,7.0,19369,Remoto
TECH_02517,2024,Sul,RS,Engenheira(o) de Software,Software Engineering,Pleno,2,Masculino,3.8,10869,Hibrido
TECH_02518,2021,Sudeste,RJ,Engenheira(o) de Software,Software Engineering,Junior,1,Feminino,0.6,4806,Remoto
TECH_02519,2023,Sudeste,RJ,Especialista em Ciberseguranca,Security,Lead / Staff Specialist,4,Feminino,8.8,23185,Hibrido
TECH_02520,2023,Sudeste,RJ,Especialista em Ciberseguranca,Security,Pleno,2,Feminino,5.0,7470,Remoto
TECH_02521,2024,Sudeste,SP,Cientista de Dados,Data & AI,Pleno,2,Masculino,3.3,11702,Hibrido
TECH_02522,2024,Norte,AM,DevOps & Cloud Specialist,Cloud & Infrastructure,Pleno,2,Masculino,6.3,12405,Remoto
TECH_02523,2021,Sudeste,RJ,Tech Lead / Engineering Manager,Leadership & Management,Junior,1,Feminino,2.4,3730,Presencial
TECH_02524,2023,Sudeste,SP,Tech Lead / Engineering Manager,Leadership & Management,Junior,1,Masculino,2.3,5794,Hibrido
TECH_02525,2022,Centro-Oeste,GO,Engenheira(o) de Dados,Data & AI,Pleno,2,Masculino,2.9,9048,Remoto
TECH_02526,2024,Nordeste,PE,DevOps & Cloud Specialist,Cloud & Infrastructure,Senior,3,Masculino,6.9,20524,Hibrido
TECH_02527,2021,Sudeste,MG,Product Manager (PM),Product & Agile,Junior,1,Masculino,1.0,5316,Remoto
TECH_02528,2024,Centro-Oeste,GO,Cientista de Dados,Data & AI,Pleno,2,Masculino,4.6,10423,Remoto
TECH_02529,2023,Nordeste,BA,Engenheira(o) de Software,Software Engineering,Pleno,2,Masculino,4.7,11198,Hibrido
TECH_02530,2021,Sudeste,SP,Tech Lead / Engineering Manager,Leadership & Management,Junior,1,Masculino,2.4,4529,Hibrido
TECH_02531,2024,Norte,AM,Analista de Dados / BI,Data & AI,Pleno,2,Masculino,3.0,11972,Hibrido
TECH_02532,2023,Nordeste,CE,Cientista de Dados,Data & AI,Pleno,2,Masculino,5.0,11018,Hibrido
TECH_02533,2022,Sudeste,SP,Cientista de Dados,Data & AI,Senior,3,Masculino,6.3,21221,Remoto
TECH_02534,2023,Sudeste,RJ,Product Manager (PM),Product & Agile,Pleno,2,Masculino,3.9,9749,Remoto
TECH_02535,2021,Sudeste,RJ,Product Manager (PM),Product & Agile,Junior,1,Masculino,0.5,4706,Remoto
TECH_02536,2022,Nordeste,BA,Engenheira(o) de Software,Software Engineering,Pleno,2,Masculino,4.1,9451,Remoto
TECH_02537,2021,Sul,PR,Product Manager (PM),Product & Agile,Pleno,2,Masculino,1.2,9763,Hibrido
TECH_02538,2023,Sudeste,MG,DevOps & Cloud Specialist,Cloud & Infrastructure,Senior,3,Masculino,9.5,17651,Hibrido
TECH_02539,2023,Sudeste,RJ,Cientista de Dados,Data & AI,Junior,1,Feminino,2.6,4765,Presencial
TECH_02540,2022,Centro-Oeste,DF,Tech Lead / Engineering Manager,Leadership & Management,Diretoria / C-Level,5,Masculino,13.6,38807,Hibrido
TECH_02541,2022,Norte,PA,Product Manager (PM),Product & Agile,Senior,3,Masculino,7.9,18767,Hibrido
TECH_02542,2024,Sudeste,RJ,DevOps & Cloud Specialist,Cloud & Infrastructure,Senior,3,Masculino,5.3,21685,Hibrido
TECH_02543,2022,Sudeste,SP,Engenheira(o) de Software,Software Engineering,Pleno,2,Masculino,3.0,10646,Hibrido
TECH_02544,2021,Sul,PR,Product Manager (PM),Product & Agile,Junior,1,Masculino,2.7,4305,Hibrido
TECH_02545,2022,Sul,RS,Especialista em Ciberseguranca,Security,Pleno,2,Masculino,2.6,10569,Presencial
TECH_02546,2023,Sudeste,RJ,Especialista em Ciberseguranca,Security,Pleno,2,Masculino,4.3,9633,Remoto
TECH_02547,2024,Sudeste,MG,Especialista em Ciberseguranca,Security,Lead / Staff Specialist,4,Feminino,8.9,24211,Remoto
TECH_02548,2021,Sudeste,SP,Tech Lead / Engineering Manager,Leadership & Management,Senior,3,Masculino,8.7,16882,Remoto
TECH_02549,2024,Centro-Oeste,DF,Tech Lead / Engineering Manager,Leadership & Management,Pleno,2,Masculino,3.8,10588,Remoto
TECH_02550,2023,Sul,RS,DevOps & Cloud Specialist,Cloud & Infrastructure,Pleno,2,Feminino,4.6,8752,Remoto
TECH_02551,2021,Sudeste,SP,Analista de Dados / BI,Data & AI,Pleno,2,Masculino,1.9,8537,Hibrido
TECH_02552,2024,Sul,PR,Tech Lead / Engineering Manager,Leadership & Management,Pleno,2,Feminino,3.6,8739,Remoto
TECH_02553,2023,Sudeste,RJ,DevOps & Cloud Specialist,Cloud & Infrastructure,Junior,1,Feminino,0.5,4778,Remoto
TECH_02554,2023,Sudeste,MG,Cientista de Dados,Data & AI,Senior,3,Masculino,7.6,20622,Presencial
TECH_02555,2022,Sul,PR,Engenheira(o) de Software,Software Engineering,Lead / Staff Specialist,4,Masculino,10.7,27124,Hibrido
TECH_02556,2024,Norte,PA,DevOps & Cloud Specialist,Cloud & Infrastructure,Junior,1,Masculino,0.8,5498,Remoto
TECH_02557,2023,Nordeste,BA,Cientista de Dados,Data & AI,Pleno,2,Masculino,4.5,10366,Remoto
TECH_02558,2024,Centro-Oeste,DF,Analista de Dados / BI,Data & AI,Diretoria / C-Level,5,Masculino,13.5,41272,Hibrido
TECH_02559,2024,Sudeste,SP,Engenheira(o) de Software,Software Engineering,Junior,1,Masculino,1.8,6785,Hibrido
TECH_02560,2024,Sudeste,RJ,Engenheira(o) de Software,Software Engineering,Junior,1,Masculino,1.1,6564,Hibrido
TECH_02561,2023,Centro-Oeste,DF,Engenheira(o) de Software,Software Engineering,Junior,1,Masculino,1.4,6032,Presencial
TECH_02562,2023,Norte,PA,Cientista de Dados,Data & AI,Junior,1,Masculino,1.5,5447,Presencial
TECH_02563,2024,Sudeste,RJ,DevOps & Cloud Specialist,Cloud & Infrastructure,Senior,3,Masculino,5.6,20805,Remoto
TECH_02564,2023,Sudeste,MG,Engenheira(o) de Software,Software Engineering,Senior,3,Masculino,7.4,19575,Presencial
TECH_02565,2024,Nordeste,CE,Engenheira(o) de Software,Software Engineering,Senior,3,Masculino,8.5,20788,Remoto
TECH_02566,2023,Sudeste,SP,Tech Lead / Engineering Manager,Leadership & Management,Junior,1,Masculino,1.7,6108,Remoto
TECH_02567,2023,Sudeste,RJ,DevOps & Cloud Specialist,Cloud & Infrastructure,Pleno,2,Masculino,4.1,10097,Hibrido
TECH_02568,2024,Sudeste,SP,Especialista em Ciberseguranca,Security,Junior,1,Masculino,1.5,5089,Remoto
TECH_02569,2024,Sul,PR,DevOps & Cloud Specialist,Cloud & Infrastructure,Junior,1,Feminino,2.5,5693,Hibrido
TECH_02570,2021,Nordeste,PE,Engenheira(o) de Dados,Data & AI,Lead / Staff Specialist,4,Masculino,12.0,20623,Presencial
TECH_02571,2021,Sudeste,MG,Analista de Dados / BI,Data & AI,Senior,3,Masculino,8.0,13394,Hibrido
TECH_02572,2024,Sudeste,RJ,Engenheira(o) de Software,Software Engineering,Diretoria / C-Level,5,Masculino,15.0,40378,Hibrido
TECH_02573,2023,Sudeste,SP,Cientista de Dados,Data & AI,Senior,3,Masculino,7.0,19359,Hibrido
TECH_02574,2022,Centro-Oeste,GO,Engenheira(o) de Software,Software Engineering,Pleno,2,Masculino,5.2,9238,Remoto
TECH_02575,2022,Nordeste,CE,DevOps & Cloud Specialist,Cloud & Infrastructure,Senior,3,Masculino,5.4,17001,Presencial
TECH_02576,2021,Sudeste,RJ,Cientista de Dados,Data & AI,Senior,3,Feminino,8.6,14883,Hibrido
TECH_02577,2023,Sudeste,RJ,Engenheira(o) de Software,Software Engineering,Senior,3,Feminino,5.6,16317,Remoto
TECH_02578,2023,Centro-Oeste,DF,Engenheira(o) de Software,Software Engineering,Junior,1,Feminino,2.4,5885,Hibrido
TECH_02579,2023,Nordeste,BA,Tech Lead / Engineering Manager,Leadership & Management,Junior,1,Masculino,1.4,5101,Remoto
TECH_02580,2023,Sudeste,MG,Product Manager (PM),Product & Agile,Junior,1,Masculino,2.3,4804,Remoto
TECH_02581,2022,Sudeste,RJ,Tech Lead / Engineering Manager,Leadership & Management,Junior,1,Feminino,1.7,3413,Remoto
TECH_02582,2023,Sudeste,RJ,DevOps & Cloud Specialist,Cloud & Infrastructure,Senior,3,Masculino,7.3,19287,Hibrido
TECH_02583,2024,Centro-Oeste,GO,Tech Lead / Engineering Manager,Leadership & Management,Junior,1,Feminino,0.5,5936,Hibrido
TECH_02584,2021,Nordeste,CE,Analista de Dados / BI,Data & AI,Junior,1,Masculino,1.3,4586,Remoto
TECH_02585,2024,Nordeste,BA,Product Manager (PM),Product & Agile,Junior,1,Masculino,1.3,5352,Presencial
TECH_02586,2021,Sul,SC,Tech Lead / Engineering Manager,Leadership & Management,Senior,3,Masculino,7.1,15110,Hibrido
TECH_02587,2021,Sudeste,RJ,Engenheira(o) de Software,Software Engineering,Pleno,2,Masculino,2.9,9565,Hibrido
TECH_02588,2021,Sudeste,MG,Product Manager (PM),Product & Agile,Pleno,2,Feminino,3.5,8052,Remoto
TECH_02589,2024,Nordeste,BA,Engenheira(o) de Software,Software Engineering,Junior,1,Masculino,2.2,4907,Remoto
TECH_02590,2021,Sudeste,MG,Especialista em Ciberseguranca,Security,Pleno,2,Masculino,4.4,9709,Remoto
TECH_02591,2024,Sudeste,RJ,Cientista de Dados,Data & AI,Senior,3,Masculino,6.6,19997,Hibrido
TECH_02592,2021,Sul,PR,Product Manager (PM),Product & Agile,Pleno,2,Masculino,4.8,10214,Remoto
TECH_02593,2022,Centro-Oeste,GO,DevOps & Cloud Specialist,Cloud & Infrastructure,Senior,3,Masculino,6.9,15330,Remoto
TECH_02594,2024,Centro-Oeste,GO,DevOps & Cloud Specialist,Cloud & Infrastructure,Pleno,2,Feminino,3.0,10755,Hibrido
TECH_02595,2024,Sudeste,SP,Tech Lead / Engineering Manager,Leadership & Management,Senior,3,Masculino,9.2,20284,Remoto
TECH_02596,2021,Sudeste,RJ,Engenheira(o) de Software,Software Engineering,Junior,1,Feminino,1.6,4117,Remoto
TECH_02597,2023,Sul,RS,Engenheira(o) de Software,Software Engineering,Pleno,2,Masculino,5.2,9784,Hibrido
TECH_02598,2022,Nordeste,PE,Cientista de Dados,Data & AI,Pleno,2,Feminino,3.8,8115,Hibrido
TECH_02599,2024,Sul,SC,Analista de Dados / BI,Data & AI,Junior,1,Feminino,2.0,5235,Remoto
TECH_02600,2021,Sudeste,SP,Cientista de Dados,Data & AI,Junior,1,Feminino,0.5,4000,Hibrido
TECH_02601,2023,Sudeste,RJ,Product Manager (PM),Product & Agile,Pleno,2,Masculino,3.3,11552,Hibrido
TECH_02602,2024,Sul,RS,DevOps & Cloud Specialist,Cloud & Infrastructure,Junior,1,Masculino,0.6,6199,Remoto
TECH_02603,2024,Sudeste,MG,Especialista em Ciberseguranca,Security,Junior,1,Feminino,0.5,5038,Remoto
TECH_02604,2023,Sudeste,RJ,Tech Lead / Engineering Manager,Leadership & Management,Junior,1,Feminino,0.5,5002,Presencial
TECH_02605,2021,Nordeste,BA,Analista de Dados / BI,Data & AI,Senior,3,Feminino,7.6,15639,Remoto
TECH_02606,2022,Nordeste,PE,Engenheira(o) de Dados,Data & AI,Pleno,2,Masculino,3.0,9985,Remoto
TECH_02607,2021,Sudeste,RJ,DevOps & Cloud Specialist,Cloud & Infrastructure,Senior,3,Masculino,7.5,16020,Remoto
TECH_02608,2022,Sudeste,MG,Especialista em Ciberseguranca,Security,Junior,1,Masculino,1.5,5020,Hibrido
TECH_02609,2022,Sul,RS,Engenheira(o) de Software,Software Engineering,Senior,3,Masculino,7.5,20550,Hibrido
TECH_02610,2021,Sudeste,MG,Especialista em Ciberseguranca,Security,Lead / Staff Specialist,4,Masculino,10.6,22276,Presencial
TECH_02611,2021,Sul,PR,Analista de Dados / BI,Data & AI,Junior,1,Masculino,0.5,4631,Hibrido
TECH_02612,2021,Nordeste,BA,Engenheira(o) de Dados,Data & AI,Junior,1,Masculino,0.5,4342,Hibrido
TECH_02613,2024,Centro-Oeste,DF,Analista de Dados / BI,Data & AI,Lead / Staff Specialist,4,Masculino,8.6,25315,Remoto
TECH_02614,2023,Norte,AM,Product Manager (PM),Product & Agile,Pleno,2,Feminino,3.9,7932,Presencial
TECH_02615,2022,Centro-Oeste,GO,Tech Lead / Engineering Manager,Leadership & Management,Pleno,2,Masculino,3.3,9139,Presencial
TECH_02616,2022,Sudeste,RJ,DevOps & Cloud Specialist,Cloud & Infrastructure,Pleno,2,Masculino,4.1,10379,Presencial
TECH_02617,2024,Sudeste,MG,Engenheira(o) de Software,Software Engineering,Pleno,2,Masculino,2.9,12651,Remoto
TECH_02618,2024,Nordeste,PE,Engenheira(o) de Software,Software Engineering,Junior,1,Feminino,1.8,5399,Hibrido
TECH_02619,2024,Sul,SC,Analista de Dados / BI,Data & AI,Junior,1,Feminino,0.5,4488,Hibrido
TECH_02620,2022,Nordeste,CE,Especialista em Ciberseguranca,Security,Senior,3,Masculino,6.5,16883,Remoto
TECH_02621,2021,Sul,PR,Especialista em Ciberseguranca,Security,Pleno,2,Masculino,3.2,8602,Remoto
TECH_02622,2024,Nordeste,PE,DevOps & Cloud Specialist,Cloud & Infrastructure,Junior,1,Feminino,1.0,4723,Presencial
TECH_02623,2024,Sudeste,SP,Engenheira(o) de Dados,Data & AI,Pleno,2,Feminino,3.7,7380,Hibrido
TECH_02624,2022,Centro-Oeste,DF,Especialista em Ciberseguranca,Security,Junior,1,Masculino,2.4,5747,Hibrido
TECH_02625,2022,Sudeste,MG,DevOps & Cloud Specialist,Cloud & Infrastructure,Junior,1,Masculino,0.5,4483,Remoto
TECH_02626,2023,Nordeste,CE,Engenheira(o) de Software,Software Engineering,Senior,3,Masculino,8.7,16802,Remoto
TECH_02627,2024,Nordeste,PE,DevOps & Cloud Specialist,Cloud & Infrastructure,Pleno,2,Feminino,3.2,8189,Remoto
TECH_02628,2022,Sudeste,RJ,Engenheira(o) de Dados,Data & AI,Diretoria / C-Level,5,Masculino,12.7,43739,Presencial
TECH_02629,2023,Nordeste,CE,Tech Lead / Engineering Manager,Leadership & Management,Pleno,2,Masculino,4.6,8681,Hibrido
TECH_02630,2021,Sul,RS,DevOps & Cloud Specialist,Cloud & Infrastructure,Lead / Staff Specialist,4,Masculino,10.0,24215,Remoto
TECH_02631,2024,Centro-Oeste,GO,Especialista em Ciberseguranca,Security,Junior,1,Feminino,1.1,5400,Hibrido
TECH_02632,2024,Nordeste,PE,DevOps & Cloud Specialist,Cloud & Infrastructure,Junior,1,Feminino,1.7,6113,Remoto
TECH_02633,2022,Sudeste,SP,Especialista em Ciberseguranca,Security,Pleno,2,Feminino,4.9,7938,Remoto
TECH_02634,2022,Sul,RS,Engenheira(o) de Software,Software Engineering,Senior,3,Feminino,7.1,13953,Remoto
TECH_02635,2022,Sul,PR,Tech Lead / Engineering Manager,Leadership & Management,Junior,1,Masculino,0.5,5501,Remoto
TECH_02636,2024,Nordeste,CE,Engenheira(o) de Software,Software Engineering,Lead / Staff Specialist,4,Masculino,10.0,24969,Remoto
TECH_02637,2021,Sudeste,MG,DevOps & Cloud Specialist,Cloud & Infrastructure,Junior,1,Feminino,4.1,4622,Presencial
TECH_02638,2024,Sudeste,MG,Analista de Dados / BI,Data & AI,Pleno,2,Masculino,4.9,9403,Remoto
TECH_02639,2023,Sul,PR,Especialista em Ciberseguranca,Security,Junior,1,Masculino,0.9,4841,Hibrido
TECH_02640,2024,Sudeste,RJ,Engenheira(o) de Software,Software Engineering,Junior,1,Masculino,2.1,5067,Hibrido
TECH_02641,2022,Nordeste,BA,Tech Lead / Engineering Manager,Leadership & Management,Junior,1,Masculino,0.5,4787,Hibrido
TECH_02642,2024,Nordeste,PE,Tech Lead / Engineering Manager,Leadership & Management,Pleno,2,Masculino,6.1,9097,Remoto
TECH_02643,2024,Nordeste,CE,Especialista em Ciberseguranca,Security,Junior,1,Feminino,1.2,5664,Remoto
TECH_02644,2023,Sudeste,SP,Analista de Dados / BI,Data & AI,Pleno,2,Masculino,3.6,10715,Remoto
TECH_02645,2023,Norte,PA,DevOps & Cloud Specialist,Cloud & Infrastructure,Pleno,2,Masculino,4.7,10196,Hibrido
TECH_02646,2023,Sul,PR,Product Manager (PM),Product & Agile,Senior,3,Masculino,6.0,17347,Presencial
TECH_02647,2023,Sul,SC,Cientista de Dados,Data & AI,Pleno,2,Masculino,5.8,8649,Remoto
TECH_02648,2023,Centro-Oeste,GO,Tech Lead / Engineering Manager,Leadership & Management,Lead / Staff Specialist,4,Masculino,10.3,24537,Hibrido
TECH_02649,2023,Sudeste,SP,DevOps & Cloud Specialist,Cloud & Infrastructure,Senior,3,Masculino,8.6,18094,Remoto
TECH_02650,2022,Sudeste,RJ,Product Manager (PM),Product & Agile,Lead / Staff Specialist,4,Masculino,10.3,31308,Remoto
TECH_02651,2023,Norte,PA,Analista de Dados / BI,Data & AI,Junior,1,Feminino,1.6,4763,Presencial
TECH_02652,2024,Norte,PA,Product Manager (PM),Product & Agile,Pleno,2,Masculino,3.0,11159,Hibrido
TECH_02653,2023,Sul,RS,Engenheira(o) de Software,Software Engineering,Junior,1,Masculino,0.5,5101,Hibrido
TECH_02654,2022,Centro-Oeste,GO,Especialista em Ciberseguranca,Security,Pleno,2,Masculino,3.7,8421,Hibrido
TECH_02655,2022,Sudeste,SP,Analista de Dados / BI,Data & AI,Junior,1,Masculino,0.5,4066,Hibrido
TECH_02656,2022,Sudeste,MG,Engenheira(o) de Software,Software Engineering,Junior,1,Masculino,0.9,4892,Remoto
TECH_02657,2022,Sudeste,MG,Engenheira(o) de Dados,Data & AI,Junior,1,Masculino,3.4,4562,Remoto
TECH_02658,2024,Nordeste,PE,Engenheira(o) de Dados,Data & AI,Junior,1,Masculino,1.4,6116,Remoto
TECH_02659,2022,Sudeste,SP,Especialista em Ciberseguranca,Security,Pleno,2,Feminino,4.1,8210,Hibrido
TECH_02660,2022,Centro-Oeste,DF,Analista de Dados / BI,Data & AI,Pleno,2,Masculino,4.7,10156,Remoto
TECH_02661,2022,Sul,PR,Engenheira(o) de Software,Software Engineering,Junior,1,Masculino,0.5,4439,Remoto
TECH_02662,2021,Sudeste,MG,Cientista de Dados,Data & AI,Junior,1,Masculino,0.5,4481,Remoto
TECH_02663,2022,Sul,PR,Especialista em Ciberseguranca,Security,Pleno,2,Masculino,4.8,11153,Hibrido
TECH_02664,2021,Sudeste,RJ,Analista de Dados / BI,Data & AI,Junior,1,Masculino,1.0,3966,Remoto
TECH_02665,2024,Sul,PR,Analista de Dados / BI,Data & AI,Junior,1,Masculino,1.3,5604,Hibrido
TECH_02666,2024,Sudeste,MG,Cientista de Dados,Data & AI,Junior,1,Masculino,2.4,5814,Remoto
TECH_02667,2022,Sudeste,MG,Product Manager (PM),Product & Agile,Lead / Staff Specialist,4,Masculino,10.8,28686,Hibrido
TECH_02668,2023,Sudeste,SP,DevOps & Cloud Specialist,Cloud & Infrastructure,Junior,1,Feminino,1.8,4502,Hibrido
TECH_02669,2022,Nordeste,CE,Especialista em Ciberseguranca,Security,Junior,1,Feminino,0.5,4955,Remoto
TECH_02670,2024,Sudeste,RJ,Analista de Dados / BI,Data & AI,Junior,1,Masculino,2.2,5314,Remoto
TECH_02671,2021,Sudeste,SP,Tech Lead / Engineering Manager,Leadership & Management,Pleno,2,Feminino,6.3,8298,Hibrido
TECH_02672,2023,Sudeste,SP,Especialista em Ciberseguranca,Security,Pleno,2,Masculino,3.5,8607,Hibrido
TECH_02673,2023,Centro-Oeste,GO,DevOps & Cloud Specialist,Cloud & Infrastructure,Junior,1,Masculino,0.5,4781,Hibrido
TECH_02674,2021,Centro-Oeste,GO,Engenheira(o) de Dados,Data & AI,Lead / Staff Specialist,4,Masculino,9.4,23092,Remoto
TECH_02675,2022,Sudeste,RJ,Cientista de Dados,Data & AI,Junior,1,Masculino,0.5,5363,Remoto
TECH_02676,2023,Sul,PR,Analista de Dados / BI,Data & AI,Junior,1,Masculino,2.2,5015,Remoto
TECH_02677,2022,Nordeste,CE,DevOps & Cloud Specialist,Cloud & Infrastructure,Diretoria / C-Level,5,Masculino,16.1,39190,Remoto
TECH_02678,2022,Sudeste,SP,Analista de Dados / BI,Data & AI,Junior,1,Masculino,1.5,5681,Presencial
TECH_02679,2023,Sudeste,MG,Analista de Dados / BI,Data & AI,Diretoria / C-Level,5,Masculino,15.0,48614,Hibrido
TECH_02680,2023,Sudeste,RJ,Analista de Dados / BI,Data & AI,Lead / Staff Specialist,4,Masculino,11.5,25484,Hibrido
TECH_02681,2023,Sudeste,MG,DevOps & Cloud Specialist,Cloud & Infrastructure,Senior,3,Masculino,6.5,20223,Hibrido
TECH_02682,2021,Sudeste,SP,Analista de Dados / BI,Data & AI,Junior,1,Masculino,2.3,4224,Remoto
TECH_02683,2023,Nordeste,CE,Engenheira(o) de Dados,Data & AI,Junior,1,Masculino,3.1,5650,Hibrido
TECH_02684,2021,Nordeste,PE,Engenheira(o) de Dados,Data & AI,Junior,1,Feminino,0.5,4728,Remoto
TECH_02685,2022,Sudeste,RJ,Cientista de Dados,Data & AI,Junior,1,Masculino,0.5,5833,Remoto
TECH_02686,2024,Sul,RS,Engenheira(o) de Dados,Data & AI,Pleno,2,Masculino,3.2,10574,Presencial
TECH_02687,2022,Sudeste,SP,Tech Lead / Engineering Manager,Leadership & Management,Lead / Staff Specialist,4,Masculino,11.5,25138,Remoto
TECH_02688,2024,Sudeste,SP,Engenheira(o) de Dados,Data & AI,Pleno,2,Masculino,3.5,11276,Remoto
TECH_02689,2024,Sudeste,MG,Engenheira(o) de Software,Software Engineering,Pleno,2,Masculino,2.5,12236,Remoto
TECH_02690,2024,Sudeste,SP,DevOps & Cloud Specialist,Cloud & Infrastructure,Senior,3,Masculino,11.6,18869,Hibrido
TECH_02691,2023,Sudeste,RJ,Engenheira(o) de Dados,Data & AI,Junior,1,Masculino,1.9,5754,Hibrido
TECH_02692,2022,Sudeste,RJ,Cientista de Dados,Data & AI,Pleno,2,Masculino,4.5,9164,Remoto
TECH_02693,2022,Sul,PR,Engenheira(o) de Software,Software Engineering,Junior,1,Masculino,0.5,5200,Hibrido
TECH_02694,2022,Sudeste,MG,Engenheira(o) de Dados,Data & AI,Pleno,2,Masculino,3.4,8536,Hibrido
TECH_02695,2024,Sul,SC,Product Manager (PM),Product & Agile,Senior,3,Masculino,8.2,20178,Hibrido
TECH_02696,2022,Sudeste,SP,Product Manager (PM),Product & Agile,Pleno,2,Masculino,2.6,7735,Remoto
TECH_02697,2022,Centro-Oeste,GO,Especialista em Ciberseguranca,Security,Pleno,2,Feminino,3.3,8031,Remoto
TECH_02698,2024,Sul,SC,Engenheira(o) de Dados,Data & AI,Junior,1,Masculino,0.5,6005,Hibrido
TECH_02699,2022,Sul,SC,Especialista em Ciberseguranca,Security,Pleno,2,Masculino,3.4,9947,Remoto
TECH_02700,2023,Sudeste,MG,Engenheira(o) de Software,Software Engineering,Junior,1,Masculino,3.5,5492,Remoto
TECH_02701,2024,Sudeste,RJ,Engenheira(o) de Software,Software Engineering,Junior,1,Feminino,0.5,4580,Hibrido
TECH_02702,2021,Sul,RS,DevOps & Cloud Specialist,Cloud & Infrastructure,Senior,3,Masculino,5.7,16499,Hibrido
TECH_02703,2022,Sudeste,SP,Tech Lead / Engineering Manager,Leadership & Management,Diretoria / C-Level,5,Masculino,15.2,49700,Presencial
TECH_02704,2023,Sudeste,RJ,Engenheira(o) de Software,Software Engineering,Junior,1,Feminino,0.6,5039,Remoto
TECH_02705,2023,Sul,PR,Tech Lead / Engineering Manager,Leadership & Management,Junior,1,Masculino,1.8,4843,Hibrido
TECH_02706,2023,Sudeste,RJ,Analista de Dados / BI,Data & AI,Pleno,2,Feminino,2.3,7253,Presencial
TECH_02707,2024,Nordeste,BA,Tech Lead / Engineering Manager,Leadership & Management,Lead / Staff Specialist,4,Masculino,10.2,24262,Hibrido
TECH_02708,2023,Sul,RS,Engenheira(o) de Dados,Data & AI,Pleno,2,Masculino,5.9,8921,Remoto
TECH_02709,2021,Sul,SC,Especialista em Ciberseguranca,Security,Senior,3,Masculino,6.1,13569,Presencial
TECH_02710,2021,Sul,RS,Cientista de Dados,Data & AI,Lead / Staff Specialist,4,Masculino,9.5,22448,Remoto
TECH_02711,2023,Sudeste,SP,Engenheira(o) de Dados,Data & AI,Pleno,2,Feminino,4.6,7696,Remoto
TECH_02712,2024,Centro-Oeste,GO,DevOps & Cloud Specialist,Cloud & Infrastructure,Senior,3,Masculino,6.5,23849,Hibrido
TECH_02713,2022,Sudeste,MG,Analista de Dados / BI,Data & AI,Lead / Staff Specialist,4,Masculino,13.9,20848,Remoto
TECH_02714,2023,Norte,AM,DevOps & Cloud Specialist,Cloud & Infrastructure,Junior,1,Masculino,3.3,4950,Hibrido
TECH_02715,2024,Sudeste,MG,Cientista de Dados,Data & AI,Pleno,2,Masculino,3.6,9269,Presencial
TECH_02716,2022,Nordeste,BA,DevOps & Cloud Specialist,Cloud & Infrastructure,Junior,1,Masculino,1.0,5125,Remoto
TECH_02717,2022,Sudeste,RJ,Analista de Dados / BI,Data & AI,Pleno,2,Masculino,4.3,10605,Hibrido
TECH_02718,2023,Sudeste,SP,DevOps & Cloud Specialist,Cloud & Infrastructure,Senior,3,Masculino,7.2,17292,Remoto
TECH_02719,2022,Sudeste,RJ,Engenheira(o) de Software,Software Engineering,Senior,3,Masculino,8.2,21324,Remoto
TECH_02720,2022,Sul,PR,Product Manager (PM),Product & Agile,Junior,1,Masculino,2.1,5359,Hibrido
TECH_02721,2023,Sudeste,MG,Especialista em Ciberseguranca,Security,Junior,1,Feminino,1.6,4626,Remoto
TECH_02722,2021,Nordeste,BA,Product Manager (PM),Product & Agile,Pleno,2,Masculino,4.3,9067,Presencial
TECH_02723,2023,Sudeste,MG,Analista de Dados / BI,Data & AI,Senior,3,Masculino,4.6,20320,Remoto
TECH_02724,2021,Norte,PA,Engenheira(o) de Software,Software Engineering,Junior,1,Masculino,0.5,4899,Remoto
TECH_02725,2023,Sudeste,SP,Analista de Dados / BI,Data & AI,Lead / Staff Specialist,4,Masculino,9.6,22873,Hibrido
TECH_02726,2023,Sudeste,MG,Tech Lead / Engineering Manager,Leadership & Management,Junior,1,Feminino,2.4,4248,Hibrido
TECH_02727,2024,Centro-Oeste,DF,DevOps & Cloud Specialist,Cloud & Infrastructure,Senior,3,Feminino,5.8,15908,Remoto
TECH_02728,2023,Sudeste,MG,Product Manager (PM),Product & Agile,Pleno,2,Feminino,4.2,8391,Hibrido
TECH_02729,2022,Sudeste,SP,Engenheira(o) de Dados,Data & AI,Junior,1,Feminino,1.1,4168,Remoto
TECH_02730,2022,Nordeste,CE,Especialista em Ciberseguranca,Security,Senior,3,Masculino,7.8,17698,Remoto
TECH_02731,2022,Sudeste,RJ,Engenheira(o) de Dados,Data & AI,Pleno,2,Masculino,4.6,8742,Hibrido
TECH_02732,2022,Sudeste,RJ,Engenheira(o) de Dados,Data & AI,Senior,3,Masculino,6.6,17214,Presencial
TECH_02733,2021,Sudeste,SP,Especialista em Ciberseguranca,Security,Pleno,2,Masculino,3.9,8946,Presencial
TECH_02734,2023,Nordeste,PE,Product Manager (PM),Product & Agile,Senior,3,Masculino,7.0,18102,Remoto
TECH_02735,2024,Sudeste,MG,Especialista em Ciberseguranca,Security,Senior,3,Masculino,7.6,19889,Hibrido
TECH_02736,2024,Nordeste,CE,Engenheira(o) de Software,Software Engineering,Senior,3,Masculino,5.5,18241,Remoto
TECH_02737,2023,Centro-Oeste,GO,DevOps & Cloud Specialist,Cloud & Infrastructure,Junior,1,Masculino,0.6,5625,Remoto
TECH_02738,2023,Sudeste,MG,DevOps & Cloud Specialist,Cloud & Infrastructure,Lead / Staff Specialist,4,Masculino,9.4,22681,Remoto
TECH_02739,2021,Nordeste,PE,Especialista em Ciberseguranca,Security,Senior,3,Masculino,6.8,17345,Hibrido
TECH_02740,2023,Sul,RS,Tech Lead / Engineering Manager,Leadership & Management,Junior,1,Masculino,3.3,5595,Hibrido
TECH_02741,2024,Sudeste,RJ,DevOps & Cloud Specialist,Cloud & Infrastructure,Pleno,2,Feminino,4.3,11179,Remoto
TECH_02742,2024,Centro-Oeste,GO,Analista de Dados / BI,Data & AI,Pleno,2,Feminino,3.8,9729,Remoto
TECH_02743,2023,Sudeste,RJ,Engenheira(o) de Software,Software Engineering,Junior,1,Feminino,1.4,5268,Hibrido
TECH_02744,2023,Sudeste,MG,DevOps & Cloud Specialist,Cloud & Infrastructure,Senior,3,Masculino,8.2,22173,Remoto
TECH_02745,2022,Sul,SC,Tech Lead / Engineering Manager,Leadership & Management,Senior,3,Feminino,7.2,13712,Remoto
TECH_02746,2023,Sudeste,SP,Analista de Dados / BI,Data & AI,Lead / Staff Specialist,4,Masculino,9.8,19611,Remoto
TECH_02747,2022,Centro-Oeste,GO,DevOps & Cloud Specialist,Cloud & Infrastructure,Pleno,2,Masculino,4.7,10412,Remoto
TECH_02748,2023,Nordeste,BA,Cientista de Dados,Data & AI,Pleno,2,Masculino,4.3,9694,Remoto
TECH_02749,2023,Nordeste,BA,Product Manager (PM),Product & Agile,Junior,1,Feminino,0.5,5078,Hibrido
TECH_02750,2024,Sudeste,SP,Cientista de Dados,Data & AI,Junior,1,Masculino,1.0,6586,Hibrido
TECH_02751,2022,Nordeste,CE,DevOps & Cloud Specialist,Cloud & Infrastructure,Senior,3,Masculino,6.8,18603,Hibrido
TECH_02752,2023,Norte,PA,DevOps & Cloud Specialist,Cloud & Infrastructure,Senior,3,Masculino,6.4,18038,Remoto
TECH_02753,2022,Sudeste,SP,Cientista de Dados,Data & AI,Pleno,2,Masculino,3.9,9862,Remoto
TECH_02754,2022,Sudeste,RJ,Especialista em Ciberseguranca,Security,Lead / Staff Specialist,4,Feminino,12.2,23654,Remoto
TECH_02755,2023,Norte,PA,Engenheira(o) de Software,Software Engineering,Junior,1,Feminino,0.5,4399,Remoto
TECH_02756,2023,Nordeste,BA,Tech Lead / Engineering Manager,Leadership & Management,Junior,1,Masculino,1.0,5680,Remoto
TECH_02757,2024,Sudeste,MG,Engenheira(o) de Dados,Data & AI,Pleno,2,Feminino,3.6,8264,Hibrido
TECH_02758,2024,Norte,PA,Tech Lead / Engineering Manager,Leadership & Management,Junior,1,Masculino,0.5,5928,Remoto
TECH_02759,2022,Sudeste,RJ,Analista de Dados / BI,Data & AI,Diretoria / C-Level,5,Masculino,15.9,38244,Hibrido
TECH_02760,2022,Sudeste,MG,Engenheira(o) de Software,Software Engineering,Pleno,2,Masculino,0.9,8546,Remoto
TECH_02761,2023,Sul,PR,Especialista em Ciberseguranca,Security,Pleno,2,Masculino,6.0,11499,Hibrido
TECH_02762,2021,Norte,PA,DevOps & Cloud Specialist,Cloud & Infrastructure,Pleno,2,Feminino,4.1,7839,Remoto
TECH_02763,2024,Sudeste,MG,DevOps & Cloud Specialist,Cloud & Infrastructure,Junior,1,Feminino,0.5,4998,Remoto
TECH_02764,2024,Sudeste,RJ,Engenheira(o) de Software,Software Engineering,Junior,1,Masculino,2.4,5199,Remoto
TECH_02765,2023,Sudeste,SP,DevOps & Cloud Specialist,Cloud & Infrastructure,Pleno,2,Masculino,2.5,12103,Remoto
TECH_02766,2023,Sudeste,SP,Product Manager (PM),Product & Agile,Junior,1,Masculino,0.5,6019,Hibrido
TECH_02767,2022,Sudeste,SP,Engenheira(o) de Software,Software Engineering,Junior,1,Masculino,4.0,5135,Remoto
TECH_02768,2023,Sudeste,SP,Engenheira(o) de Dados,Data & AI,Diretoria / C-Level,5,Masculino,13.1,47523,Remoto
TECH_02769,2022,Sudeste,MG,Engenheira(o) de Dados,Data & AI,Lead / Staff Specialist,4,Masculino,11.3,21376,Presencial
TECH_02770,2023,Nordeste,PE,Engenheira(o) de Dados,Data & AI,Senior,3,Feminino,8.2,13425,Remoto
TECH_02771,2024,Sudeste,RJ,Product Manager (PM),Product & Agile,Senior,3,Masculino,6.7,19094,Hibrido
TECH_02772,2024,Sul,RS,Engenheira(o) de Software,Software Engineering,Junior,1,Masculino,1.3,5998,Hibrido
TECH_02773,2023,Sul,PR,DevOps & Cloud Specialist,Cloud & Infrastructure,Junior,1,Masculino,0.7,4765,Hibrido
TECH_02774,2021,Sul,PR,Engenheira(o) de Dados,Data & AI,Pleno,2,Feminino,5.0,8829,Presencial
TECH_02775,2024,Sudeste,SP,Analista de Dados / BI,Data & AI,Pleno,2,Masculino,5.0,11038,Presencial
TECH_02776,2022,Sudeste,MG,Cientista de Dados,Data & AI,Junior,1,Masculino,6.2,6261,Presencial
TECH_02777,2022,Sudeste,SP,DevOps & Cloud Specialist,Cloud & Infrastructure,Senior,3,Masculino,7.9,19922,Hibrido
TECH_02778,2023,Sudeste,SP,Cientista de Dados,Data & AI,Senior,3,Masculino,7.3,16005,Hibrido
TECH_02779,2024,Nordeste,BA,DevOps & Cloud Specialist,Cloud & Infrastructure,Pleno,2,Masculino,3.4,9102,Hibrido
TECH_02780,2022,Centro-Oeste,DF,Tech Lead / Engineering Manager,Leadership & Management,Pleno,2,Masculino,2.7,9884,Remoto
TECH_02781,2024,Centro-Oeste,GO,Especialista em Ciberseguranca,Security,Pleno,2,Masculino,5.3,8730,Remoto
TECH_02782,2023,Nordeste,CE,DevOps & Cloud Specialist,Cloud & Infrastructure,Junior,1,Masculino,3.2,6023,Hibrido
TECH_02783,2023,Sudeste,MG,Analista de Dados / BI,Data & AI,Pleno,2,Masculino,1.6,9310,Hibrido
TECH_02784,2022,Sudeste,MG,Engenheira(o) de Dados,Data & AI,Junior,1,Masculino,2.7,4718,Remoto
TECH_02785,2023,Sul,PR,Engenheira(o) de Dados,Data & AI,Junior,1,Masculino,0.7,4908,Hibrido
TECH_02786,2023,Sudeste,RJ,Analista de Dados / BI,Data & AI,Junior,1,Masculino,2.0,5609,Remoto
TECH_02787,2023,Sudeste,RJ,Analista de Dados / BI,Data & AI,Pleno,2,Masculino,3.5,9766,Remoto
TECH_02788,2024,Sudeste,RJ,Engenheira(o) de Dados,Data & AI,Pleno,2,Masculino,5.0,11897,Remoto
TECH_02789,2024,Sul,SC,Cientista de Dados,Data & AI,Junior,1,Feminino,2.0,5372,Remoto
TECH_02790,2024,Sul,RS,Cientista de Dados,Data & AI,Junior,1,Masculino,1.3,6226,Remoto
TECH_02791,2022,Centro-Oeste,DF,Especialista em Ciberseguranca,Security,Pleno,2,Masculino,3.3,8033,Hibrido
TECH_02792,2024,Sudeste,SP,Engenheira(o) de Dados,Data & AI,Pleno,2,Masculino,4.2,10729,Remoto
TECH_02793,2023,Sudeste,SP,Engenheira(o) de Dados,Data & AI,Junior,1,Masculino,2.2,5263,Hibrido
TECH_02794,2022,Norte,AM,Product Manager (PM),Product & Agile,Senior,3,Masculino,6.0,17053,Remoto
TECH_02795,2021,Sul,SC,Especialista em Ciberseguranca,Security,Junior,1,Feminino,0.5,4252,Remoto
TECH_02796,2023,Sudeste,RJ,Cientista de Dados,Data & AI,Pleno,2,Masculino,3.3,8360,Hibrido
TECH_02797,2023,Centro-Oeste,DF,Especialista em Ciberseguranca,Security,Pleno,2,Feminino,3.3,9175,Remoto
TECH_02798,2023,Sul,RS,Engenheira(o) de Software,Software Engineering,Lead / Staff Specialist,4,Masculino,11.4,24218,Remoto
TECH_02799,2023,Nordeste,BA,Tech Lead / Engineering Manager,Leadership & Management,Lead / Staff Specialist,4,Feminino,10.3,20991,Remoto
TECH_02800,2021,Nordeste,BA,Engenheira(o) de Dados,Data & AI,Lead / Staff Specialist,4,Feminino,10.7,19007,Remoto
TECH_02801,2023,Nordeste,BA,Engenheira(o) de Software,Software Engineering,Pleno,2,Masculino,5.0,11627,Remoto
TECH_02802,2024,Sul,SC,Engenheira(o) de Dados,Data & AI,Senior,3,Masculino,7.5,17906,Hibrido
TECH_02803,2023,Norte,AM,Cientista de Dados,Data & AI,Junior,1,Masculino,0.5,5788,Hibrido
TECH_02804,2022,Sudeste,RJ,Analista de Dados / BI,Data & AI,Pleno,2,Masculino,3.7,9624,Hibrido
TECH_02805,2024,Sul,RS,DevOps & Cloud Specialist,Cloud & Infrastructure,Pleno,2,Feminino,3.4,9925,Hibrido
TECH_02806,2023,Sul,PR,Engenheira(o) de Dados,Data & AI,Junior,1,Masculino,1.1,4872,Remoto
TECH_02807,2024,Sudeste,RJ,Engenheira(o) de Software,Software Engineering,Junior,1,Masculino,2.1,5346,Hibrido
TECH_02808,2024,Sudeste,RJ,DevOps & Cloud Specialist,Cloud & Infrastructure,Lead / Staff Specialist,4,Masculino,9.6,27049,Hibrido
TECH_02809,2023,Sudeste,RJ,Engenheira(o) de Dados,Data & AI,Junior,1,Masculino,1.5,5323,Remoto
TECH_02810,2022,Nordeste,BA,Especialista em Ciberseguranca,Security,Pleno,2,Masculino,5.5,10328,Remoto
TECH_02811,2022,Sudeste,MG,Tech Lead / Engineering Manager,Leadership & Management,Senior,3,Masculino,7.2,18470,Remoto
TECH_02812,2023,Sudeste,RJ,Cientista de Dados,Data & AI,Senior,3,Masculino,7.0,22238,Remoto
TECH_02813,2021,Sul,RS,Cientista de Dados,Data & AI,Junior,1,Feminino,2.1,4589,Hibrido
TECH_02814,2021,Sul,SC,Cientista de Dados,Data & AI,Pleno,2,Masculino,3.2,9609,Hibrido
TECH_02815,2021,Sul,SC,Engenheira(o) de Dados,Data & AI,Junior,1,Masculino,1.2,4226,Remoto
TECH_02816,2024,Sudeste,SP,Engenheira(o) de Dados,Data & AI,Pleno,2,Masculino,4.4,10998,Remoto
TECH_02817,2024,Sudeste,SP,Engenheira(o) de Software,Software Engineering,Junior,1,Masculino,2.9,6400,Remoto
TECH_02818,2023,Sudeste,MG,Product Manager (PM),Product & Agile,Pleno,2,Masculino,3.9,8979,Hibrido
TECH_02819,2023,Nordeste,BA,Cientista de Dados,Data & AI,Senior,3,Masculino,7.0,20753,Hibrido
TECH_02820,2022,Centro-Oeste,DF,Engenheira(o) de Dados,Data & AI,Senior,3,Masculino,7.3,16569,Remoto
TECH_02821,2024,Sudeste,RJ,Analista de Dados / BI,Data & AI,Pleno,2,Masculino,4.6,10102,Hibrido
TECH_02822,2022,Nordeste,BA,Tech Lead / Engineering Manager,Leadership & Management,Senior,3,Masculino,8.8,18695,Remoto
TECH_02823,2022,Sudeste,SP,Cientista de Dados,Data & AI,Lead / Staff Specialist,4,Masculino,11.8,22130,Hibrido
TECH_02824,2024,Sudeste,MG,DevOps & Cloud Specialist,Cloud & Infrastructure,Pleno,2,Feminino,4.2,10488,Hibrido
TECH_02825,2022,Sul,RS,Engenheira(o) de Dados,Data & AI,Junior,1,Masculino,2.6,5195,Remoto
TECH_02826,2024,Norte,PA,Cientista de Dados,Data & AI,Senior,3,Masculino,9.7,19876,Hibrido
TECH_02827,2022,Norte,PA,Tech Lead / Engineering Manager,Leadership & Management,Diretoria / C-Level,5,Masculino,14.8,43530,Hibrido
TECH_02828,2021,Sudeste,MG,Analista de Dados / BI,Data & AI,Lead / Staff Specialist,4,Masculino,9.6,20454,Hibrido
TECH_02829,2023,Norte,AM,Especialista em Ciberseguranca,Security,Pleno,2,Masculino,4.2,11814,Remoto
TECH_02830,2022,Nordeste,CE,Especialista em Ciberseguranca,Security,Junior,1,Feminino,2.3,5218,Hibrido
TECH_02831,2024,Sudeste,SP,Cientista de Dados,Data & AI,Junior,1,Masculino,3.4,5355,Remoto
TECH_02832,2022,Sudeste,RJ,Engenheira(o) de Software,Software Engineering,Senior,3,Feminino,9.4,13261,Remoto
TECH_02833,2023,Sudeste,RJ,Engenheira(o) de Software,Software Engineering,Junior,1,Masculino,0.5,5004,Remoto
TECH_02834,2023,Nordeste,CE,Engenheira(o) de Dados,Data & AI,Junior,1,Masculino,1.8,5466,Hibrido
TECH_02835,2021,Sudeste,MG,Engenheira(o) de Software,Software Engineering,Junior,1,Masculino,0.8,5322,Hibrido
TECH_02836,2022,Sudeste,MG,Product Manager (PM),Product & Agile,Pleno,2,Feminino,4.8,8363,Hibrido
TECH_02837,2024,Nordeste,PE,Cientista de Dados,Data & AI,Junior,1,Masculino,0.9,6106,Hibrido
TECH_02838,2023,Sudeste,RJ,DevOps & Cloud Specialist,Cloud & Infrastructure,Diretoria / C-Level,5,Masculino,14.1,34838,Remoto
TECH_02839,2022,Nordeste,BA,Product Manager (PM),Product & Agile,Junior,1,Masculino,2.1,5387,Hibrido
TECH_02840,2024,Sudeste,MG,Product Manager (PM),Product & Agile,Pleno,2,Masculino,3.8,12217,Remoto
TECH_02841,2022,Sudeste,SP,Engenheira(o) de Dados,Data & AI,Pleno,2,Masculino,6.6,9846,Hibrido
TECH_02842,2023,Centro-Oeste,DF,Tech Lead / Engineering Manager,Leadership & Management,Diretoria / C-Level,5,Masculino,13.8,45450,Hibrido
TECH_02843,2024,Centro-Oeste,GO,Tech Lead / Engineering Manager,Leadership & Management,Pleno,2,Feminino,5.4,8719,Remoto
TECH_02844,2023,Sul,SC,Product Manager (PM),Product & Agile,Lead / Staff Specialist,4,Masculino,11.0,29325,Hibrido
TECH_02845,2022,Sudeste,RJ,Product Manager (PM),Product & Agile,Senior,3,Masculino,4.8,16441,Hibrido
TECH_02846,2021,Sudeste,RJ,Tech Lead / Engineering Manager,Leadership & Management,Pleno,2,Masculino,4.1,9534,Hibrido
TECH_02847,2023,Sul,PR,Tech Lead / Engineering Manager,Leadership & Management,Pleno,2,Masculino,4.2,11752,Hibrido
TECH_02848,2024,Sudeste,SP,Engenheira(o) de Dados,Data & AI,Pleno,2,Masculino,5.3,11536,Hibrido
TECH_02849,2021,Sul,SC,Tech Lead / Engineering Manager,Leadership & Management,Pleno,2,Masculino,5.0,10228,Presencial
TECH_02850,2022,Sudeste,SP,Especialista em Ciberseguranca,Security,Diretoria / C-Level,5,Masculino,14.1,37120,Remoto
TECH_02851,2024,Sudeste,SP,Cientista de Dados,Data & AI,Junior,1,Masculino,0.5,6407,Hibrido
TECH_02852,2021,Sudeste,SP,Tech Lead / Engineering Manager,Leadership & Management,Pleno,2,Feminino,4.0,9242,Remoto
TECH_02853,2023,Centro-Oeste,DF,Engenheira(o) de Software,Software Engineering,Pleno,2,Masculino,5.7,10120,Remoto
TECH_02854,2024,Sul,SC,Engenheira(o) de Software,Software Engineering,Pleno,2,Masculino,4.0,9220,Hibrido
TECH_02855,2021,Sudeste,MG,Cientista de Dados,Data & AI,Junior,1,Masculino,1.0,4772,Remoto
TECH_02856,2022,Sudeste,RJ,Especialista em Ciberseguranca,Security,Pleno,2,Masculino,3.7,8702,Hibrido
TECH_02857,2021,Sul,PR,Especialista em Ciberseguranca,Security,Junior,1,Masculino,2.2,3676,Remoto
TECH_02858,2023,Sudeste,RJ,Engenheira(o) de Software,Software Engineering,Junior,1,Masculino,1.1,5097,Remoto
TECH_02859,2021,Centro-Oeste,DF,Cientista de Dados,Data & AI,Lead / Staff Specialist,4,Masculino,10.7,25730,Remoto
TECH_02860,2023,Sudeste,RJ,Product Manager (PM),Product & Agile,Lead / Staff Specialist,4,Masculino,11.2,25628,Presencial
TECH_02861,2023,Centro-Oeste,DF,Tech Lead / Engineering Manager,Leadership & Management,Junior,1,Feminino,1.1,4085,Remoto
TECH_02862,2023,Sudeste,MG,DevOps & Cloud Specialist,Cloud & Infrastructure,Senior,3,Feminino,7.8,14333,Presencial
TECH_02863,2023,Norte,PA,Engenheira(o) de Dados,Data & AI,Lead / Staff Specialist,4,Masculino,10.8,27308,Remoto
TECH_02864,2024,Sul,RS,Analista de Dados / BI,Data & AI,Lead / Staff Specialist,4,Masculino,9.2,29909,Remoto
TECH_02865,2024,Sudeste,MG,DevOps & Cloud Specialist,Cloud & Infrastructure,Junior,1,Masculino,0.8,5432,Hibrido
TECH_02866,2021,Sul,SC,Product Manager (PM),Product & Agile,Pleno,2,Feminino,5.0,7881,Hibrido
TECH_02867,2024,Sudeste,RJ,Analista de Dados / BI,Data & AI,Junior,1,Masculino,1.9,4666,Hibrido
TECH_02868,2024,Sudeste,SP,Engenheira(o) de Software,Software Engineering,Junior,1,Feminino,0.5,5917,Remoto
TECH_02869,2021,Sudeste,SP,Especialista em Ciberseguranca,Security,Senior,3,Masculino,7.7,17451,Hibrido
TECH_02870,2022,Sul,SC,Product Manager (PM),Product & Agile,Senior,3,Masculino,6.5,19655,Remoto
TECH_02871,2023,Sudeste,SP,Product Manager (PM),Product & Agile,Lead / Staff Specialist,4,Masculino,11.0,28265,Remoto
TECH_02872,2021,Norte,PA,Tech Lead / Engineering Manager,Leadership & Management,Pleno,2,Feminino,3.0,7480,Hibrido
TECH_02873,2024,Sul,PR,Analista de Dados / BI,Data & AI,Junior,1,Masculino,1.6,6171,Hibrido
TECH_02874,2022,Sul,PR,DevOps & Cloud Specialist,Cloud & Infrastructure,Pleno,2,Masculino,5.9,10124,Remoto
TECH_02875,2023,Nordeste,PE,Engenheira(o) de Dados,Data & AI,Pleno,2,Masculino,4.8,9458,Hibrido
TECH_02876,2023,Sudeste,MG,Cientista de Dados,Data & AI,Pleno,2,Masculino,5.1,9811,Remoto
TECH_02877,2021,Nordeste,PE,Analista de Dados / BI,Data & AI,Senior,3,Masculino,7.7,16209,Remoto
TECH_02878,2024,Nordeste,PE,Tech Lead / Engineering Manager,Leadership & Management,Senior,3,Masculino,8.5,19093,Remoto
TECH_02879,2021,Sudeste,SP,Tech Lead / Engineering Manager,Leadership & Management,Junior,1,Masculino,0.5,5025,Hibrido
TECH_02880,2023,Sul,PR,Especialista em Ciberseguranca,Security,Senior,3,Masculino,7.2,17415,Hibrido
TECH_02881,2023,Sudeste,SP,Cientista de Dados,Data & AI,Pleno,2,Masculino,5.2,9889,Presencial
TECH_02882,2022,Sul,SC,Especialista em Ciberseguranca,Security,Diretoria / C-Level,5,Feminino,11.8,31946,Hibrido
TECH_02883,2022,Sudeste,RJ,Product Manager (PM),Product & Agile,Junior,1,Masculino,0.5,4670,Remoto
TECH_02884,2021,Sul,SC,Especialista em Ciberseguranca,Security,Pleno,2,Feminino,4.9,9321,Remoto
TECH_02885,2022,Sudeste,RJ,Engenheira(o) de Dados,Data & AI,Junior,1,Feminino,3.9,4132,Presencial
TECH_02886,2023,Sul,SC,Engenheira(o) de Software,Software Engineering,Junior,1,Masculino,3.4,5742,Hibrido
TECH_02887,2022,Sudeste,SP,Engenheira(o) de Dados,Data & AI,Pleno,2,Feminino,1.9,9131,Hibrido
TECH_02888,2022,Sul,PR,Tech Lead / Engineering Manager,Leadership & Management,Diretoria / C-Level,5,Masculino,9.6,44792,Remoto
TECH_02889,2021,Sudeste,SP,Engenheira(o) de Software,Software Engineering,Senior,3,Masculino,7.7,15829,Hibrido
TECH_02890,2024,Sul,RS,Analista de Dados / BI,Data & AI,Junior,1,Masculino,1.8,4830,Remoto
TECH_02891,2024,Sul,RS,Product Manager (PM),Product & Agile,Junior,1,Masculino,0.5,6141,Remoto
TECH_02892,2023,Nordeste,PE,Product Manager (PM),Product & Agile,Senior,3,Feminino,8.2,13623,Hibrido
TECH_02893,2022,Sudeste,RJ,Engenheira(o) de Software,Software Engineering,Pleno,2,Masculino,4.1,10784,Remoto
TECH_02894,2022,Sudeste,MG,Engenheira(o) de Dados,Data & AI,Lead / Staff Specialist,4,Masculino,11.6,29031,Remoto
TECH_02895,2022,Norte,PA,Engenheira(o) de Dados,Data & AI,Pleno,2,Masculino,4.5,11964,Hibrido
TECH_02896,2023,Centro-Oeste,DF,Especialista em Ciberseguranca,Security,Pleno,2,Masculino,3.4,10772,Remoto
TECH_02897,2024,Sudeste,RJ,Tech Lead / Engineering Manager,Leadership & Management,Junior,1,Masculino,1.4,6620,Remoto
TECH_02898,2021,Centro-Oeste,GO,Tech Lead / Engineering Manager,Leadership & Management,Senior,3,Masculino,8.6,16561,Hibrido
TECH_02899,2024,Sudeste,RJ,Analista de Dados / BI,Data & AI,Senior,3,Masculino,10.2,19292,Remoto
TECH_02900,2024,Sudeste,SP,DevOps & Cloud Specialist,Cloud & Infrastructure,Junior,1,Masculino,2.7,5302,Remoto
TECH_02901,2021,Sul,RS,Engenheira(o) de Dados,Data & AI,Pleno,2,Masculino,4.2,9364,Remoto
TECH_02902,2022,Nordeste,BA,Engenheira(o) de Dados,Data & AI,Junior,1,Feminino,0.8,4606,Remoto
TECH_02903,2024,Sul,RS,Analista de Dados / BI,Data & AI,Pleno,2,Masculino,2.6,10312,Presencial
TECH_02904,2023,Sudeste,MG,Cientista de Dados,Data & AI,Pleno,2,Feminino,4.8,7844,Remoto
TECH_02905,2022,Sudeste,RJ,Analista de Dados / BI,Data & AI,Senior,3,Masculino,8.6,19831,Presencial
TECH_02906,2021,Sudeste,RJ,Analista de Dados / BI,Data & AI,Pleno,2,Masculino,2.9,8003,Hibrido
TECH_02907,2022,Sul,PR,Engenheira(o) de Dados,Data & AI,Pleno,2,Feminino,4.4,8017,Remoto
TECH_02908,2023,Sudeste,MG,Engenheira(o) de Software,Software Engineering,Junior,1,Feminino,2.0,4395,Hibrido
TECH_02909,2021,Nordeste,PE,DevOps & Cloud Specialist,Cloud & Infrastructure,Junior,1,Masculino,1.7,5788,Presencial
TECH_02910,2024,Sul,SC,Product Manager (PM),Product & Agile,Junior,1,Feminino,1.6,4715,Hibrido
TECH_02911,2023,Sudeste,RJ,Cientista de Dados,Data & AI,Junior,1,Masculino,0.5,5085,Remoto
TECH_02912,2024,Sudeste,SP,Cientista de Dados,Data & AI,Senior,3,Masculino,4.9,22945,Remoto
TECH_02913,2024,Sul,RS,Analista de Dados / BI,Data & AI,Senior,3,Feminino,7.0,15744,Hibrido
TECH_02914,2024,Sul,SC,Product Manager (PM),Product & Agile,Junior,1,Masculino,4.2,5588,Remoto
TECH_02915,2022,Sudeste,SP,Cientista de Dados,Data & AI,Senior,3,Masculino,7.7,16438,Remoto
TECH_02916,2023,Nordeste,BA,DevOps & Cloud Specialist,Cloud & Infrastructure,Pleno,2,Feminino,4.4,9848,Remoto
TECH_02917,2023,Sudeste,MG,Analista de Dados / BI,Data & AI,Lead / Staff Specialist,4,Masculino,12.4,26710,Remoto
TECH_02918,2023,Centro-Oeste,DF,Cientista de Dados,Data & AI,Junior,1,Masculino,1.9,5535,Hibrido
TECH_02919,2024,Nordeste,CE,Cientista de Dados,Data & AI,Senior,3,Masculino,6.8,16748,Remoto
TECH_02920,2022,Sudeste,SP,DevOps & Cloud Specialist,Cloud & Infrastructure,Junior,1,Masculino,2.2,4900,Remoto
TECH_02921,2024,Nordeste,PE,DevOps & Cloud Specialist,Cloud & Infrastructure,Senior,3,Masculino,7.1,18903,Remoto
TECH_02922,2023,Centro-Oeste,DF,Tech Lead / Engineering Manager,Leadership & Management,Lead / Staff Specialist,4,Masculino,11.1,26491,Hibrido
TECH_02923,2023,Sul,PR,Cientista de Dados,Data & AI,Junior,1,Feminino,0.5,4955,Presencial
TECH_02924,2023,Sudeste,SP,Analista de Dados / BI,Data & AI,Pleno,2,Masculino,5.1,9169,Remoto
TECH_02925,2024,Sul,SC,Especialista em Ciberseguranca,Security,Senior,3,Masculino,7.4,18034,Remoto
TECH_02926,2023,Sudeste,SP,Analista de Dados / BI,Data & AI,Junior,1,Feminino,1.5,4981,Remoto
TECH_02927,2024,Sudeste,SP,Product Manager (PM),Product & Agile,Junior,1,Masculino,1.8,5483,Remoto
TECH_02928,2021,Sudeste,RJ,Cientista de Dados,Data & AI,Diretoria / C-Level,5,Masculino,13.0,44347,Hibrido
TECH_02929,2024,Sudeste,MG,DevOps & Cloud Specialist,Cloud & Infrastructure,Pleno,2,Feminino,5.7,8216,Hibrido
TECH_02930,2022,Sudeste,MG,Cientista de Dados,Data & AI,Pleno,2,Masculino,2.6,11213,Remoto
TECH_02931,2024,Norte,AM,Engenheira(o) de Dados,Data & AI,Junior,1,Masculino,1.7,5114,Hibrido
TECH_02932,2022,Sudeste,RJ,DevOps & Cloud Specialist,Cloud & Infrastructure,Senior,3,Feminino,8.3,13318,Hibrido
TECH_02933,2023,Norte,AM,Especialista em Ciberseguranca,Security,Pleno,2,Masculino,3.8,10668,Remoto
TECH_02934,2022,Sul,PR,Tech Lead / Engineering Manager,Leadership & Management,Junior,1,Masculino,0.5,5519,Remoto
TECH_02935,2023,Nordeste,PE,DevOps & Cloud Specialist,Cloud & Infrastructure,Junior,1,Masculino,0.5,5878,Remoto
TECH_02936,2021,Sudeste,RJ,Cientista de Dados,Data & AI,Pleno,2,Feminino,3.1,8608,Hibrido
TECH_02937,2022,Sudeste,MG,Cientista de Dados,Data & AI,Senior,3,Masculino,7.5,17990,Hibrido
TECH_02938,2023,Sul,SC,Engenheira(o) de Dados,Data & AI,Pleno,2,Masculino,2.9,11170,Hibrido
TECH_02939,2024,Centro-Oeste,DF,Tech Lead / Engineering Manager,Leadership & Management,Senior,3,Masculino,9.0,20765,Remoto
TECH_02940,2024,Sul,RS,Cientista de Dados,Data & AI,Pleno,2,Masculino,4.9,9985,Remoto
TECH_02941,2023,Sul,PR,Cientista de Dados,Data & AI,Senior,3,Masculino,7.7,19936,Hibrido
TECH_02942,2022,Nordeste,CE,Product Manager (PM),Product & Agile,Lead / Staff Specialist,4,Masculino,10.2,23727,Remoto
TECH_02943,2023,Sul,RS,Analista de Dados / BI,Data & AI,Junior,1,Masculino,3.0,5942,Presencial
TECH_02944,2024,Sudeste,SP,DevOps & Cloud Specialist,Cloud & Infrastructure,Senior,3,Masculino,6.7,15663,Hibrido
TECH_02945,2022,Sul,RS,Product Manager (PM),Product & Agile,Junior,1,Masculino,1.3,5940,Remoto
TECH_02946,2023,Centro-Oeste,GO,Engenheira(o) de Software,Software Engineering,Senior,3,Masculino,6.1,17605,Hibrido
TECH_02947,2024,Sudeste,MG,Cientista de Dados,Data & AI,Pleno,2,Masculino,5.8,8195,Remoto
TECH_02948,2024,Sudeste,RJ,DevOps & Cloud Specialist,Cloud & Infrastructure,Junior,1,Masculino,0.5,6353,Hibrido
TECH_02949,2024,Sudeste,RJ,Engenheira(o) de Dados,Data & AI,Junior,1,Masculino,1.4,5477,Hibrido
TECH_02950,2023,Sul,PR,Analista de Dados / BI,Data & AI,Junior,1,Masculino,1.5,5867,Remoto
TECH_02951,2023,Centro-Oeste,GO,Product Manager (PM),Product & Agile,Senior,3,Masculino,8.6,20892,Hibrido
TECH_02952,2023,Sul,RS,Especialista em Ciberseguranca,Security,Lead / Staff Specialist,4,Masculino,11.5,26099,Remoto
TECH_02953,2023,Sudeste,SP,Cientista de Dados,Data & AI,Lead / Staff Specialist,4,Masculino,9.5,26839,Remoto
TECH_02954,2024,Sul,SC,Analista de Dados / BI,Data & AI,Diretoria / C-Level,5,Masculino,16.8,42763,Remoto
TECH_02955,2023,Sul,RS,Engenheira(o) de Dados,Data & AI,Senior,3,Masculino,6.6,19298,Presencial
TECH_02956,2024,Sudeste,RJ,DevOps & Cloud Specialist,Cloud & Infrastructure,Pleno,2,Masculino,3.4,9949,Remoto
TECH_02957,2022,Sul,SC,Especialista em Ciberseguranca,Security,Senior,3,Feminino,5.0,14796,Remoto
TECH_02958,2023,Norte,PA,Engenheira(o) de Dados,Data & AI,Junior,1,Masculino,1.0,5239,Remoto
TECH_02959,2021,Sudeste,MG,Product Manager (PM),Product & Agile,Junior,1,Feminino,0.5,4741,Presencial
TECH_02960,2022,Nordeste,BA,DevOps & Cloud Specialist,Cloud & Infrastructure,Pleno,2,Masculino,4.5,10390,Presencial
TECH_02961,2023,Sul,RS,Especialista em Ciberseguranca,Security,Junior,1,Masculino,1.3,5471,Remoto
TECH_02962,2022,Centro-Oeste,DF,Analista de Dados / BI,Data & AI,Junior,1,Feminino,2.8,4247,Presencial
TECH_02963,2022,Sudeste,SP,Cientista de Dados,Data & AI,Junior,1,Feminino,2.6,4583,Presencial
TECH_02964,2021,Sudeste,SP,DevOps & Cloud Specialist,Cloud & Infrastructure,Lead / Staff Specialist,4,Masculino,10.8,21089,Remoto
TECH_02965,2024,Nordeste,CE,Cientista de Dados,Data & AI,Junior,1,Feminino,2.1,5120,Remoto
TECH_02966,2023,Centro-Oeste,DF,DevOps & Cloud Specialist,Cloud & Infrastructure,Pleno,2,Feminino,3.6,7482,Hibrido
TECH_02967,2024,Sul,SC,Cientista de Dados,Data & AI,Senior,3,Masculino,7.3,19806,Remoto
TECH_02968,2023,Sul,PR,Cientista de Dados,Data & AI,Junior,1,Masculino,0.5,4950,Hibrido
TECH_02969,2023,Sul,SC,Cientista de Dados,Data & AI,Junior,1,Feminino,0.5,5873,Remoto
TECH_02970,2024,Sudeste,MG,Cientista de Dados,Data & AI,Junior,1,Masculino,2.6,5470,Remoto
TECH_02971,2022,Sudeste,RJ,Engenheira(o) de Dados,Data & AI,Diretoria / C-Level,5,Masculino,14.7,49179,Remoto
TECH_02972,2022,Norte,PA,Engenheira(o) de Dados,Data & AI,Junior,1,Feminino,1.6,3928,Remoto
TECH_02973,2023,Sudeste,SP,DevOps & Cloud Specialist,Cloud & Infrastructure,Junior,1,Masculino,1.5,5825,Hibrido
TECH_02974,2022,Norte,PA,Engenheira(o) de Software,Software Engineering,Pleno,2,Masculino,3.4,10274,Remoto
TECH_02975,2023,Sudeste,SP,Cientista de Dados,Data & AI,Pleno,2,Masculino,4.0,11605,Hibrido
TECH_02976,2022,Sudeste,MG,Especialista em Ciberseguranca,Security,Junior,1,Masculino,4.2,5341,Presencial
TECH_02977,2023,Sul,PR,Especialista em Ciberseguranca,Security,Senior,3,Masculino,8.9,20160,Hibrido
TECH_02978,2023,Nordeste,CE,Engenheira(o) de Dados,Data & AI,Lead / Staff Specialist,4,Masculino,12.0,24711,Hibrido
TECH_02979,2022,Sudeste,SP,Cientista de Dados,Data & AI,Junior,1,Feminino,2.7,5320,Hibrido
TECH_02980,2024,Centro-Oeste,DF,DevOps & Cloud Specialist,Cloud & Infrastructure,Senior,3,Masculino,10.1,18393,Remoto
TECH_02981,2022,Sul,SC,Engenheira(o) de Software,Software Engineering,Pleno,2,Masculino,2.2,11145,Hibrido
TECH_02982,2022,Sul,RS,Engenheira(o) de Dados,Data & AI,Senior,3,Masculino,7.7,17103,Remoto
TECH_02983,2021,Sudeste,RJ,Product Manager (PM),Product & Agile,Senior,3,Masculino,6.8,15010,Hibrido
TECH_02984,2024,Sudeste,MG,Engenheira(o) de Dados,Data & AI,Senior,3,Masculino,6.6,18292,Remoto
TECH_02985,2024,Sul,SC,Engenheira(o) de Dados,Data & AI,Junior,1,Feminino,1.7,6376,Remoto
TECH_02986,2021,Sudeste,MG,Analista de Dados / BI,Data & AI,Junior,1,Feminino,0.5,3864,Remoto
TECH_02987,2024,Centro-Oeste,DF,Analista de Dados / BI,Data & AI,Diretoria / C-Level,5,Masculino,13.1,35747,Presencial
TECH_02988,2023,Sudeste,RJ,DevOps & Cloud Specialist,Cloud & Infrastructure,Junior,1,Masculino,0.6,4951,Remoto
TECH_02989,2024,Sudeste,MG,Engenheira(o) de Software,Software Engineering,Lead / Staff Specialist,4,Masculino,9.8,26665,Remoto
TECH_02990,2021,Sudeste,RJ,Especialista em Ciberseguranca,Security,Lead / Staff Specialist,4,Masculino,10.6,27080,Remoto
TECH_02991,2024,Sudeste,MG,Engenheira(o) de Dados,Data & AI,Junior,1,Masculino,3.0,6435,Remoto
TECH_02992,2023,Sul,SC,Cientista de Dados,Data & AI,Lead / Staff Specialist,4,Masculino,7.9,25540,Hibrido
TECH_02993,2022,Sudeste,SP,Engenheira(o) de Dados,Data & AI,Pleno,2,Masculino,3.4,9066,Remoto
TECH_02994,2024,Sul,SC,Analista de Dados / BI,Data & AI,Junior,1,Masculino,1.0,5143,Presencial
TECH_02995,2022,Sul,PR,Tech Lead / Engineering Manager,Leadership & Management,Lead / Staff Specialist,4,Masculino,11.8,20173,Hibrido
TECH_02996,2023,Sul,PR,Engenheira(o) de Dados,Data & AI,Pleno,2,Masculino,2.6,11142,Hibrido
TECH_02997,2024,Nordeste,BA,Tech Lead / Engineering Manager,Leadership & Management,Pleno,2,Feminino,3.6,8130,Presencial
TECH_02998,2024,Sudeste,SP,Tech Lead / Engineering Manager,Leadership & Management,Junior,1,Masculino,1.2,6451,Hibrido
TECH_02999,2022,Sul,PR,Especialista em Ciberseguranca,Security,Junior,1,Masculino,0.9,4684,Hibrido
TECH_03000,2023,Sudeste,SP,Analista de Dados / BI,Data & AI,Pleno,2,Masculino,3.7,10751,Hibrido
TECH_03001,2021,Sudeste,SP,Tech Lead / Engineering Manager,Leadership & Management,Diretoria / C-Level,5,Masculino,16.3,35978,Hibrido
TECH_03002,2022,Sudeste,SP,Analista de Dados / BI,Data & AI,Junior,1,Feminino,0.5,5320,Remoto
TECH_03003,2023,Sul,SC,Tech Lead / Engineering Manager,Leadership & Management,Lead / Staff Specialist,4,Masculino,10.0,22371,Remoto
TECH_03004,2021,Centro-Oeste,GO,Engenheira(o) de Software,Software Engineering,Lead / Staff Specialist,4,Masculino,9.4,24169,Remoto
TECH_03005,2021,Sudeste,RJ,DevOps & Cloud Specialist,Cloud & Infrastructure,Pleno,2,Masculino,3.0,9002,Remoto
TECH_03006,2022,Sul,RS,Product Manager (PM),Product & Agile,Junior,1,Feminino,1.8,4575,Hibrido
TECH_03007,2024,Nordeste,BA,Cientista de Dados,Data & AI,Pleno,2,Feminino,4.3,8378,Remoto
TECH_03008,2023,Sul,PR,Product Manager (PM),Product & Agile,Pleno,2,Masculino,4.3,10585,Presencial
TECH_03009,2022,Sudeste,MG,Analista de Dados / BI,Data & AI,Junior,1,Masculino,2.4,5807,Remoto
TECH_03010,2022,Nordeste,CE,Engenheira(o) de Dados,Data & AI,Junior,1,Masculino,3.7,4508,Remoto
TECH_03011,2023,Norte,PA,Engenheira(o) de Dados,Data & AI,Pleno,2,Feminino,5.3,8625,Hibrido
TECH_03012,2023,Centro-Oeste,GO,Engenheira(o) de Dados,Data & AI,Pleno,2,Masculino,3.2,10554,Presencial
TECH_03013,2024,Sudeste,RJ,Analista de Dados / BI,Data & AI,Senior,3,Masculino,7.2,18080,Remoto
TECH_03014,2023,Sudeste,SP,Cientista de Dados,Data & AI,Pleno,2,Masculino,4.6,11563,Remoto
TECH_03015,2021,Sudeste,RJ,Engenheira(o) de Dados,Data & AI,Pleno,2,Masculino,4.0,10119,Hibrido
TECH_03016,2024,Sudeste,MG,Product Manager (PM),Product & Agile,Pleno,2,Masculino,3.8,11167,Hibrido
TECH_03017,2023,Sudeste,SP,DevOps & Cloud Specialist,Cloud & Infrastructure,Junior,1,Masculino,0.7,6125,Hibrido
TECH_03018,2021,Sul,PR,Engenheira(o) de Dados,Data & AI,Senior,3,Masculino,6.9,19091,Hibrido
TECH_03019,2023,Nordeste,BA,Especialista em Ciberseguranca,Security,Pleno,2,Feminino,3.3,9124,Remoto
TECH_03020,2024,Sudeste,MG,Analista de Dados / BI,Data & AI,Diretoria / C-Level,5,Masculino,11.3,46822,Remoto
TECH_03021,2023,Sudeste,RJ,Engenheira(o) de Software,Software Engineering,Senior,3,Masculino,8.5,20863,Remoto
TECH_03022,2021,Sudeste,MG,DevOps & Cloud Specialist,Cloud & Infrastructure,Junior,1,Masculino,2.8,5074,Remoto
TECH_03023,2023,Sudeste,RJ,Product Manager (PM),Product & Agile,Junior,1,Masculino,1.5,5412,Remoto
TECH_03024,2022,Sul,PR,Engenheira(o) de Dados,Data & AI,Pleno,2,Masculino,3.5,9914,Hibrido
TECH_03025,2023,Sudeste,MG,Engenheira(o) de Dados,Data & AI,Lead / Staff Specialist,4,Feminino,11.1,24703,Presencial
TECH_03026,2024,Sul,RS,DevOps & Cloud Specialist,Cloud & Infrastructure,Pleno,2,Masculino,3.8,11356,Hibrido
TECH_03027,2023,Sudeste,RJ,Cientista de Dados,Data & AI,Senior,3,Masculino,7.3,16600,Remoto
TECH_03028,2024,Sudeste,SP,Especialista em Ciberseguranca,Security,Senior,3,Masculino,9.0,18070,Hibrido
TECH_03029,2021,Sudeste,MG,Product Manager (PM),Product & Agile,Pleno,2,Masculino,5.2,9663,Remoto
TECH_03030,2023,Sudeste,SP,DevOps & Cloud Specialist,Cloud & Infrastructure,Pleno,2,Masculino,2.4,11969,Remoto
TECH_03031,2021,Sul,RS,DevOps & Cloud Specialist,Cloud & Infrastructure,Pleno,2,Masculino,3.3,8952,Remoto
TECH_03032,2022,Norte,PA,Engenheira(o) de Dados,Data & AI,Pleno,2,Masculino,3.8,10606,Hibrido
TECH_03033,2021,Centro-Oeste,DF,Analista de Dados / BI,Data & AI,Pleno,2,Masculino,6.5,8347,Hibrido
TECH_03034,2024,Nordeste,BA,Engenheira(o) de Software,Software Engineering,Senior,3,Masculino,7.9,21511,Remoto
TECH_03035,2022,Sudeste,MG,Product Manager (PM),Product & Agile,Lead / Staff Specialist,4,Masculino,10.2,25980,Hibrido
TECH_03036,2023,Sul,RS,DevOps & Cloud Specialist,Cloud & Infrastructure,Junior,1,Feminino,0.5,4455,Remoto
TECH_03037,2024,Nordeste,PE,Engenheira(o) de Software,Software Engineering,Pleno,2,Masculino,4.4,11221,Hibrido
TECH_03038,2022,Sul,SC,DevOps & Cloud Specialist,Cloud & Infrastructure,Pleno,2,Masculino,3.8,9964,Hibrido
TECH_03039,2022,Sul,RS,Cientista de Dados,Data & AI,Lead / Staff Specialist,4,Masculino,11.3,22584,Remoto
TECH_03040,2022,Sul,RS,Analista de Dados / BI,Data & AI,Junior,1,Masculino,1.6,5789,Remoto
TECH_03041,2022,Sul,RS,Product Manager (PM),Product & Agile,Senior,3,Masculino,8.5,17387,Remoto
TECH_03042,2022,Sul,PR,Analista de Dados / BI,Data & AI,Junior,1,Masculino,0.5,4697,Hibrido
TECH_03043,2023,Sudeste,RJ,Engenheira(o) de Dados,Data & AI,Pleno,2,Masculino,3.7,9894,Remoto
TECH_03044,2023,Nordeste,CE,Cientista de Dados,Data & AI,Pleno,2,Masculino,1.5,12052,Hibrido
TECH_03045,2022,Sudeste,RJ,Especialista em Ciberseguranca,Security,Senior,3,Masculino,7.8,19127,Hibrido
TECH_03046,2022,Sudeste,SP,DevOps & Cloud Specialist,Cloud & Infrastructure,Junior,1,Feminino,0.7,4588,Hibrido
TECH_03047,2021,Sudeste,MG,Product Manager (PM),Product & Agile,Pleno,2,Masculino,2.2,9429,Remoto
TECH_03048,2023,Nordeste,BA,Especialista em Ciberseguranca,Security,Senior,3,Masculino,8.0,19997,Remoto
TECH_03049,2022,Sudeste,SP,Analista de Dados / BI,Data & AI,Senior,3,Masculino,6.9,13985,Remoto
TECH_03050,2024,Nordeste,PE,Tech Lead / Engineering Manager,Leadership & Management,Junior,1,Feminino,0.5,4795,Hibrido
TECH_03051,2022,Sul,SC,DevOps & Cloud Specialist,Cloud & Infrastructure,Pleno,2,Masculino,3.9,10241,Hibrido
TECH_03052,2022,Nordeste,CE,DevOps & Cloud Specialist,Cloud & Infrastructure,Senior,3,Masculino,8.7,19787,Remoto
TECH_03053,2022,Sudeste,MG,Engenheira(o) de Software,Software Engineering,Pleno,2,Masculino,5.3,10222,Remoto
TECH_03054,2023,Sudeste,MG,Especialista em Ciberseguranca,Security,Senior,3,Masculino,9.0,17471,Remoto
TECH_03055,2024,Sudeste,MG,Engenheira(o) de Software,Software Engineering,Senior,3,Masculino,10.0,21558,Presencial
TECH_03056,2023,Sul,RS,Cientista de Dados,Data & AI,Senior,3,Masculino,9.1,21829,Remoto
TECH_03057,2023,Sudeste,RJ,Product Manager (PM),Product & Agile,Lead / Staff Specialist,4,Masculino,8.4,27809,Hibrido
TECH_03058,2022,Sudeste,RJ,Analista de Dados / BI,Data & AI,Pleno,2,Masculino,3.7,8942,Remoto
TECH_03059,2023,Nordeste,PE,Product Manager (PM),Product & Agile,Pleno,2,Feminino,3.6,9652,Presencial
TECH_03060,2021,Norte,AM,Analista de Dados / BI,Data & AI,Junior,1,Masculino,2.4,3866,Hibrido
TECH_03061,2024,Nordeste,CE,Tech Lead / Engineering Manager,Leadership & Management,Senior,3,Masculino,8.7,19100,Remoto
TECH_03062,2024,Norte,AM,Engenheira(o) de Dados,Data & AI,Pleno,2,Masculino,2.8,8472,Hibrido
TECH_03063,2023,Norte,AM,Tech Lead / Engineering Manager,Leadership & Management,Pleno,2,Masculino,3.3,8007,Hibrido
TECH_03064,2024,Sudeste,MG,DevOps & Cloud Specialist,Cloud & Infrastructure,Diretoria / C-Level,5,Feminino,16.5,32333,Remoto
TECH_03065,2023,Sudeste,SP,Engenheira(o) de Software,Software Engineering,Senior,3,Feminino,8.8,12813,Remoto
TECH_03066,2022,Sudeste,SP,Analista de Dados / BI,Data & AI,Senior,3,Masculino,7.3,15477,Remoto
TECH_03067,2022,Sul,PR,Cientista de Dados,Data & AI,Lead / Staff Specialist,4,Masculino,11.1,25878,Hibrido
TECH_03068,2023,Sudeste,SP,Tech Lead / Engineering Manager,Leadership & Management,Pleno,2,Feminino,6.0,8537,Presencial
TECH_03069,2022,Sul,PR,Engenheira(o) de Dados,Data & AI,Junior,1,Feminino,1.4,4897,Hibrido
TECH_03070,2024,Nordeste,CE,Engenheira(o) de Dados,Data & AI,Pleno,2,Masculino,3.0,9660,Remoto
TECH_03071,2022,Nordeste,PE,Tech Lead / Engineering Manager,Leadership & Management,Senior,3,Masculino,5.1,18593,Hibrido
TECH_03072,2024,Sudeste,RJ,Analista de Dados / BI,Data & AI,Junior,1,Masculino,2.1,5108,Remoto
TECH_03073,2024,Sul,RS,Cientista de Dados,Data & AI,Junior,1,Masculino,2.3,6193,Remoto
TECH_03074,2023,Sudeste,RJ,Product Manager (PM),Product & Agile,Junior,1,Masculino,3.2,6433,Remoto
TECH_03075,2021,Sul,RS,Especialista em Ciberseguranca,Security,Junior,1,Masculino,0.5,4541,Hibrido
TECH_03076,2024,Sudeste,MG,Especialista em Ciberseguranca,Security,Pleno,2,Masculino,3.0,9003,Remoto
TECH_03077,2022,Sul,RS,Product Manager (PM),Product & Agile,Pleno,2,Masculino,4.0,9367,Remoto
TECH_03078,2024,Sudeste,SP,Engenheira(o) de Software,Software Engineering,Lead / Staff Specialist,4,Masculino,11.4,31631,Remoto
TECH_03079,2022,Sudeste,RJ,Product Manager (PM),Product & Agile,Junior,1,Masculino,0.9,3995,Hibrido
TECH_03080,2024,Sudeste,SP,Especialista em Ciberseguranca,Security,Junior,1,Feminino,0.5,5385,Remoto
TECH_03081,2024,Sul,SC,Tech Lead / Engineering Manager,Leadership & Management,Pleno,2,Feminino,5.7,9394,Hibrido
TECH_03082,2023,Nordeste,PE,Especialista em Ciberseguranca,Security,Senior,3,Masculino,6.4,17861,Remoto
TECH_03083,2024,Sudeste,RJ,Engenheira(o) de Software,Software Engineering,Senior,3,Masculino,6.5,18802,Remoto
TECH_03084,2022,Sul,PR,DevOps & Cloud Specialist,Cloud & Infrastructure,Junior,1,Masculino,1.4,4978,Hibrido
TECH_03085,2021,Sudeste,SP,Product Manager (PM),Product & Agile,Pleno,2,Feminino,3.8,7312,Remoto
TECH_03086,2023,Nordeste,BA,Cientista de Dados,Data & AI,Senior,3,Feminino,10.0,13556,Presencial
TECH_03087,2023,Sudeste,SP,Engenheira(o) de Dados,Data & AI,Pleno,2,Masculino,4.0,8845,Remoto
TECH_03088,2024,Sul,SC,DevOps & Cloud Specialist,Cloud & Infrastructure,Senior,3,Feminino,6.7,17031,Hibrido
TECH_03089,2023,Centro-Oeste,GO,Especialista em Ciberseguranca,Security,Junior,1,Masculino,2.2,5996,Presencial
TECH_03090,2024,Sul,PR,Engenheira(o) de Software,Software Engineering,Junior,1,Masculino,1.4,5782,Hibrido
TECH_03091,2024,Sul,PR,DevOps & Cloud Specialist,Cloud & Infrastructure,Junior,1,Masculino,1.0,4290,Remoto
TECH_03092,2023,Sul,SC,Engenheira(o) de Software,Software Engineering,Pleno,2,Masculino,4.6,10113,Remoto
TECH_03093,2023,Sudeste,MG,Product Manager (PM),Product & Agile,Junior,1,Masculino,1.5,5327,Hibrido
TECH_03094,2022,Nordeste,CE,Analista de Dados / BI,Data & AI,Senior,3,Masculino,6.6,16575,Remoto
TECH_03095,2021,Nordeste,PE,Engenheira(o) de Dados,Data & AI,Junior,1,Masculino,0.5,5042,Hibrido
TECH_03096,2022,Centro-Oeste,DF,Engenheira(o) de Software,Software Engineering,Lead / Staff Specialist,4,Feminino,10.5,18755,Presencial
TECH_03097,2024,Sul,RS,Especialista em Ciberseguranca,Security,Junior,1,Masculino,3.0,6075,Remoto
TECH_03098,2024,Sul,SC,Analista de Dados / BI,Data & AI,Junior,1,Masculino,1.6,6250,Hibrido
TECH_03099,2022,Sudeste,RJ,Product Manager (PM),Product & Agile,Senior,3,Masculino,6.9,15456,Hibrido
TECH_03100,2024,Sudeste,RJ,Engenheira(o) de Dados,Data & AI,Junior,1,Feminino,1.8,4888,Hibrido
TECH_03101,2023,Sul,SC,DevOps & Cloud Specialist,Cloud & Infrastructure,Pleno,2,Masculino,4.2,9797,Hibrido
TECH_03102,2022,Sul,PR,Engenheira(o) de Software,Software Engineering,Diretoria / C-Level,5,Masculino,12.9,39639,Hibrido
TECH_03103,2024,Sudeste,SP,Product Manager (PM),Product & Agile,Junior,1,Masculino,0.5,5239,Hibrido
TECH_03104,2021,Centro-Oeste,DF,DevOps & Cloud Specialist,Cloud & Infrastructure,Senior,3,Masculino,7.6,17614,Remoto
TECH_03105,2022,Nordeste,CE,Tech Lead / Engineering Manager,Leadership & Management,Junior,1,Masculino,2.7,4783,Remoto
TECH_03106,2023,Sudeste,SP,DevOps & Cloud Specialist,Cloud & Infrastructure,Pleno,2,Masculino,4.0,9535,Presencial
TECH_03107,2024,Sul,SC,Tech Lead / Engineering Manager,Leadership & Management,Junior,1,Masculino,1.1,4688,Remoto
TECH_03108,2022,Sudeste,RJ,Engenheira(o) de Software,Software Engineering,Pleno,2,Masculino,5.0,9179,Remoto
TECH_03109,2022,Sul,SC,DevOps & Cloud Specialist,Cloud & Infrastructure,Junior,1,Masculino,2.8,5142,Remoto
TECH_03110,2023,Sudeste,SP,Tech Lead / Engineering Manager,Leadership & Management,Junior,1,Masculino,1.5,5255,Remoto
TECH_03111,2023,Sudeste,MG,Cientista de Dados,Data & AI,Pleno,2,Feminino,2.0,7331,Hibrido
TECH_03112,2024,Sudeste,SP,Engenheira(o) de Dados,Data & AI,Senior,3,Feminino,8.9,17068,Remoto
TECH_03113,2023,Sudeste,RJ,Analista de Dados / BI,Data & AI,Senior,3,Masculino,9.4,16857,Remoto
TECH_03114,2022,Sul,PR,Tech Lead / Engineering Manager,Leadership & Management,Junior,1,Feminino,0.9,4959,Remoto
TECH_03115,2023,Sudeste,MG,DevOps & Cloud Specialist,Cloud & Infrastructure,Pleno,2,Masculino,5.5,10652,Hibrido
TECH_03116,2022,Sudeste,MG,Tech Lead / Engineering Manager,Leadership & Management,Lead / Staff Specialist,4,Masculino,10.5,22157,Remoto
TECH_03117,2024,Sudeste,SP,Analista de Dados / BI,Data & AI,Junior,1,Masculino,1.3,4683,Remoto
TECH_03118,2022,Sudeste,RJ,Product Manager (PM),Product & Agile,Senior,3,Masculino,6.5,19921,Hibrido
TECH_03119,2023,Sudeste,RJ,Engenheira(o) de Software,Software Engineering,Junior,1,Feminino,3.0,4466,Remoto
TECH_03120,2024,Sudeste,RJ,Analista de Dados / BI,Data & AI,Lead / Staff Specialist,4,Masculino,10.5,31155,Remoto
TECH_03121,2021,Nordeste,CE,Analista de Dados / BI,Data & AI,Junior,1,Masculino,2.7,4809,Remoto
TECH_03122,2023,Sudeste,MG,Especialista em Ciberseguranca,Security,Senior,3,Masculino,8.1,18543,Remoto
TECH_03123,2024,Nordeste,PE,Analista de Dados / BI,Data & AI,Junior,1,Masculino,1.2,6111,Remoto
TECH_03124,2022,Sudeste,MG,Especialista em Ciberseguranca,Security,Junior,1,Masculino,2.1,4383,Remoto
TECH_03125,2024,Sudeste,MG,DevOps & Cloud Specialist,Cloud & Infrastructure,Junior,1,Feminino,0.6,4709,Remoto
TECH_03126,2023,Sudeste,MG,Especialista em Ciberseguranca,Security,Pleno,2,Feminino,5.2,8107,Remoto
TECH_03127,2024,Sudeste,SP,Engenheira(o) de Software,Software Engineering,Diretoria / C-Level,5,Masculino,12.8,38966,Remoto
TECH_03128,2024,Sudeste,RJ,DevOps & Cloud Specialist,Cloud & Infrastructure,Senior,3,Masculino,8.3,19847,Hibrido
TECH_03129,2023,Sul,PR,Engenheira(o) de Dados,Data & AI,Senior,3,Masculino,6.5,17821,Remoto
TECH_03130,2024,Sudeste,SP,Tech Lead / Engineering Manager,Leadership & Management,Junior,1,Masculino,1.2,6266,Hibrido
TECH_03131,2023,Nordeste,PE,Product Manager (PM),Product & Agile,Pleno,2,Masculino,2.8,11655,Remoto
TECH_03132,2022,Sul,PR,Tech Lead / Engineering Manager,Leadership & Management,Pleno,2,Masculino,4.2,9022,Hibrido
TECH_03133,2022,Sudeste,MG,Engenheira(o) de Dados,Data & AI,Junior,1,Masculino,1.8,5474,Hibrido
TECH_03134,2023,Sul,PR,Analista de Dados / BI,Data & AI,Junior,1,Masculino,2.6,4870,Remoto
TECH_03135,2021,Sudeste,SP,DevOps & Cloud Specialist,Cloud & Infrastructure,Senior,3,Feminino,7.3,15628,Hibrido
TECH_03136,2021,Sudeste,RJ,Engenheira(o) de Dados,Data & AI,Junior,1,Masculino,2.1,4551,Remoto
TECH_03137,2021,Sul,SC,Engenheira(o) de Software,Software Engineering,Pleno,2,Feminino,4.8,8043,Remoto
TECH_03138,2021,Sudeste,SP,Analista de Dados / BI,Data & AI,Pleno,2,Masculino,5.3,7136,Remoto
TECH_03139,2022,Sul,RS,Product Manager (PM),Product & Agile,Junior,1,Masculino,2.8,5348,Remoto
TECH_03140,2023,Sudeste,SP,Especialista em Ciberseguranca,Security,Senior,3,Feminino,6.0,17161,Remoto
TECH_03141,2023,Sudeste,RJ,Engenheira(o) de Software,Software Engineering,Junior,1,Masculino,1.3,5257,Remoto
TECH_03142,2023,Norte,PA,Product Manager (PM),Product & Agile,Junior,1,Masculino,0.5,4875,Remoto
TECH_03143,2024,Nordeste,BA,Engenheira(o) de Software,Software Engineering,Senior,3,Feminino,7.8,14780,Remoto
TECH_03144,2022,Sudeste,MG,Cientista de Dados,Data & AI,Junior,1,Masculino,2.2,5400,Remoto
TECH_03145,2021,Sul,RS,Tech Lead / Engineering Manager,Leadership & Management,Junior,1,Feminino,2.9,4937,Remoto
TECH_03146,2023,Sul,PR,Product Manager (PM),Product & Agile,Senior,3,Masculino,8.7,19106,Presencial
TECH_03147,2022,Sudeste,RJ,Engenheira(o) de Dados,Data & AI,Junior,1,Masculino,3.2,5320,Remoto
TECH_03148,2024,Sudeste,SP,DevOps & Cloud Specialist,Cloud & Infrastructure,Junior,1,Masculino,3.9,5384,Hibrido
TECH_03149,2024,Sul,RS,Analista de Dados / BI,Data & AI,Pleno,2,Masculino,5.7,10940,Hibrido
TECH_03150,2022,Nordeste,BA,Engenheira(o) de Software,Software Engineering,Junior,1,Masculino,0.5,5173,Hibrido
TECH_03151,2024,Sudeste,SP,Tech Lead / Engineering Manager,Leadership & Management,Junior,1,Masculino,2.8,5878,Hibrido
TECH_03152,2023,Centro-Oeste,DF,Tech Lead / Engineering Manager,Leadership & Management,Senior,3,Masculino,7.6,18695,Presencial
TECH_03153,2022,Sul,PR,Engenheira(o) de Dados,Data & AI,Senior,3,Masculino,8.5,16723,Hibrido
TECH_03154,2021,Norte,AM,Analista de Dados / BI,Data & AI,Pleno,2,Feminino,4.5,8324,Remoto
TECH_03155,2023,Sudeste,RJ,Cientista de Dados,Data & AI,Pleno,2,Masculino,4.4,11098,Remoto
TECH_03156,2022,Sudeste,MG,Especialista em Ciberseguranca,Security,Pleno,2,Masculino,3.1,11373,Remoto
TECH_03157,2024,Sudeste,RJ,Product Manager (PM),Product & Agile,Junior,1,Masculino,0.8,5125,Hibrido
TECH_03158,2021,Sudeste,SP,Especialista em Ciberseguranca,Security,Junior,1,Masculino,2.0,4935,Remoto
TECH_03159,2022,Nordeste,BA,Engenheira(o) de Software,Software Engineering,Diretoria / C-Level,5,Masculino,13.2,46972,Presencial
TECH_03160,2023,Sudeste,SP,Especialista em Ciberseguranca,Security,Junior,1,Masculino,1.4,5199,Remoto
TECH_03161,2024,Sudeste,SP,Engenheira(o) de Software,Software Engineering,Senior,3,Masculino,6.8,18624,Remoto
TECH_03162,2023,Sudeste,RJ,Cientista de Dados,Data & AI,Lead / Staff Specialist,4,Masculino,11.0,25504,Hibrido
TECH_03163,2024,Sul,SC,Product Manager (PM),Product & Agile,Lead / Staff Specialist,4,Masculino,12.0,22447,Hibrido
TECH_03164,2024,Sudeste,RJ,Engenheira(o) de Software,Software Engineering,Pleno,2,Masculino,2.7,11421,Remoto
TECH_03165,2024,Sudeste,MG,Analista de Dados / BI,Data & AI,Junior,1,Feminino,0.5,6179,Remoto
TECH_03166,2024,Nordeste,BA,Especialista em Ciberseguranca,Security,Pleno,2,Masculino,6.0,10546,Remoto
TECH_03167,2021,Sudeste,RJ,Tech Lead / Engineering Manager,Leadership & Management,Junior,1,Feminino,3.1,4607,Remoto
TECH_03168,2022,Sudeste,SP,DevOps & Cloud Specialist,Cloud & Infrastructure,Pleno,2,Masculino,2.9,7595,Hibrido
TECH_03169,2021,Nordeste,BA,Product Manager (PM),Product & Agile,Junior,1,Masculino,1.3,4555,Remoto
TECH_03170,2021,Sudeste,SP,Analista de Dados / BI,Data & AI,Lead / Staff Specialist,4,Masculino,9.5,21631,Remoto
TECH_03171,2023,Sudeste,MG,DevOps & Cloud Specialist,Cloud & Infrastructure,Pleno,2,Feminino,6.4,9652,Remoto
TECH_03172,2022,Nordeste,PE,Product Manager (PM),Product & Agile,Junior,1,Masculino,0.9,5431,Presencial
TECH_03173,2022,Sudeste,SP,Especialista em Ciberseguranca,Security,Senior,3,Masculino,6.0,18526,Remoto
TECH_03174,2024,Nordeste,CE,DevOps & Cloud Specialist,Cloud & Infrastructure,Pleno,2,Masculino,4.8,12407,Hibrido
TECH_03175,2023,Norte,AM,DevOps & Cloud Specialist,Cloud & Infrastructure,Junior,1,Feminino,2.8,4056,Hibrido
TECH_03176,2024,Norte,PA,Product Manager (PM),Product & Agile,Pleno,2,Masculino,4.2,9475,Remoto
TECH_03177,2021,Sudeste,RJ,Engenheira(o) de Software,Software Engineering,Pleno,2,Masculino,5.4,8788,Remoto
TECH_03178,2021,Sul,PR,Engenheira(o) de Software,Software Engineering,Lead / Staff Specialist,4,Masculino,12.7,21338,Hibrido
TECH_03179,2023,Sudeste,SP,DevOps & Cloud Specialist,Cloud & Infrastructure,Junior,1,Feminino,0.6,5033,Presencial
TECH_03180,2023,Norte,PA,Product Manager (PM),Product & Agile,Diretoria / C-Level,5,Masculino,13.0,42258,Remoto
TECH_03181,2022,Sudeste,MG,Engenheira(o) de Dados,Data & AI,Junior,1,Masculino,2.5,5168,Remoto
TECH_03182,2024,Sul,RS,Engenheira(o) de Software,Software Engineering,Junior,1,Masculino,3.1,5860,Hibrido
TECH_03183,2021,Sul,SC,Analista de Dados / BI,Data & AI,Senior,3,Masculino,8.8,15181,Remoto
TECH_03184,2021,Sul,SC,Product Manager (PM),Product & Agile,Senior,3,Masculino,8.3,13417,Remoto
TECH_03185,2023,Sudeste,MG,Engenheira(o) de Dados,Data & AI,Lead / Staff Specialist,4,Masculino,10.7,18308,Remoto
TECH_03186,2024,Sul,SC,Especialista em Ciberseguranca,Security,Junior,1,Masculino,0.5,6168,Hibrido
TECH_03187,2024,Centro-Oeste,DF,DevOps & Cloud Specialist,Cloud & Infrastructure,Junior,1,Masculino,0.5,6273,Remoto
TECH_03188,2021,Sudeste,RJ,Analista de Dados / BI,Data & AI,Pleno,2,Masculino,4.8,8846,Remoto
TECH_03189,2023,Sul,PR,Engenheira(o) de Software,Software Engineering,Pleno,2,Feminino,2.3,8211,Remoto
TECH_03190,2023,Sul,PR,DevOps & Cloud Specialist,Cloud & Infrastructure,Senior,3,Feminino,7.8,15883,Hibrido
TECH_03191,2022,Nordeste,BA,Engenheira(o) de Dados,Data & AI,Junior,1,Feminino,1.3,4821,Presencial
TECH_03192,2022,Centro-Oeste,GO,Especialista em Ciberseguranca,Security,Lead / Staff Specialist,4,Masculino,9.5,20065,Hibrido
TECH_03193,2022,Nordeste,PE,Cientista de Dados,Data & AI,Pleno,2,Feminino,2.8,7713,Hibrido
TECH_03194,2022,Nordeste,PE,Cientista de Dados,Data & AI,Pleno,2,Masculino,3.8,8257,Remoto
TECH_03195,2023,Norte,AM,Engenheira(o) de Dados,Data & AI,Pleno,2,Masculino,3.3,11257,Hibrido
TECH_03196,2024,Sul,PR,Especialista em Ciberseguranca,Security,Pleno,2,Masculino,4.6,9472,Hibrido
TECH_03197,2023,Sudeste,SP,Engenheira(o) de Software,Software Engineering,Junior,1,Feminino,0.5,5660,Remoto
TECH_03198,2022,Nordeste,PE,Product Manager (PM),Product & Agile,Senior,3,Masculino,7.4,19280,Hibrido
TECH_03199,2024,Sudeste,RJ,Product Manager (PM),Product & Agile,Pleno,2,Masculino,5.1,11194,Remoto
TECH_03200,2023,Nordeste,BA,Especialista em Ciberseguranca,Security,Pleno,2,Masculino,3.6,9069,Remoto
TECH_03201,2023,Sudeste,RJ,Tech Lead / Engineering Manager,Leadership & Management,Junior,1,Masculino,1.2,5409,Remoto
TECH_03202,2022,Sudeste,MG,DevOps & Cloud Specialist,Cloud & Infrastructure,Pleno,2,Masculino,4.0,8692,Remoto
TECH_03203,2021,Sudeste,SP,Product Manager (PM),Product & Agile,Pleno,2,Masculino,4.0,8997,Remoto
TECH_03204,2023,Norte,AM,Engenheira(o) de Dados,Data & AI,Pleno,2,Masculino,4.1,9422,Hibrido
TECH_03205,2023,Sudeste,RJ,Tech Lead / Engineering Manager,Leadership & Management,Pleno,2,Masculino,6.2,9451,Remoto
TECH_03206,2024,Sudeste,MG,Cientista de Dados,Data & AI,Junior,1,Masculino,1.6,5516,Remoto
TECH_03207,2023,Sudeste,MG,DevOps & Cloud Specialist,Cloud & Infrastructure,Senior,3,Feminino,8.9,13838,Remoto
TECH_03208,2023,Sudeste,SP,Tech Lead / Engineering Manager,Leadership & Management,Pleno,2,Masculino,4.2,8943,Presencial
TECH_03209,2023,Sudeste,MG,Analista de Dados / BI,Data & AI,Junior,1,Masculino,1.2,5025,Presencial
TECH_03210,2022,Sudeste,RJ,Engenheira(o) de Software,Software Engineering,Pleno,2,Masculino,3.9,9867,Remoto
TECH_03211,2021,Sul,PR,DevOps & Cloud Specialist,Cloud & Infrastructure,Senior,3,Masculino,6.9,13951,Hibrido
TECH_03212,2023,Nordeste,BA,Analista de Dados / BI,Data & AI,Lead / Staff Specialist,4,Masculino,10.9,25437,Presencial
TECH_03213,2023,Sul,SC,Especialista em Ciberseguranca,Security,Junior,1,Masculino,1.7,6145,Remoto
TECH_03214,2021,Nordeste,PE,Product Manager (PM),Product & Agile,Pleno,2,Masculino,2.3,9232,Hibrido
TECH_03215,2023,Sudeste,MG,DevOps & Cloud Specialist,Cloud & Infrastructure,Pleno,2,Feminino,3.9,9621,Remoto
TECH_03216,2022,Sudeste,SP,Cientista de Dados,Data & AI,Junior,1,Feminino,0.5,4862,Hibrido
TECH_03217,2023,Nordeste,BA,Engenheira(o) de Dados,Data & AI,Pleno,2,Masculino,1.4,11191,Remoto
TECH_03218,2024,Sul,PR,Product Manager (PM),Product & Agile,Junior,1,Masculino,1.2,5661,Remoto
TECH_03219,2022,Sudeste,SP,DevOps & Cloud Specialist,Cloud & Infrastructure,Senior,3,Masculino,8.6,19853,Presencial
TECH_03220,2024,Centro-Oeste,DF,Analista de Dados / BI,Data & AI,Senior,3,Feminino,9.8,14812,Remoto
TECH_03221,2024,Nordeste,CE,Cientista de Dados,Data & AI,Junior,1,Masculino,0.7,5003,Hibrido
TECH_03222,2021,Sudeste,RJ,DevOps & Cloud Specialist,Cloud & Infrastructure,Senior,3,Feminino,7.1,15105,Remoto
TECH_03223,2023,Norte,AM,Engenheira(o) de Software,Software Engineering,Senior,3,Masculino,8.5,19415,Remoto
TECH_03224,2022,Sul,RS,DevOps & Cloud Specialist,Cloud & Infrastructure,Junior,1,Feminino,2.3,4378,Remoto
TECH_03225,2022,Sul,SC,Tech Lead / Engineering Manager,Leadership & Management,Junior,1,Masculino,0.5,5951,Remoto
TECH_03226,2023,Sul,RS,Product Manager (PM),Product & Agile,Junior,1,Masculino,0.5,5093,Remoto
TECH_03227,2023,Centro-Oeste,GO,Analista de Dados / BI,Data & AI,Pleno,2,Feminino,4.0,7899,Hibrido
TECH_03228,2024,Sudeste,MG,Engenheira(o) de Dados,Data & AI,Pleno,2,Masculino,1.7,11384,Remoto
TECH_03229,2021,Sudeste,RJ,Product Manager (PM),Product & Agile,Diretoria / C-Level,5,Masculino,14.6,34507,Hibrido
TECH_03230,2021,Nordeste,CE,Tech Lead / Engineering Manager,Leadership & Management,Pleno,2,Masculino,5.2,10288,Remoto
TECH_03231,2021,Sudeste,RJ,Product Manager (PM),Product & Agile,Pleno,2,Masculino,3.2,10277,Hibrido
TECH_03232,2023,Sudeste,SP,DevOps & Cloud Specialist,Cloud & Infrastructure,Senior,3,Masculino,6.4,16019,Remoto
TECH_03233,2022,Nordeste,CE,Especialista em Ciberseguranca,Security,Senior,3,Masculino,6.4,16312,Hibrido
TECH_03234,2023,Sul,PR,DevOps & Cloud Specialist,Cloud & Infrastructure,Pleno,2,Masculino,3.6,9864,Hibrido
TECH_03235,2022,Nordeste,CE,Cientista de Dados,Data & AI,Junior,1,Masculino,1.9,4978,Remoto
TECH_03236,2021,Sudeste,MG,Engenheira(o) de Dados,Data & AI,Pleno,2,Feminino,4.2,8184,Hibrido
TECH_03237,2023,Sul,SC,Engenheira(o) de Dados,Data & AI,Senior,3,Masculino,5.9,20786,Remoto
TECH_03238,2024,Sudeste,SP,DevOps & Cloud Specialist,Cloud & Infrastructure,Pleno,2,Masculino,3.2,11339,Remoto
TECH_03239,2021,Sul,RS,Tech Lead / Engineering Manager,Leadership & Management,Junior,1,Masculino,0.8,5248,Remoto
TECH_03240,2024,Sudeste,RJ,Tech Lead / Engineering Manager,Leadership & Management,Senior,3,Masculino,8.7,21309,Remoto
TECH_03241,2023,Nordeste,BA,Engenheira(o) de Software,Software Engineering,Junior,1,Masculino,0.7,6252,Presencial
TECH_03242,2024,Norte,PA,Engenheira(o) de Dados,Data & AI,Pleno,2,Masculino,5.2,11463,Hibrido
TECH_03243,2022,Sudeste,SP,Especialista em Ciberseguranca,Security,Senior,3,Masculino,10.7,17218,Hibrido
TECH_03244,2022,Sudeste,MG,Engenheira(o) de Software,Software Engineering,Senior,3,Masculino,7.7,16480,Hibrido
TECH_03245,2023,Sudeste,RJ,Tech Lead / Engineering Manager,Leadership & Management,Lead / Staff Specialist,4,Masculino,11.3,24339,Presencial
TECH_03246,2023,Sul,RS,Especialista em Ciberseguranca,Security,Junior,1,Feminino,0.5,5048,Hibrido
TECH_03247,2022,Sul,RS,Engenheira(o) de Software,Software Engineering,Pleno,2,Masculino,3.8,10773,Hibrido
TECH_03248,2023,Sudeste,MG,Tech Lead / Engineering Manager,Leadership & Management,Pleno,2,Masculino,3.7,9813,Presencial
TECH_03249,2021,Sul,SC,Tech Lead / Engineering Manager,Leadership & Management,Senior,3,Masculino,7.3,15331,Remoto
TECH_03250,2023,Sudeste,RJ,Especialista em Ciberseguranca,Security,Pleno,2,Masculino,4.6,9417,Hibrido
TECH_03251,2022,Sudeste,MG,Especialista em Ciberseguranca,Security,Pleno,2,Masculino,3.7,8158,Remoto
TECH_03252,2023,Sudeste,MG,Engenheira(o) de Dados,Data & AI,Senior,3,Masculino,7.4,18740,Remoto
TECH_03253,2024,Sudeste,RJ,Especialista em Ciberseguranca,Security,Pleno,2,Masculino,1.9,10026,Presencial
TECH_03254,2024,Sul,RS,Engenheira(o) de Software,Software Engineering,Senior,3,Masculino,6.2,18772,Remoto
TECH_03255,2024,Sudeste,RJ,Cientista de Dados,Data & AI,Junior,1,Feminino,2.7,5380,Presencial
TECH_03256,2024,Sudeste,RJ,Tech Lead / Engineering Manager,Leadership & Management,Lead / Staff Specialist,4,Masculino,12.7,32466,Remoto
TECH_03257,2024,Sudeste,SP,Tech Lead / Engineering Manager,Leadership & Management,Junior,1,Masculino,0.6,6109,Remoto
TECH_03258,2024,Nordeste,CE,Engenheira(o) de Dados,Data & AI,Junior,1,Masculino,2.3,5967,Remoto
TECH_03259,2023,Sudeste,RJ,Product Manager (PM),Product & Agile,Pleno,2,Masculino,4.2,9935,Remoto
TECH_03260,2024,Sul,RS,Analista de Dados / BI,Data & AI,Junior,1,Feminino,0.5,5393,Hibrido
TECH_03261,2023,Sudeste,MG,Engenheira(o) de Software,Software Engineering,Junior,1,Feminino,1.4,4781,Remoto
TECH_03262,2023,Sul,PR,Tech Lead / Engineering Manager,Leadership & Management,Senior,3,Masculino,6.5,18390,Presencial
TECH_03263,2021,Nordeste,BA,Cientista de Dados,Data & AI,Senior,3,Masculino,5.8,15517,Remoto
TECH_03264,2023,Sudeste,RJ,Tech Lead / Engineering Manager,Leadership & Management,Pleno,2,Masculino,6.6,8265,Remoto
TECH_03265,2024,Centro-Oeste,DF,DevOps & Cloud Specialist,Cloud & Infrastructure,Junior,1,Masculino,0.5,6016,Remoto
TECH_03266,2024,Sudeste,SP,DevOps & Cloud Specialist,Cloud & Infrastructure,Junior,1,Masculino,0.5,5666,Hibrido
TECH_03267,2024,Sudeste,SP,Cientista de Dados,Data & AI,Pleno,2,Masculino,3.9,9424,Presencial
TECH_03268,2022,Sul,PR,Analista de Dados / BI,Data & AI,Senior,3,Masculino,8.1,17974,Remoto
TECH_03269,2022,Norte,PA,Engenheira(o) de Software,Software Engineering,Senior,3,Masculino,6.2,18754,Remoto
TECH_03270,2023,Sudeste,RJ,Cientista de Dados,Data & AI,Pleno,2,Masculino,4.3,10185,Remoto
TECH_03271,2023,Norte,AM,Especialista em Ciberseguranca,Security,Lead / Staff Specialist,4,Masculino,10.0,28154,Hibrido
TECH_03272,2024,Sudeste,RJ,Engenheira(o) de Software,Software Engineering,Junior,1,Masculino,0.5,5508,Hibrido
TECH_03273,2021,Sul,RS,Engenheira(o) de Dados,Data & AI,Lead / Staff Specialist,4,Masculino,9.1,26531,Remoto
TECH_03274,2023,Sudeste,RJ,Engenheira(o) de Dados,Data & AI,Senior,3,Masculino,5.9,16003,Remoto
TECH_03275,2023,Sul,RS,Analista de Dados / BI,Data & AI,Junior,1,Masculino,1.8,4813,Remoto
TECH_03276,2023,Nordeste,BA,Cientista de Dados,Data & AI,Junior,1,Masculino,2.0,5243,Hibrido
TECH_03277,2023,Norte,PA,Engenheira(o) de Dados,Data & AI,Junior,1,Feminino,2.8,4988,Hibrido
TECH_03278,2023,Sudeste,SP,Engenheira(o) de Software,Software Engineering,Senior,3,Masculino,9.9,17995,Hibrido
TECH_03279,2024,Sudeste,MG,Cientista de Dados,Data & AI,Senior,3,Masculino,9.1,15963,Presencial
TECH_03280,2024,Nordeste,PE,Engenheira(o) de Dados,Data & AI,Senior,3,Feminino,8.8,18629,Hibrido
TECH_03281,2023,Sudeste,RJ,Engenheira(o) de Dados,Data & AI,Pleno,2,Feminino,3.0,9356,Remoto
TECH_03282,2022,Sudeste,MG,Engenheira(o) de Dados,Data & AI,Pleno,2,Masculino,8.1,8688,Hibrido
TECH_03283,2022,Sul,SC,Analista de Dados / BI,Data & AI,Lead / Staff Specialist,4,Masculino,10.1,24690,Remoto
TECH_03284,2022,Sudeste,MG,Product Manager (PM),Product & Agile,Senior,3,Masculino,4.5,17507,Hibrido
TECH_03285,2022,Sul,RS,Product Manager (PM),Product & Agile,Junior,1,Masculino,2.7,5345,Hibrido
TECH_03286,2024,Sul,SC,Especialista em Ciberseguranca,Security,Junior,1,Masculino,0.7,4960,Remoto
TECH_03287,2022,Nordeste,PE,Tech Lead / Engineering Manager,Leadership & Management,Junior,1,Masculino,0.5,5777,Hibrido
TECH_03288,2022,Sul,RS,Cientista de Dados,Data & AI,Diretoria / C-Level,5,Masculino,13.7,38559,Remoto
TECH_03289,2022,Sudeste,RJ,Tech Lead / Engineering Manager,Leadership & Management,Lead / Staff Specialist,4,Masculino,11.4,26030,Remoto
TECH_03290,2023,Centro-Oeste,GO,Tech Lead / Engineering Manager,Leadership & Management,Junior,1,Masculino,3.0,5536,Remoto
TECH_03291,2023,Sudeste,MG,DevOps & Cloud Specialist,Cloud & Infrastructure,Junior,1,Masculino,0.6,4753,Hibrido
TECH_03292,2021,Sudeste,RJ,Cientista de Dados,Data & AI,Junior,1,Masculino,2.4,4909,Hibrido
TECH_03293,2024,Sudeste,MG,Engenheira(o) de Dados,Data & AI,Senior,3,Masculino,8.2,18959,Remoto
TECH_03294,2023,Sudeste,RJ,DevOps & Cloud Specialist,Cloud & Infrastructure,Pleno,2,Masculino,4.7,11548,Hibrido
TECH_03295,2022,Norte,PA,Cientista de Dados,Data & AI,Junior,1,Masculino,4.6,5765,Remoto
TECH_03296,2022,Norte,PA,Analista de Dados / BI,Data & AI,Junior,1,Masculino,2.8,4493,Remoto
TECH_03297,2023,Sudeste,SP,Especialista em Ciberseguranca,Security,Pleno,2,Masculino,5.6,8548,Remoto
TECH_03298,2023,Sudeste,MG,Especialista em Ciberseguranca,Security,Pleno,2,Feminino,4.5,8879,Hibrido
TECH_03299,2023,Centro-Oeste,GO,Especialista em Ciberseguranca,Security,Junior,1,Masculino,2.2,5023,Presencial
TECH_03300,2022,Sudeste,SP,Analista de Dados / BI,Data & AI,Junior,1,Masculino,0.8,5172,Hibrido
TECH_03301,2022,Norte,PA,Tech Lead / Engineering Manager,Leadership & Management,Pleno,2,Feminino,5.3,7946,Remoto
TECH_03302,2024,Sul,SC,Engenheira(o) de Software,Software Engineering,Diretoria / C-Level,5,Masculino,15.5,45898,Remoto
TECH_03303,2024,Sul,PR,DevOps & Cloud Specialist,Cloud & Infrastructure,Junior,1,Masculino,2.7,5320,Remoto
TECH_03304,2022,Norte,PA,DevOps & Cloud Specialist,Cloud & Infrastructure,Diretoria / C-Level,5,Masculino,15.4,46689,Hibrido
TECH_03305,2021,Sudeste,MG,Analista de Dados / BI,Data & AI,Pleno,2,Masculino,5.2,9865,Remoto
TECH_03306,2024,Sul,RS,Cientista de Dados,Data & AI,Senior,3,Masculino,9.0,19745,Hibrido
TECH_03307,2022,Sul,RS,Especialista em Ciberseguranca,Security,Senior,3,Masculino,8.1,18875,Remoto
TECH_03308,2023,Sudeste,RJ,Engenheira(o) de Software,Software Engineering,Lead / Staff Specialist,4,Masculino,10.9,28846,Remoto
TECH_03309,2022,Sul,PR,DevOps & Cloud Specialist,Cloud & Infrastructure,Junior,1,Masculino,2.8,5589,Remoto
TECH_03310,2024,Nordeste,CE,Engenheira(o) de Dados,Data & AI,Pleno,2,Masculino,3.6,9151,Remoto
TECH_03311,2024,Nordeste,PE,Tech Lead / Engineering Manager,Leadership & Management,Lead / Staff Specialist,4,Masculino,9.8,23723,Remoto
TECH_03312,2023,Sudeste,SP,Especialista em Ciberseguranca,Security,Senior,3,Masculino,7.8,17001,Remoto
TECH_03313,2024,Sul,PR,Product Manager (PM),Product & Agile,Pleno,2,Masculino,3.8,9539,Hibrido
TECH_03314,2021,Sudeste,SP,Engenheira(o) de Dados,Data & AI,Junior,1,Feminino,0.5,3708,Remoto
TECH_03315,2022,Sudeste,MG,Engenheira(o) de Software,Software Engineering,Pleno,2,Masculino,4.9,8713,Remoto
TECH_03316,2022,Sudeste,RJ,Engenheira(o) de Dados,Data & AI,Pleno,2,Masculino,2.8,10041,Presencial
TECH_03317,2022,Sudeste,MG,Cientista de Dados,Data & AI,Junior,1,Feminino,0.5,5166,Hibrido
TECH_03318,2021,Norte,PA,DevOps & Cloud Specialist,Cloud & Infrastructure,Pleno,2,Masculino,3.5,8621,Remoto
TECH_03319,2023,Sudeste,MG,DevOps & Cloud Specialist,Cloud & Infrastructure,Senior,3,Masculino,6.8,18108,Remoto
TECH_03320,2023,Sul,PR,Especialista em Ciberseguranca,Security,Pleno,2,Masculino,0.5,10741,Remoto
TECH_03321,2021,Sul,RS,Especialista em Ciberseguranca,Security,Pleno,2,Feminino,5.1,7566,Hibrido
TECH_03322,2024,Sudeste,RJ,Engenheira(o) de Dados,Data & AI,Junior,1,Masculino,2.7,6160,Remoto
TECH_03323,2024,Sudeste,RJ,Engenheira(o) de Software,Software Engineering,Pleno,2,Masculino,2.1,9634,Remoto
TECH_03324,2024,Sul,RS,Engenheira(o) de Dados,Data & AI,Pleno,2,Masculino,3.2,8846,Hibrido
TECH_03325,2023,Nordeste,CE,Engenheira(o) de Dados,Data & AI,Senior,3,Masculino,7.7,17568,Remoto
TECH_03326,2024,Sudeste,SP,Analista de Dados / BI,Data & AI,Junior,1,Masculino,0.5,5127,Remoto
TECH_03327,2023,Sudeste,RJ,DevOps & Cloud Specialist,Cloud & Infrastructure,Lead / Staff Specialist,4,Masculino,11.7,25178,Remoto
TECH_03328,2024,Sudeste,SP,Engenheira(o) de Software,Software Engineering,Lead / Staff Specialist,4,Masculino,11.4,23390,Presencial
TECH_03329,2022,Centro-Oeste,DF,Product Manager (PM),Product & Agile,Diretoria / C-Level,5,Masculino,15.2,42480,Remoto
TECH_03330,2024,Sudeste,SP,Especialista em Ciberseguranca,Security,Senior,3,Masculino,8.4,20733,Remoto
TECH_03331,2021,Sul,RS,Product Manager (PM),Product & Agile,Senior,3,Feminino,6.4,13291,Remoto
TECH_03332,2023,Sul,PR,Product Manager (PM),Product & Agile,Pleno,2,Masculino,3.1,10400,Hibrido
TECH_03333,2022,Sudeste,SP,Engenheira(o) de Software,Software Engineering,Senior,3,Masculino,8.2,18566,Remoto
TECH_03334,2022,Norte,AM,Cientista de Dados,Data & AI,Pleno,2,Masculino,3.9,10353,Remoto
TECH_03335,2023,Norte,AM,Engenheira(o) de Software,Software Engineering,Senior,3,Masculino,7.5,19173,Remoto
TECH_03336,2024,Sul,SC,Cientista de Dados,Data & AI,Junior,1,Masculino,0.9,6005,Remoto
TECH_03337,2022,Centro-Oeste,DF,Engenheira(o) de Software,Software Engineering,Pleno,2,Masculino,5.3,9822,Remoto
TECH_03338,2022,Nordeste,BA,Cientista de Dados,Data & AI,Lead / Staff Specialist,4,Masculino,10.5,21264,Remoto
TECH_03339,2021,Sul,PR,Product Manager (PM),Product & Agile,Junior,1,Masculino,0.5,4551,Remoto
TECH_03340,2023,Nordeste,BA,Engenheira(o) de Software,Software Engineering,Pleno,2,Feminino,5.2,8846,Remoto
TECH_03341,2022,Sudeste,SP,Cientista de Dados,Data & AI,Senior,3,Masculino,8.2,16941,Remoto
TECH_03342,2023,Nordeste,BA,Tech Lead / Engineering Manager,Leadership & Management,Junior,1,Feminino,1.6,5340,Hibrido
TECH_03343,2023,Norte,PA,Especialista em Ciberseguranca,Security,Pleno,2,Masculino,6.0,11289,Remoto
TECH_03344,2024,Sudeste,SP,Product Manager (PM),Product & Agile,Senior,3,Masculino,8.1,19340,Hibrido
TECH_03345,2024,Nordeste,PE,Especialista em Ciberseguranca,Security,Pleno,2,Feminino,2.0,9433,Presencial
TECH_03346,2022,Sudeste,MG,Engenheira(o) de Dados,Data & AI,Pleno,2,Feminino,4.3,8164,Remoto
TECH_03347,2021,Sudeste,SP,Cientista de Dados,Data & AI,Junior,1,Masculino,1.0,4735,Presencial
TECH_03348,2024,Sudeste,MG,Engenheira(o) de Software,Software Engineering,Senior,3,Masculino,9.0,24219,Remoto
TECH_03349,2023,Sudeste,SP,Especialista em Ciberseguranca,Security,Senior,3,Feminino,10.4,13950,Hibrido
TECH_03350,2023,Nordeste,CE,Cientista de Dados,Data & AI,Pleno,2,Masculino,4.2,11271,Remoto
TECH_03351,2022,Sudeste,RJ,Engenheira(o) de Dados,Data & AI,Junior,1,Masculino,3.2,5242,Remoto
TECH_03352,2023,Sudeste,RJ,DevOps & Cloud Specialist,Cloud & Infrastructure,Pleno,2,Masculino,5.0,8164,Remoto
TECH_03353,2024,Centro-Oeste,GO,Especialista em Ciberseguranca,Security,Lead / Staff Specialist,4,Masculino,10.8,25206,Remoto
TECH_03354,2023,Sul,SC,DevOps & Cloud Specialist,Cloud & Infrastructure,Junior,1,Masculino,2.4,4704,Presencial
TECH_03355,2022,Nordeste,CE,Engenheira(o) de Dados,Data & AI,Lead / Staff Specialist,4,Masculino,10.4,25422,Presencial
TECH_03356,2023,Sul,PR,Especialista em Ciberseguranca,Security,Senior,3,Masculino,9.1,17767,Presencial
TECH_03357,2021,Sul,RS,Tech Lead / Engineering Manager,Leadership & Management,Pleno,2,Masculino,4.3,9599,Hibrido
TECH_03358,2024,Centro-Oeste,DF,Cientista de Dados,Data & AI,Junior,1,Feminino,3.6,5415,Remoto
TECH_03359,2021,Sudeste,RJ,Especialista em Ciberseguranca,Security,Lead / Staff Specialist,4,Masculino,8.7,19760,Remoto
TECH_03360,2022,Sul,SC,Product Manager (PM),Product & Agile,Junior,1,Masculino,0.5,5015,Remoto
TECH_03361,2022,Sul,PR,Especialista em Ciberseguranca,Security,Pleno,2,Masculino,3.7,10432,Remoto
TECH_03362,2022,Sudeste,RJ,Analista de Dados / BI,Data & AI,Lead / Staff Specialist,4,Masculino,11.1,23104,Remoto
TECH_03363,2023,Nordeste,PE,Product Manager (PM),Product & Agile,Junior,1,Masculino,0.5,6732,Remoto
TECH_03364,2022,Sudeste,RJ,Product Manager (PM),Product & Agile,Pleno,2,Masculino,2.6,9800,Remoto
TECH_03365,2023,Nordeste,PE,Product Manager (PM),Product & Agile,Pleno,2,Feminino,4.3,8574,Hibrido
TECH_03366,2022,Nordeste,BA,Engenheira(o) de Dados,Data & AI,Diretoria / C-Level,5,Masculino,14.0,44853,Remoto
TECH_03367,2024,Norte,AM,Cientista de Dados,Data & AI,Lead / Staff Specialist,4,Masculino,9.3,28731,Remoto
TECH_03368,2024,Sudeste,SP,Engenheira(o) de Software,Software Engineering,Pleno,2,Masculino,2.8,11506,Hibrido
TECH_03369,2022,Sudeste,MG,Analista de Dados / BI,Data & AI,Pleno,2,Feminino,1.5,8166,Hibrido
TECH_03370,2021,Nordeste,PE,Cientista de Dados,Data & AI,Junior,1,Feminino,1.6,4022,Presencial
TECH_03371,2021,Sudeste,RJ,Cientista de Dados,Data & AI,Junior,1,Masculino,0.6,5192,Remoto
TECH_03372,2023,Sudeste,MG,Engenheira(o) de Software,Software Engineering,Junior,1,Masculino,1.2,5491,Hibrido
TECH_03373,2022,Centro-Oeste,DF,Cientista de Dados,Data & AI,Junior,1,Masculino,1.8,4446,Hibrido
TECH_03374,2022,Norte,AM,Especialista em Ciberseguranca,Security,Senior,3,Masculino,6.4,17320,Hibrido
TECH_03375,2022,Sudeste,SP,Analista de Dados / BI,Data & AI,Lead / Staff Specialist,4,Masculino,10.2,27121,Remoto
TECH_03376,2024,Norte,PA,Engenheira(o) de Dados,Data & AI,Junior,1,Masculino,2.4,5109,Remoto
TECH_03377,2022,Centro-Oeste,GO,Cientista de Dados,Data & AI,Lead / Staff Specialist,4,Masculino,10.8,25323,Remoto
TECH_03378,2023,Sudeste,MG,Engenheira(o) de Dados,Data & AI,Senior,3,Masculino,8.0,16438,Remoto
TECH_03379,2024,Sul,PR,Cientista de Dados,Data & AI,Pleno,2,Masculino,2.9,11910,Hibrido
TECH_03380,2022,Sul,RS,Engenheira(o) de Software,Software Engineering,Pleno,2,Feminino,4.3,9723,Remoto
TECH_03381,2022,Sudeste,SP,Engenheira(o) de Software,Software Engineering,Lead / Staff Specialist,4,Masculino,7.1,22922,Remoto
TECH_03382,2022,Sul,RS,DevOps & Cloud Specialist,Cloud & Infrastructure,Pleno,2,Masculino,4.9,8029,Remoto
TECH_03383,2024,Sudeste,RJ,Product Manager (PM),Product & Agile,Senior,3,Masculino,7.9,19634,Remoto
TECH_03384,2022,Sudeste,RJ,Tech Lead / Engineering Manager,Leadership & Management,Senior,3,Masculino,7.0,17150,Presencial
TECH_03385,2022,Sudeste,MG,Engenheira(o) de Software,Software Engineering,Diretoria / C-Level,5,Masculino,11.7,39495,Remoto
TECH_03386,2021,Nordeste,BA,Product Manager (PM),Product & Agile,Pleno,2,Feminino,2.7,7888,Presencial
TECH_03387,2021,Sudeste,SP,Especialista em Ciberseguranca,Security,Lead / Staff Specialist,4,Masculino,11.4,22636,Remoto
TECH_03388,2024,Sul,PR,Analista de Dados / BI,Data & AI,Pleno,2,Masculino,4.4,8932,Remoto
TECH_03389,2023,Sudeste,SP,Tech Lead / Engineering Manager,Leadership & Management,Pleno,2,Masculino,3.4,11277,Remoto
TECH_03390,2024,Nordeste,CE,Engenheira(o) de Software,Software Engineering,Junior,1,Masculino,1.8,4869,Hibrido
TECH_03391,2021,Sudeste,MG,Engenheira(o) de Dados,Data & AI,Junior,1,Masculino,0.5,4764,Hibrido
TECH_03392,2023,Norte,PA,Especialista em Ciberseguranca,Security,Pleno,2,Masculino,3.6,9805,Presencial
TECH_03393,2023,Sudeste,RJ,Product Manager (PM),Product & Agile,Junior,1,Masculino,0.5,6189,Hibrido
TECH_03394,2021,Sul,RS,Engenheira(o) de Dados,Data & AI,Junior,1,Masculino,1.2,4977,Remoto
TECH_03395,2023,Sudeste,SP,Product Manager (PM),Product & Agile,Senior,3,Masculino,7.2,18462,Hibrido
TECH_03396,2023,Nordeste,CE,Engenheira(o) de Dados,Data & AI,Pleno,2,Masculino,3.4,10496,Hibrido
TECH_03397,2023,Centro-Oeste,GO,Product Manager (PM),Product & Agile,Pleno,2,Masculino,3.9,9779,Remoto
TECH_03398,2022,Sudeste,SP,DevOps & Cloud Specialist,Cloud & Infrastructure,Senior,3,Masculino,7.0,18256,Remoto
TECH_03399,2023,Centro-Oeste,DF,Product Manager (PM),Product & Agile,Junior,1,Feminino,1.5,5899,Hibrido
TECH_03400,2021,Nordeste,PE,Engenheira(o) de Dados,Data & AI,Junior,1,Feminino,0.5,4726,Remoto
TECH_03401,2024,Sudeste,MG,Analista de Dados / BI,Data & AI,Lead / Staff Specialist,4,Masculino,10.3,30421,Hibrido
TECH_03402,2023,Sudeste,MG,Tech Lead / Engineering Manager,Leadership & Management,Senior,3,Masculino,7.0,19240,Remoto
TECH_03403,2022,Sudeste,RJ,Engenheira(o) de Software,Software Engineering,Lead / Staff Specialist,4,Masculino,9.4,21111,Hibrido
TECH_03404,2022,Sul,SC,Engenheira(o) de Software,Software Engineering,Junior,1,Masculino,0.5,5177,Presencial
TECH_03405,2021,Sudeste,MG,Cientista de Dados,Data & AI,Senior,3,Feminino,7.1,13912,Presencial
TECH_03406,2023,Sudeste,MG,Analista de Dados / BI,Data & AI,Pleno,2,Masculino,5.3,9952,Remoto
TECH_03407,2023,Sul,RS,DevOps & Cloud Specialist,Cloud & Infrastructure,Junior,1,Masculino,2.6,5380,Remoto
TECH_03408,2022,Sudeste,RJ,DevOps & Cloud Specialist,Cloud & Infrastructure,Diretoria / C-Level,5,Masculino,17.4,46150,Hibrido
TECH_03409,2023,Sul,PR,Cientista de Dados,Data & AI,Lead / Staff Specialist,4,Masculino,11.1,26440,Hibrido
TECH_03410,2023,Sul,RS,Analista de Dados / BI,Data & AI,Pleno,2,Masculino,2.3,9978,Remoto
TECH_03411,2023,Centro-Oeste,DF,Engenheira(o) de Dados,Data & AI,Junior,1,Masculino,0.5,5643,Remoto
TECH_03412,2023,Nordeste,CE,Engenheira(o) de Dados,Data & AI,Senior,3,Masculino,7.5,18019,Remoto
TECH_03413,2024,Nordeste,BA,Tech Lead / Engineering Manager,Leadership & Management,Pleno,2,Masculino,2.4,8930,Remoto
TECH_03414,2023,Nordeste,CE,Engenheira(o) de Software,Software Engineering,Pleno,2,Masculino,5.1,11746,Remoto
TECH_03415,2022,Sudeste,RJ,Engenheira(o) de Dados,Data & AI,Junior,1,Masculino,2.0,6194,Remoto
TECH_03416,2021,Sudeste,MG,Tech Lead / Engineering Manager,Leadership & Management,Diretoria / C-Level,5,Masculino,13.8,37639,Hibrido
TECH_03417,2023,Sudeste,MG,Product Manager (PM),Product & Agile,Senior,3,Masculino,4.0,16624,Remoto
TECH_03418,2024,Sudeste,MG,Engenheira(o) de Software,Software Engineering,Pleno,2,Masculino,3.6,11361,Remoto
TECH_03419,2023,Sudeste,SP,DevOps & Cloud Specialist,Cloud & Infrastructure,Pleno,2,Feminino,2.4,8236,Remoto
TECH_03420,2023,Sudeste,SP,DevOps & Cloud Specialist,Cloud & Infrastructure,Junior,1,Masculino,2.3,6635,Remoto
TECH_03421,2024,Nordeste,CE,Tech Lead / Engineering Manager,Leadership & Management,Junior,1,Masculino,2.2,5129,Hibrido
TECH_03422,2024,Sudeste,MG,Especialista em Ciberseguranca,Security,Pleno,2,Feminino,6.6,9492,Remoto
TECH_03423,2023,Sudeste,SP,Engenheira(o) de Dados,Data & AI,Lead / Staff Specialist,4,Masculino,11.5,23701,Remoto
TECH_03424,2024,Sudeste,SP,DevOps & Cloud Specialist,Cloud & Infrastructure,Junior,1,Feminino,0.5,5925,Hibrido
TECH_03425,2023,Sudeste,SP,Product Manager (PM),Product & Agile,Pleno,2,Masculino,2.8,10766,Hibrido
TECH_03426,2022,Sudeste,RJ,DevOps & Cloud Specialist,Cloud & Infrastructure,Pleno,2,Masculino,3.1,9505,Remoto
TECH_03427,2023,Sudeste,RJ,Cientista de Dados,Data & AI,Senior,3,Feminino,8.6,14629,Presencial
TECH_03428,2023,Centro-Oeste,GO,Engenheira(o) de Software,Software Engineering,Junior,1,Masculino,1.3,5506,Remoto
TECH_03429,2021,Sudeste,MG,Cientista de Dados,Data & AI,Pleno,2,Masculino,5.1,9384,Remoto
TECH_03430,2023,Centro-Oeste,DF,Product Manager (PM),Product & Agile,Senior,3,Masculino,7.6,23083,Remoto
TECH_03431,2022,Sul,SC,Cientista de Dados,Data & AI,Pleno,2,Masculino,3.2,10011,Remoto
TECH_03432,2022,Sudeste,MG,Especialista em Ciberseguranca,Security,Pleno,2,Masculino,3.6,11797,Remoto
TECH_03433,2024,Sudeste,MG,Engenheira(o) de Dados,Data & AI,Pleno,2,Masculino,4.9,11386,Hibrido
TECH_03434,2022,Sul,RS,Product Manager (PM),Product & Agile,Pleno,2,Masculino,5.7,10751,Remoto
TECH_03435,2021,Sul,PR,Engenheira(o) de Software,Software Engineering,Junior,1,Feminino,2.0,4849,Hibrido
TECH_03436,2023,Sul,PR,Tech Lead / Engineering Manager,Leadership & Management,Diretoria / C-Level,5,Masculino,14.7,51105,Remoto
TECH_03437,2022,Sudeste,RJ,Tech Lead / Engineering Manager,Leadership & Management,Lead / Staff Specialist,4,Masculino,10.7,24349,Hibrido
TECH_03438,2023,Nordeste,CE,Engenheira(o) de Software,Software Engineering,Senior,3,Masculino,5.8,21333,Hibrido
TECH_03439,2023,Sul,RS,Engenheira(o) de Software,Software Engineering,Senior,3,Masculino,9.6,19733,Presencial
TECH_03440,2022,Nordeste,CE,Product Manager (PM),Product & Agile,Senior,3,Masculino,6.6,16775,Remoto
TECH_03441,2023,Sudeste,RJ,Product Manager (PM),Product & Agile,Junior,1,Masculino,1.0,4778,Hibrido
TECH_03442,2023,Sudeste,SP,Cientista de Dados,Data & AI,Pleno,2,Masculino,4.2,11423,Presencial
TECH_03443,2024,Norte,AM,Tech Lead / Engineering Manager,Leadership & Management,Senior,3,Masculino,6.3,21381,Remoto
TECH_03444,2023,Sudeste,RJ,Engenheira(o) de Dados,Data & AI,Junior,1,Masculino,1.6,4265,Hibrido
TECH_03445,2024,Sudeste,RJ,Tech Lead / Engineering Manager,Leadership & Management,Pleno,2,Masculino,4.8,12652,Remoto
TECH_03446,2024,Sul,RS,Engenheira(o) de Dados,Data & AI,Senior,3,Masculino,6.1,22694,Hibrido
TECH_03447,2023,Sul,SC,Engenheira(o) de Dados,Data & AI,Junior,1,Feminino,0.5,5177,Remoto
TECH_03448,2023,Sul,SC,Analista de Dados / BI,Data & AI,Senior,3,Feminino,7.0,18087,Hibrido
TECH_03449,2023,Norte,AM,Tech Lead / Engineering Manager,Leadership & Management,Diretoria / C-Level,5,Masculino,13.4,50698,Hibrido
TECH_03450,2024,Nordeste,CE,Cientista de Dados,Data & AI,Senior,3,Masculino,9.5,19188,Remoto
TECH_03451,2021,Sul,SC,Analista de Dados / BI,Data & AI,Pleno,2,Masculino,5.7,9488,Presencial
TECH_03452,2023,Sudeste,SP,Engenheira(o) de Software,Software Engineering,Diretoria / C-Level,5,Masculino,15.6,44116,Remoto
TECH_03453,2023,Sul,SC,Cientista de Dados,Data & AI,Junior,1,Masculino,2.6,5553,Hibrido
TECH_03454,2023,Nordeste,CE,Engenheira(o) de Dados,Data & AI,Pleno,2,Masculino,2.7,10724,Remoto
TECH_03455,2022,Sul,RS,Tech Lead / Engineering Manager,Leadership & Management,Lead / Staff Specialist,4,Masculino,11.9,23536,Presencial
TECH_03456,2022,Sudeste,MG,Especialista em Ciberseguranca,Security,Pleno,2,Masculino,5.4,10344,Hibrido
TECH_03457,2022,Sudeste,RJ,Analista de Dados / BI,Data & AI,Senior,3,Masculino,7.3,15845,Remoto
TECH_03458,2024,Sul,RS,DevOps & Cloud Specialist,Cloud & Infrastructure,Junior,1,Masculino,1.0,5287,Hibrido
TECH_03459,2022,Nordeste,CE,Especialista em Ciberseguranca,Security,Junior,1,Masculino,1.7,6032,Remoto
TECH_03460,2024,Sudeste,RJ,Engenheira(o) de Dados,Data & AI,Junior,1,Masculino,2.1,7485,Remoto
TECH_03461,2022,Nordeste,PE,Engenheira(o) de Dados,Data & AI,Junior,1,Masculino,1.9,4926,Remoto
TECH_03462,2024,Sudeste,MG,Cientista de Dados,Data & AI,Pleno,2,Masculino,5.6,9544,Remoto
TECH_03463,2023,Sudeste,RJ,DevOps & Cloud Specialist,Cloud & Infrastructure,Junior,1,Masculino,3.2,4904,Hibrido
TECH_03464,2023,Nordeste,CE,Analista de Dados / BI,Data & AI,Pleno,2,Masculino,4.3,9905,Hibrido
TECH_03465,2022,Centro-Oeste,GO,Engenheira(o) de Dados,Data & AI,Pleno,2,Feminino,5.8,7406,Remoto
TECH_03466,2023,Norte,PA,Analista de Dados / BI,Data & AI,Pleno,2,Masculino,4.3,10811,Remoto
TECH_03467,2022,Sudeste,MG,Analista de Dados / BI,Data & AI,Junior,1,Masculino,1.1,5104,Hibrido
TECH_03468,2022,Nordeste,BA,DevOps & Cloud Specialist,Cloud & Infrastructure,Junior,1,Feminino,0.5,4593,Hibrido
TECH_03469,2022,Norte,AM,Analista de Dados / BI,Data & AI,Senior,3,Masculino,7.1,16515,Remoto
TECH_03470,2021,Norte,PA,Cientista de Dados,Data & AI,Senior,3,Masculino,7.3,16435,Remoto
TECH_03471,2022,Sul,PR,Engenheira(o) de Dados,Data & AI,Pleno,2,Masculino,2.7,9374,Hibrido
TECH_03472,2022,Sudeste,MG,Tech Lead / Engineering Manager,Leadership & Management,Lead / Staff Specialist,4,Masculino,10.5,21615,Remoto
TECH_03473,2024,Sudeste,RJ,Engenheira(o) de Dados,Data & AI,Pleno,2,Masculino,4.7,11827,Remoto
TECH_03474,2022,Centro-Oeste,GO,Product Manager (PM),Product & Agile,Junior,1,Masculino,0.5,5284,Remoto
TECH_03475,2023,Sudeste,RJ,Analista de Dados / BI,Data & AI,Senior,3,Masculino,6.9,17328,Presencial
TECH_03476,2022,Nordeste,CE,Engenheira(o) de Software,Software Engineering,Lead / Staff Specialist,4,Masculino,9.9,23015,Remoto
TECH_03477,2023,Sudeste,RJ,Cientista de Dados,Data & AI,Junior,1,Feminino,2.3,6121,Hibrido
TECH_03478,2023,Centro-Oeste,DF,Especialista em Ciberseguranca,Security,Junior,1,Masculino,1.8,6465,Hibrido
TECH_03479,2022,Sudeste,SP,Especialista em Ciberseguranca,Security,Junior,1,Masculino,0.5,4477,Hibrido
TECH_03480,2021,Norte,PA,Cientista de Dados,Data & AI,Pleno,2,Feminino,4.3,7490,Remoto
TECH_03481,2022,Sudeste,SP,Especialista em Ciberseguranca,Security,Junior,1,Masculino,0.6,4345,Remoto
TECH_03482,2024,Sudeste,RJ,Especialista em Ciberseguranca,Security,Diretoria / C-Level,5,Masculino,15.6,50724,Presencial
TECH_03483,2022,Sudeste,MG,Product Manager (PM),Product & Agile,Senior,3,Masculino,7.3,16744,Remoto
TECH_03484,2024,Sudeste,RJ,DevOps & Cloud Specialist,Cloud & Infrastructure,Diretoria / C-Level,5,Masculino,12.7,52069,Remoto
TECH_03485,2023,Sudeste,RJ,Engenheira(o) de Dados,Data & AI,Senior,3,Masculino,6.8,21154,Remoto
TECH_03486,2023,Norte,AM,Cientista de Dados,Data & AI,Junior,1,Masculino,0.5,4899,Hibrido
TECH_03487,2023,Sudeste,RJ,Tech Lead / Engineering Manager,Leadership & Management,Junior,1,Masculino,0.5,6965,Remoto
TECH_03488,2023,Sudeste,SP,Tech Lead / Engineering Manager,Leadership & Management,Pleno,2,Masculino,4.9,9155,Hibrido
TECH_03489,2024,Nordeste,PE,Especialista em Ciberseguranca,Security,Pleno,2,Masculino,3.4,11554,Remoto
TECH_03490,2022,Centro-Oeste,GO,Product Manager (PM),Product & Agile,Junior,1,Masculino,3.2,4496,Remoto
TECH_03491,2024,Centro-Oeste,DF,Tech Lead / Engineering Manager,Leadership & Management,Senior,3,Feminino,7.7,17272,Hibrido
TECH_03492,2023,Sudeste,SP,Engenheira(o) de Software,Software Engineering,Pleno,2,Masculino,4.3,10663,Remoto
TECH_03493,2022,Sudeste,SP,Tech Lead / Engineering Manager,Leadership & Management,Pleno,2,Masculino,1.7,8265,Presencial
TECH_03494,2022,Sudeste,RJ,Product Manager (PM),Product & Agile,Pleno,2,Masculino,5.7,10585,Hibrido
TECH_03495,2023,Sudeste,RJ,Analista de Dados / BI,Data & AI,Pleno,2,Masculino,3.2,10972,Remoto
TECH_03496,2021,Sudeste,MG,Product Manager (PM),Product & Agile,Senior,3,Masculino,6.7,12744,Remoto
TECH_03497,2022,Sudeste,MG,DevOps & Cloud Specialist,Cloud & Infrastructure,Junior,1,Masculino,0.9,4546,Remoto
TECH_03498,2023,Sul,SC,DevOps & Cloud Specialist,Cloud & Infrastructure,Senior,3,Masculino,7.5,18519,Remoto
TECH_03499,2021,Sul,PR,Engenheira(o) de Software,Software Engineering,Senior,3,Masculino,6.6,20258,Remoto
TECH_03500,2023,Nordeste,BA,Tech Lead / Engineering Manager,Leadership & Management,Pleno,2,Masculino,4.2,9103,Remoto
TECH_03501,2024,Sudeste,MG,Analista de Dados / BI,Data & AI,Junior,1,Feminino,2.5,5823,Hibrido
TECH_03502,2023,Sul,PR,Engenheira(o) de Dados,Data & AI,Junior,1,Feminino,0.6,4588,Remoto
TECH_03503,2024,Nordeste,BA,Analista de Dados / BI,Data & AI,Diretoria / C-Level,5,Masculino,14.4,38159,Hibrido
TECH_03504,2023,Sul,RS,Cientista de Dados,Data & AI,Lead / Staff Specialist,4,Masculino,10.7,29179,Hibrido
TECH_03505,2022,Sudeste,SP,Engenheira(o) de Dados,Data & AI,Pleno,2,Masculino,3.8,10474,Remoto
TECH_03506,2023,Sudeste,MG,Engenheira(o) de Dados,Data & AI,Senior,3,Masculino,7.0,19869,Remoto
TECH_03507,2023,Sudeste,MG,Cientista de Dados,Data & AI,Pleno,2,Masculino,4.6,10091,Hibrido
TECH_03508,2021,Sudeste,RJ,Tech Lead / Engineering Manager,Leadership & Management,Diretoria / C-Level,5,Masculino,12.7,32867,Hibrido
TECH_03509,2023,Sudeste,MG,Engenheira(o) de Dados,Data & AI,Junior,1,Masculino,3.3,4902,Hibrido
TECH_03510,2023,Nordeste,BA,Product Manager (PM),Product & Agile,Junior,1,Feminino,0.5,5554,Remoto
TECH_03511,2024,Sul,PR,Tech Lead / Engineering Manager,Leadership & Management,Junior,1,Feminino,2.7,5141,Remoto
TECH_03512,2023,Norte,AM,Especialista em Ciberseguranca,Security,Pleno,2,Masculino,4.4,11551,Hibrido
TECH_03513,2023,Nordeste,BA,Engenheira(o) de Software,Software Engineering,Junior,1,Masculino,0.5,5372,Presencial
TECH_03514,2024,Sul,RS,Cientista de Dados,Data & AI,Senior,3,Masculino,6.2,16814,Remoto
TECH_03515,2024,Nordeste,BA,DevOps & Cloud Specialist,Cloud & Infrastructure,Pleno,2,Masculino,3.5,11395,Hibrido
TECH_03516,2023,Nordeste,CE,Tech Lead / Engineering Manager,Leadership & Management,Senior,3,Masculino,8.3,17405,Remoto
TECH_03517,2022,Sudeste,SP,Engenheira(o) de Software,Software Engineering,Pleno,2,Masculino,3.2,9657,Hibrido
TECH_03518,2022,Sul,PR,Engenheira(o) de Dados,Data & AI,Pleno,2,Masculino,3.3,8938,Remoto
TECH_03519,2024,Sudeste,SP,Product Manager (PM),Product & Agile,Junior,1,Masculino,0.5,5546,Hibrido
TECH_03520,2022,Sul,RS,DevOps & Cloud Specialist,Cloud & Infrastructure,Pleno,2,Masculino,4.2,10555,Remoto
TECH_03521,2024,Sudeste,RJ,Cientista de Dados,Data & AI,Senior,3,Masculino,8.6,19044,Hibrido
TECH_03522,2024,Nordeste,BA,Especialista em Ciberseguranca,Security,Pleno,2,Masculino,6.1,10693,Hibrido
TECH_03523,2022,Sudeste,RJ,Engenheira(o) de Software,Software Engineering,Pleno,2,Masculino,3.7,8956,Remoto
TECH_03524,2024,Sul,RS,Engenheira(o) de Dados,Data & AI,Senior,3,Masculino,7.1,18625,Remoto
TECH_03525,2021,Sudeste,SP,Especialista em Ciberseguranca,Security,Junior,1,Feminino,0.5,4609,Remoto
TECH_03526,2024,Sudeste,SP,Tech Lead / Engineering Manager,Leadership & Management,Junior,1,Masculino,0.8,5723,Hibrido
TECH_03527,2021,Sul,RS,Analista de Dados / BI,Data & AI,Junior,1,Masculino,2.5,4758,Presencial
TECH_03528,2023,Nordeste,CE,Cientista de Dados,Data & AI,Lead / Staff Specialist,4,Masculino,11.8,26635,Presencial
TECH_03529,2021,Sudeste,RJ,Analista de Dados / BI,Data & AI,Pleno,2,Masculino,4.7,9675,Remoto
TECH_03530,2022,Sul,RS,Engenheira(o) de Dados,Data & AI,Senior,3,Masculino,8.5,19378,Presencial
TECH_03531,2022,Sudeste,SP,Engenheira(o) de Software,Software Engineering,Pleno,2,Masculino,3.9,10718,Hibrido
TECH_03532,2021,Norte,AM,Especialista em Ciberseguranca,Security,Lead / Staff Specialist,4,Masculino,9.0,23331,Remoto
TECH_03533,2023,Centro-Oeste,DF,Cientista de Dados,Data & AI,Diretoria / C-Level,5,Masculino,12.3,39887,Presencial
TECH_03534,2021,Sudeste,RJ,Product Manager (PM),Product & Agile,Lead / Staff Specialist,4,Masculino,9.0,20922,Remoto
TECH_03535,2021,Centro-Oeste,DF,Analista de Dados / BI,Data & AI,Senior,3,Masculino,5.7,16531,Hibrido
TECH_03536,2024,Sudeste,RJ,Cientista de Dados,Data & AI,Pleno,2,Masculino,5.1,11666,Hibrido
TECH_03537,2022,Sul,PR,Especialista em Ciberseguranca,Security,Senior,3,Feminino,5.6,14081,Hibrido
TECH_03538,2022,Nordeste,PE,Analista de Dados / BI,Data & AI,Lead / Staff Specialist,4,Masculino,12.2,25009,Hibrido
TECH_03539,2024,Sudeste,SP,Tech Lead / Engineering Manager,Leadership & Management,Senior,3,Masculino,7.9,21689,Presencial
TECH_03540,2022,Sudeste,MG,Cientista de Dados,Data & AI,Diretoria / C-Level,5,Masculino,15.1,34340,Remoto
TECH_03541,2022,Sudeste,RJ,Tech Lead / Engineering Manager,Leadership & Management,Pleno,2,Feminino,2.8,8676,Remoto
TECH_03542,2021,Sudeste,MG,Engenheira(o) de Dados,Data & AI,Pleno,2,Masculino,2.8,8980,Hibrido
TECH_03543,2022,Nordeste,BA,DevOps & Cloud Specialist,Cloud & Infrastructure,Diretoria / C-Level,5,Masculino,14.2,41971,Remoto
TECH_03544,2023,Centro-Oeste,GO,Engenheira(o) de Software,Software Engineering,Junior,1,Masculino,1.9,5700,Presencial
TECH_03545,2021,Sul,SC,Product Manager (PM),Product & Agile,Lead / Staff Specialist,4,Masculino,9.8,23439,Remoto
TECH_03546,2022,Sudeste,MG,Engenheira(o) de Software,Software Engineering,Pleno,2,Masculino,5.1,10926,Hibrido
TECH_03547,2024,Nordeste,PE,DevOps & Cloud Specialist,Cloud & Infrastructure,Junior,1,Masculino,0.5,5869,Remoto
TECH_03548,2021,Sudeste,RJ,DevOps & Cloud Specialist,Cloud & Infrastructure,Junior,1,Feminino,0.5,3834,Remoto
TECH_03549,2022,Sudeste,SP,Analista de Dados / BI,Data & AI,Junior,1,Masculino,2.8,4771,Remoto
TECH_03550,2023,Sul,PR,DevOps & Cloud Specialist,Cloud & Infrastructure,Junior,1,Feminino,2.3,4769,Presencial
TECH_03551,2024,Sudeste,RJ,Tech Lead / Engineering Manager,Leadership & Management,Pleno,2,Masculino,3.0,11879,Hibrido
TECH_03552,2022,Sudeste,SP,Cientista de Dados,Data & AI,Junior,1,Feminino,4.1,5046,Remoto
TECH_03553,2021,Centro-Oeste,GO,DevOps & Cloud Specialist,Cloud & Infrastructure,Pleno,2,Masculino,2.6,9234,Remoto
TECH_03554,2023,Nordeste,CE,Especialista em Ciberseguranca,Security,Lead / Staff Specialist,4,Masculino,10.4,27624,Remoto
TECH_03555,2022,Norte,AM,Engenheira(o) de Dados,Data & AI,Junior,1,Feminino,2.2,4524,Remoto
TECH_03556,2023,Centro-Oeste,GO,Product Manager (PM),Product & Agile,Senior,3,Masculino,8.6,20796,Remoto
TECH_03557,2022,Sudeste,SP,Engenheira(o) de Software,Software Engineering,Senior,3,Feminino,7.7,13390,Hibrido
TECH_03558,2022,Sudeste,RJ,DevOps & Cloud Specialist,Cloud & Infrastructure,Junior,1,Masculino,0.5,4810,Remoto
TECH_03559,2023,Sudeste,MG,Cientista de Dados,Data & AI,Junior,1,Masculino,0.5,5608,Hibrido
TECH_03560,2022,Sul,RS,Product Manager (PM),Product & Agile,Pleno,2,Masculino,4.2,9691,Remoto
TECH_03561,2022,Sudeste,RJ,Product Manager (PM),Product & Agile,Senior,3,Feminino,9.3,16826,Remoto
TECH_03562,2022,Norte,AM,Especialista em Ciberseguranca,Security,Lead / Staff Specialist,4,Masculino,11.0,28567,Remoto
TECH_03563,2023,Nordeste,BA,Cientista de Dados,Data & AI,Junior,1,Masculino,0.5,4647,Remoto
TECH_03564,2022,Norte,AM,Product Manager (PM),Product & Agile,Pleno,2,Feminino,2.1,7482,Remoto
TECH_03565,2023,Sudeste,RJ,Cientista de Dados,Data & AI,Senior,3,Masculino,8.5,17611,Hibrido
TECH_03566,2022,Sudeste,RJ,Especialista em Ciberseguranca,Security,Pleno,2,Masculino,2.8,8000,Remoto
TECH_03567,2023,Sudeste,MG,Cientista de Dados,Data & AI,Lead / Staff Specialist,4,Masculino,10.9,27850,Remoto
TECH_03568,2021,Sudeste,MG,DevOps & Cloud Specialist,Cloud & Infrastructure,Senior,3,Masculino,7.0,15391,Remoto
TECH_03569,2024,Nordeste,CE,Engenheira(o) de Software,Software Engineering,Junior,1,Masculino,1.9,5234,Hibrido
TECH_03570,2023,Sudeste,SP,Engenheira(o) de Dados,Data & AI,Senior,3,Masculino,9.7,17059,Remoto
TECH_03571,2021,Nordeste,BA,Cientista de Dados,Data & AI,Senior,3,Masculino,9.4,16869,Presencial
TECH_03572,2024,Centro-Oeste,GO,Analista de Dados / BI,Data & AI,Senior,3,Masculino,7.3,19188,Hibrido
TECH_03573,2021,Sudeste,MG,Engenheira(o) de Dados,Data & AI,Pleno,2,Masculino,5.5,7129,Remoto
TECH_03574,2022,Sudeste,SP,Especialista em Ciberseguranca,Security,Pleno,2,Masculino,3.3,10293,Remoto
TECH_03575,2022,Centro-Oeste,GO,DevOps & Cloud Specialist,Cloud & Infrastructure,Junior,1,Feminino,0.8,4237,Remoto
TECH_03576,2024,Sudeste,SP,Product Manager (PM),Product & Agile,Junior,1,Feminino,0.7,5007,Remoto
TECH_03577,2024,Sudeste,SP,Especialista em Ciberseguranca,Security,Junior,1,Masculino,3.2,6217,Remoto
TECH_03578,2024,Sudeste,MG,Especialista em Ciberseguranca,Security,Senior,3,Masculino,6.8,17551,Remoto
TECH_03579,2023,Sul,SC,Cientista de Dados,Data & AI,Pleno,2,Masculino,2.6,9614,Hibrido
TECH_03580,2023,Sudeste,SP,Engenheira(o) de Dados,Data & AI,Senior,3,Masculino,8.8,22147,Hibrido
TECH_03581,2022,Nordeste,PE,Product Manager (PM),Product & Agile,Pleno,2,Masculino,3.0,8814,Presencial
TECH_03582,2021,Sudeste,SP,Product Manager (PM),Product & Agile,Pleno,2,Masculino,4.5,7117,Hibrido
TECH_03583,2023,Sul,PR,Tech Lead / Engineering Manager,Leadership & Management,Senior,3,Feminino,8.3,14342,Remoto
TECH_03584,2023,Sudeste,SP,Cientista de Dados,Data & AI,Diretoria / C-Level,5,Masculino,15.0,43749,Hibrido
TECH_03585,2023,Sul,RS,Cientista de Dados,Data & AI,Senior,3,Feminino,7.8,16776,Hibrido
TECH_03586,2021,Centro-Oeste,DF,DevOps & Cloud Specialist,Cloud & Infrastructure,Senior,3,Masculino,8.8,18927,Remoto
TECH_03587,2023,Sudeste,MG,Product Manager (PM),Product & Agile,Senior,3,Masculino,8.0,15186,Remoto
TECH_03588,2021,Sudeste,SP,Engenheira(o) de Software,Software Engineering,Junior,1,Masculino,3.3,4607,Presencial
TECH_03589,2024,Sudeste,SP,Cientista de Dados,Data & AI,Junior,1,Masculino,3.0,5304,Remoto
TECH_03590,2024,Sudeste,SP,Product Manager (PM),Product & Agile,Pleno,2,Masculino,3.4,12415,Hibrido
TECH_03591,2024,Nordeste,CE,Engenheira(o) de Dados,Data & AI,Pleno,2,Feminino,4.7,9416,Remoto
TECH_03592,2024,Centro-Oeste,DF,Tech Lead / Engineering Manager,Leadership & Management,Junior,1,Masculino,2.3,5289,Remoto
TECH_03593,2022,Sudeste,SP,Engenheira(o) de Dados,Data & AI,Pleno,2,Masculino,4.8,10813,Remoto
TECH_03594,2024,Sudeste,RJ,Tech Lead / Engineering Manager,Leadership & Management,Senior,3,Masculino,9.3,20291,Hibrido
TECH_03595,2024,Sul,RS,Especialista em Ciberseguranca,Security,Junior,1,Masculino,0.8,5897,Remoto
TECH_03596,2021,Sul,SC,Especialista em Ciberseguranca,Security,Pleno,2,Masculino,5.8,8828,Remoto
TECH_03597,2022,Sul,RS,Product Manager (PM),Product & Agile,Junior,1,Masculino,3.6,4928,Remoto
TECH_03598,2023,Sudeste,RJ,Cientista de Dados,Data & AI,Junior,1,Masculino,2.4,5809,Hibrido
TECH_03599,2021,Sudeste,MG,Analista de Dados / BI,Data & AI,Senior,3,Masculino,5.2,16848,Hibrido
TECH_03600,2023,Sudeste,MG,Analista de Dados / BI,Data & AI,Junior,1,Masculino,1.5,5099,Hibrido
